line,idx,word,start,end,status
0,0,manx,0.00,0.48,aligned
0,1,radio,0.48,0.93,aligned
0,2,podcast,0.93,1.77,aligned
0,3,power,2.04,2.37,aligned
0,4,baie,2.37,2.67,aligned
0,5,shoh,2.67,3.27,aligned
1,0,lhig,13.27,13.42,aligned
1,1,dooin,13.42,13.60,aligned
1,2,goaill,13.60,13.84,aligned
1,3,toshiaght,13.84,14.29,aligned
1,4,er,14.29,14.47,aligned
1,5,phodcast,14.47,15.01,aligned
1,6,shoh,15.01,15.37,aligned
1,7,abbyr,15.55,15.82,aligned
1,8,shen,15.82,16.09,aligned
1,9,reesht,16.09,16.48,aligned
1,10,lesh,16.81,16.99,aligned
1,11,meeryn,16.99,17.29,aligned
1,12,sy,17.29,17.50,aligned
1,13,ghaelg,17.50,17.92,aligned
1,14,ass,17.98,18.22,aligned
1,15,shiaght,18.22,18.67,aligned
1,16,laa,18.67,19.06,aligned
2,0,she,19.63,19.87,aligned
2,1,maralyn,19.87,20.29,aligned
2,2,crellin,20.29,20.74,aligned
2,3,ta,20.86,20.98,aligned
2,4,chebbal,20.98,21.58,aligned
2,5,y,21.58,21.64,aligned
2,6,chur,21.64,21.94,aligned
2,7,magh,21.94,22.21,aligned
2,8,shoh,22.21,22.54,aligned
2,9,jeh'n,22.54,22.81,aligned
2,10,claare,22.81,23.26,aligned
3,0,cheayll,29.56,29.77,aligned
3,1,shin,29.77,30.04,aligned
3,2,ayns,30.04,30.25,aligned
3,3,shiaght,30.25,30.58,aligned
3,4,laa,30.58,30.85,aligned
3,5,yn,30.85,30.91,aligned
3,6,cheayrt,30.91,31.21,aligned
3,7,sjerree,31.21,31.75,aligned
3,8,ta,32.20,32.32,aligned
3,9,sheshaght,32.32,32.92,aligned
3,10,vardaght,32.92,33.46,aligned
3,11,ellan,33.46,33.85,aligned
3,12,vannin,33.85,34.24,aligned
4,0,bardagh,35.77,36.25,aligned
4,1,trooid,36.25,36.58,aligned
4,2,y,36.58,36.67,aligned
4,3,quaaltyssyn,36.67,37.30,aligned
4,4,meoir,37.30,37.81,aligned
5,0,t'ee,38.38,38.53,aligned
5,1,cur,38.53,38.83,aligned
5,2,magh,38.83,39.16,aligned
5,3,jeelym,39.16,39.73,aligned
5,4,jeh,39.73,39.97,aligned
5,5,obbyr,40.00,40.39,aligned
5,6,ny,40.39,40.54,aligned
5,7,olteynyn,40.60,41.26,aligned
5,8,daa,41.62,41.92,aligned
5,9,cheayrt,41.92,42.25,aligned
5,10,sy,42.25,42.43,aligned
5,11,vlein,42.43,42.85,aligned
5,12,sy,43.21,43.39,aligned
5,13,tourey,43.39,43.99,aligned
5,14,as,44.05,44.32,aligned
5,15,giarrey,44.44,44.98,aligned
6,0,cassanyn,46.42,46.87,aligned
6,1,bardagh,46.87,47.59,aligned
6,2,raad,48.07,48.49,aligned
6,3,foddee,48.49,48.82,aligned
6,4,sleih,48.82,49.36,aligned
6,5,lhaih,49.57,49.84,aligned
6,6,daaneyn,49.84,50.41,aligned
6,7,er,50.71,50.86,aligned
6,8,posteyryn,50.86,51.64,aligned
6,9,bwooiagh,51.64,52.03,aligned
6,10,yiow,52.03,52.42,aligned
6,11,ennys,52.63,53.08,aligned
6,12,skeayley,53.08,53.62,aligned
6,13,mygeayrt,53.62,54.10,aligned
6,14,ayns,54.16,54.37,aligned
6,15,ymmodee,54.37,54.79,aligned
6,16,buill,54.79,55.09,aligned
6,17,theayagh,55.09,55.72,aligned
7,0,neayrs,56.89,57.37,aligned
7,1,daa,57.37,57.61,aligned
7,2,housane,57.61,58.12,aligned
7,3,as,58.12,58.24,aligned
7,4,kiare,58.24,58.57,aligned
7,5,jeig,58.57,58.93,aligned
7,6,ta,59.32,59.47,aligned
7,7,cohirrey,59.47,60.07,aligned
7,8,bleinoil,60.07,60.64,aligned
7,9,er,60.64,60.73,aligned
7,10,ve,60.73,61.00,aligned
7,11,ayn,61.00,61.30,aligned
7,12,dy,61.57,61.69,aligned
7,13,phointeil,61.69,62.35,aligned
7,14,bad,62.35,62.68,aligned
7,15,vannin,62.68,63.16,aligned
8,0,she,63.76,63.97,aligned
8,1,ga,66.01,66.28,aligned
8,2,dy,66.28,66.43,aligned
8,3,dooar,66.43,66.70,aligned
8,4,eshyn,66.70,67.18,aligned
8,5,baase,67.18,67.63,aligned
8,6,ayns,67.69,67.87,aligned
8,7,hoght,67.87,68.14,aligned
8,8,cheead,68.14,68.38,aligned
8,9,jeig,68.38,68.62,aligned
8,10,kiare,68.62,68.92,aligned
8,11,feed,68.92,69.16,aligned
8,12,as,69.16,69.37,aligned
8,13,shiaght-jeig,69.37,70.06,aligned
8,14,son,70.06,70.33,aligned
8,15,shickyrys,70.33,70.96,aligned
9,0,neayr's,71.89,72.25,aligned
9,1,shen,72.25,72.67,aligned
9,2,ta,72.67,72.94,aligned
9,3,ve,72.94,73.15,aligned
9,4,nuy,73.15,73.54,aligned
9,5,vannin,74.14,74.50,aligned
9,6,bio,74.50,74.95,aligned
9,7,ayn,74.95,75.31,aligned
10,0,as,75.85,76.06,aligned
10,1,va,76.06,76.15,aligned
10,2,juan,76.15,76.60,aligned
10,3,kennaugh,76.60,77.17,aligned
10,4,currit,77.20,77.59,aligned
10,5,syn,77.59,77.77,aligned
10,6,oik,77.77,77.95,aligned
10,7,shen,77.95,78.34,aligned
10,8,mean,78.58,78.88,aligned
10,9,fouyr,78.88,79.42,aligned
10,10,nane,79.57,79.90,aligned
10,11,jeigoo,79.90,80.41,aligned
10,12,vad,80.41,80.74,aligned
10,13,vannin,80.74,81.25,aligned
11,0,neayrs,82.00,82.42,aligned
11,1,da,82.42,82.66,aligned
11,2,as,82.66,82.90,aligned
11,3,enmys,82.90,83.20,aligned
11,4,nuy-jeig,83.20,83.89,aligned
11,5,bad,84.19,84.52,aligned
11,6,aeg,84.52,84.85,aligned
11,7,vannin,84.85,85.27,aligned
11,8,er,85.27,85.36,aligned
11,9,ve,85.36,85.60,aligned
11,10,ayn,85.60,85.84,aligned
11,11,neayrs,85.84,86.35,aligned
12,0,nyn,88.36,88.51,aligned
12,1,beealag,88.51,88.99,aligned
12,2,foast,88.99,89.47,aligned
12,3,goll,89.50,89.74,aligned
12,4,er,89.74,89.83,aligned
12,5,cummal,89.86,90.19,aligned
12,6,dy,90.19,90.37,aligned
12,7,mennick,90.37,90.79,aligned
12,8,raad,91.12,91.39,aligned
12,9,foddee,91.51,91.78,aligned
12,10,sleih,91.78,92.17,aligned
12,11,shassoo,92.17,92.59,aligned
12,12,seose,92.59,93.01,aligned
12,13,as,93.16,93.34,aligned
12,14,lhaih,93.34,93.73,aligned
12,15,nyn,93.73,93.94,aligned
12,16,maddaght,93.94,94.66,aligned
13,0,as,95.17,95.41,aligned
13,1,ta,95.41,95.56,aligned
13,2,bwoalley,95.56,95.98,aligned
13,3,chyndaader,95.98,96.64,aligned
13,4,ayn,96.85,97.12,aligned
13,5,cohirraghyn,97.51,98.32,aligned
13,6,ayndaue,98.44,98.95,aligned
13,7,ta'n,98.95,99.22,aligned
13,8,trimmid,99.22,99.67,aligned
13,9,er,100.03,100.21,aligned
13,10,yn,100.21,100.33,aligned
13,11,aght,100.33,100.54,aligned
13,12,ta,100.54,100.66,aligned
13,13,sleih,100.66,101.05,aligned
13,14,soilshaghey,101.05,101.74,aligned
13,15,magh,101.74,102.10,aligned
13,16,nyn,102.10,102.28,aligned
13,17,obbyr,102.28,102.64,aligned
13,18,cloie,103.06,103.66,aligned
13,19,as,103.78,103.93,aligned
13,20,lane,103.93,104.26,aligned
13,21,dy,104.26,104.38,aligned
13,22,vree,104.38,104.80,aligned
14,0,ayns,105.88,106.12,aligned
14,1,ymmodee,106.12,106.57,aligned
14,2,aghtyn,106.57,107.14,aligned
14,3,ta,107.29,107.44,aligned
14,4,bardagh,107.44,108.10,aligned
14,5,na,108.10,108.25,aligned
14,6,ad,108.28,108.55,aligned
14,7,feer,108.55,108.91,aligned
14,8,vooar,108.91,109.21,aligned
14,9,jeh,109.21,109.51,aligned
14,10,cultoor,109.54,110.20,aligned
14,11,ayns,110.20,110.47,aligned
14,12,mannin,110.47,110.89,aligned
15,0,undinys,117.25,117.76,aligned
15,1,eiraght,117.76,118.33,aligned
15,2,vannin,118.33,118.78,aligned
15,3,currit,118.90,119.26,aligned
15,4,er,119.26,119.38,aligned
15,5,bun,119.38,119.68,aligned
15,6,liorish,119.68,120.13,aligned
15,7,slattys,120.13,120.82,aligned
16,0,as,121.24,121.39,aligned
16,1,nuy,121.39,121.72,aligned
16,2,cheead,121.72,121.99,aligned
16,3,jeig,121.99,122.32,aligned
16,4,kiare,122.32,122.62,aligned
16,5,feed,122.62,122.89,aligned
16,6,as,122.89,123.10,aligned
16,7,jees,123.10,123.58,aligned
17,0,as,124.09,124.30,aligned
17,1,aas,124.30,124.75,aligned
17,2,hie,124.87,125.11,aligned
17,3,ad,125.32,125.50,aligned
17,4,yn,125.50,125.62,aligned
17,5,ennym,125.62,125.98,aligned
17,6,t'eh,126.25,126.43,aligned
17,7,gobbraghey,126.43,127.15,aligned
17,8,da,127.36,127.51,aligned
17,9,cultoor,127.51,128.02,aligned
17,10,vannin,128.02,128.44,aligned
17,11,ayns,128.65,128.92,aligned
17,12,daa,128.92,129.22,aligned
17,13,housane,129.22,129.70,aligned
17,14,as,129.70,129.82,aligned
17,15,kiare-jeig,129.82,130.51,aligned
18,0,ta'n,131.08,131.26,aligned
18,1,cheshaght,131.26,131.86,aligned
18,2,dy,131.86,131.98,aligned
18,3,ve,131.98,132.19,aligned
18,4,kianlt,132.19,132.55,aligned
18,5,rish,132.61,132.79,aligned
18,6,ymmodee,132.79,133.21,aligned
18,7,cooishyn,133.21,133.66,aligned
18,8,car,133.66,133.90,aligned
18,9,ny,133.90,134.02,aligned
18,10,bleeantyn,134.02,134.47,aligned
18,11,shen,134.47,134.89,aligned
19,0,aye,135.88,136.21,aligned
19,1,lhiasaghey,136.54,137.29,aligned
19,2,as,137.50,137.68,aligned
19,3,jannoo,137.68,138.04,aligned
19,4,ardeailley,138.04,138.82,aligned
19,5,jeh,138.82,139.03,aligned
19,6,cultoor,139.03,139.51,aligned
19,7,vannin,139.51,139.96,aligned
19,8,ayns,140.08,140.29,aligned
19,9,ram,140.29,140.65,aligned
19,10,sorch,140.65,141.13,aligned
19,11,dy,141.13,141.25,aligned
19,12,cho,141.28,141.46,aligned
19,13,myghin,141.46,141.91,aligned
19,14,as,142.36,142.54,aligned
19,15,cur,142.54,142.75,aligned
19,16,cooney,142.75,143.17,aligned
19,17,da,143.17,143.41,aligned
19,18,sleih,143.41,143.74,aligned
19,19,dy,143.74,143.89,aligned
19,20,ronsaghey,143.89,144.64,aligned
20,0,ta,144.97,145.15,aligned
20,1,mac,145.15,145.42,aligned
20,2,lioaryn,145.45,146.08,aligned
20,3,as,146.14,146.29,aligned
20,4,recortyssyn,146.29,147.13,aligned
20,5,dy,147.58,147.67,aligned
20,6,ghoaill,147.67,147.97,aligned
20,7,ayrn,147.97,148.27,aligned
20,8,ayns,148.27,148.48,aligned
20,9,aght,148.48,148.81,aligned
20,10,ennagh,148.81,149.32,aligned
20,11,as,149.38,149.62,aligned
20,12,foddey,149.62,149.98,aligned
20,13,ny,149.98,150.10,aligned
20,14,smoo,150.10,150.61,aligned
21,0,rish,151.42,151.63,aligned
21,1,ny,151.63,151.75,aligned
21,2,bleeantyn,151.75,152.17,aligned
21,3,smoo,152.17,152.44,aligned
21,4,jeianagh,152.44,153.22,aligned
21,5,ta,153.34,153.52,aligned
21,6,ynnydeggey,153.55,154.15,aligned
21,7,cultoor,154.18,154.72,aligned
21,8,vannin,154.72,155.11,aligned
21,9,er,155.26,155.35,aligned
21,10,jeet,155.35,155.68,aligned
21,11,dy,155.68,155.83,aligned
21,12,ve,155.83,156.04,aligned
22,0,lane,157.36,157.75,aligned
22,1,dy,157.75,157.90,aligned
22,2,ysseree,157.90,158.41,aligned
22,3,as,158.83,158.98,aligned
22,4,aynjee,158.98,159.46,aligned
22,5,ta,159.46,159.64,aligned
23,0,recortyssyn,160.69,161.41,aligned
23,1,sheean,161.41,161.95,aligned
23,2,cochaslyssyn,162.25,163.27,aligned
23,3,as,163.66,163.84,aligned
23,4,saaseyn,163.84,164.44,aligned
23,5,da,164.44,164.71,aligned
23,6,sleih,164.71,165.07,aligned
23,7,dy,165.07,165.19,aligned
23,8,ynsaghey,165.22,165.79,aligned
23,9,caghlaaghyn,165.79,166.45,aligned
23,10,keint,166.45,166.75,aligned
23,11,dy,166.87,166.99,aligned
23,12,reddyn,166.99,167.35,aligned
23,13,mychione,167.74,168.28,aligned
23,14,mannin,168.28,168.64,aligned
23,15,as,168.64,168.94,aligned
24,0,phooar,169.30,169.81,aligned
24,1,rish,176.56,176.89,aligned
24,2,geddyn,176.89,177.22,aligned
24,3,smoo,177.22,177.55,aligned
24,4,fysserree,177.55,178.18,aligned
24,5,er,178.18,178.27,aligned
24,6,cultoor,178.27,178.84,aligned
24,7,ellan,178.84,179.23,aligned
24,8,vannin,179.23,179.65,aligned
25,0,jannoo,180.16,180.55,aligned
25,1,shen,180.55,180.94,aligned
25,2,er-yn-oyr,181.03,181.51,aligned
25,3,dy,181.51,181.63,aligned
25,4,vel,181.63,181.81,aligned
25,5,ad,181.81,181.96,aligned
25,6,goaill,181.96,182.29,aligned
25,7,soylley,182.29,182.83,aligned
25,8,jeh,182.83,183.16,aligned
25,9,ny,183.16,183.28,aligned
25,10,t'ad,183.28,183.55,aligned
25,11,jannoo,183.58,184.06,aligned
25,12,t'ad,184.51,184.72,aligned
25,13,goaill,184.72,185.02,aligned
25,14,soylley,185.02,185.56,aligned
25,15,jeh,185.56,185.80,aligned
25,16,jeeaghyn,185.86,186.34,aligned
25,17,er,186.34,186.52,aligned
25,18,yn,186.52,186.64,aligned
25,19,eanish,186.64,187.18,aligned
25,20,veih,187.18,187.42,aligned
25,21,ymmodee,187.45,187.81,aligned
25,22,sorch,187.81,188.23,aligned
25,23,dy,188.23,188.41,aligned
25,24,heuyn,188.41,188.92,aligned
26,0,foddee,189.67,190.09,aligned
26,1,yn,190.15,190.30,aligned
26,2,feanish,190.30,190.78,aligned
26,3,jeeaghyn,190.78,191.17,aligned
26,4,feer,191.17,191.47,aligned
26,5,anchasley,191.50,192.43,aligned
26,6,croghey,192.82,193.36,aligned
26,7,er,193.36,193.57,aligned
26,8,yn,193.57,193.69,aligned
26,9,eayst,193.69,193.96,aligned
26,10,ta,193.96,194.08,aligned
26,11,goll,194.08,194.32,aligned
26,12,er,194.32,194.41,aligned
26,13,feyshtey,194.44,195.07,aligned
27,0,as,196.15,196.36,aligned
27,1,fakin,196.36,196.87,aligned
27,2,red,196.87,197.08,aligned
27,3,ennagh,197.08,197.50,aligned
27,4,ass,197.50,197.71,aligned
27,5,y,197.71,197.80,aligned
27,6,noa,197.80,198.25,aligned
27,7,as,198.43,198.61,aligned
27,8,feddyn,198.61,199.03,aligned
27,9,yn,199.03,199.18,aligned
27,10,aght,199.18,199.42,aligned
27,11,t'eh,199.42,199.63,aligned
27,12,kiangley,199.63,200.14,aligned
27,13,rish,200.14,200.35,aligned
27,14,reddyn,200.35,200.62,aligned
27,15,elley,200.62,200.98,aligned
28,0,cur,201.28,201.67,aligned
28,1,taitnys,201.67,202.12,aligned
28,2,smoo,202.12,202.48,aligned
28,3,liorish,202.48,202.99,aligned
28,4,hene,202.99,203.41,aligned
28,5,myr,204.01,204.13,aligned
28,6,shen,204.13,204.61,aligned
29,0,yn,205.39,205.57,aligned
29,1,leagh,205.57,205.96,aligned
29,2,echey,205.96,206.23,aligned
29,3,hene,206.23,206.71,aligned
29,4,ny-yeih,207.43,207.88,aligned
29,5,shen,207.88,208.15,aligned
29,6,as,208.15,208.30,aligned
29,7,ooilliu,208.30,208.72,aligned
29,8,ec,209.02,209.20,aligned
29,9,y,209.20,209.23,aligned
29,10,traa,209.23,209.56,aligned
29,11,shoh,209.56,209.92,aligned
29,12,jeh'n,209.92,210.25,aligned
29,13,vlein,210.25,210.67,aligned
29,14,ta,211.00,211.12,aligned
29,15,cultoor,211.12,211.63,aligned
29,16,vannin,211.63,212.05,aligned
29,17,shirrey,212.05,212.59,aligned
29,18,er,212.65,212.80,aligned
29,19,heear,212.92,213.25,aligned
29,20,vannin,213.25,213.67,aligned
29,21,ta,213.91,214.03,aligned
29,22,enmys,214.09,214.54,aligned
29,23,sleih,214.54,214.96,aligned
29,24,dy,214.96,215.11,aligned
29,25,chosney,215.11,215.68,aligned
30,0,yn,215.80,215.92,aligned
30,1,aundyr,215.92,216.37,aligned
30,2,cultooroil,216.37,217.27,aligned
30,3,reih,217.75,218.02,aligned
30,4,bleeaney,218.02,218.38,aligned
30,5,vanannan,218.38,218.95,aligned
31,0,son,219.52,219.73,aligned
31,1,sleih,219.73,220.12,aligned
31,2,kianglt,220.12,220.66,aligned
31,3,ayns,220.66,220.93,aligned
31,4,aght,220.93,221.26,aligned
31,5,ennagh,221.26,221.71,aligned
31,6,rish,221.71,221.89,aligned
31,7,bea,221.89,222.25,aligned
31,8,chultooroil,222.25,222.91,aligned
31,9,vannin,222.91,223.39,aligned
32,0,heddyn,224.35,224.74,aligned
32,1,persoon,224.74,225.49,aligned
32,2,ennym,226.00,226.36,aligned
32,3,er,226.36,226.48,aligned
32,4,reih,226.48,226.78,aligned
32,5,bleeaney,226.78,227.17,aligned
32,6,vanannan,227.17,227.74,aligned
32,7,as,227.83,228.01,aligned
32,8,soilshaghey,228.01,228.67,aligned
32,9,magh,228.67,229.03,aligned
32,10,sy,229.51,229.66,aligned
32,11,vlein,229.66,229.99,aligned
32,12,noa,229.99,230.38,aligned
33,0,shiaght,232.51,232.90,aligned
33,1,laa,232.90,233.29,aligned
33,2,as,233.56,233.65,aligned
33,3,she,233.65,233.83,aligned
33,4,maralyn,233.83,234.28,aligned
33,5,crellin,234.28,234.64,aligned
33,6,va,234.79,234.88,aligned
33,7,chebbal,234.88,235.24,aligned
33,8,yn,235.24,235.36,aligned
33,9,claare,235.36,235.69,aligned
34,0,shoh,237.67,238.06,aligned
34,1,ayns,238.06,238.24,aligned
34,2,abbyr,238.24,238.48,aligned
34,3,shen,238.48,238.81,aligned
34,4,reesht,238.81,239.11,aligned
34,5,ta,239.11,239.23,aligned
34,6,shin,239.23,239.44,aligned
34,7,clashtyn,239.44,239.98,aligned
34,8,ny,239.98,240.10,aligned
34,9,ta,240.10,240.28,aligned
34,10,dooinney,240.28,240.64,aligned
34,11,quaiyl,240.73,241.12,aligned
35,0,eh,241.42,241.63,aligned
35,1,sy,241.63,241.81,aligned
35,2,chlaare,241.81,242.14,aligned
35,3,echey,242.14,242.47,aligned
35,4,kiaull,242.74,243.04,aligned
35,5,as,243.04,243.22,aligned
35,6,cooish,243.22,243.73,aligned
35,7,agh,244.15,244.30,aligned
35,8,cha,244.30,244.39,aligned
35,9,nel,244.39,244.51,aligned
35,10,shin,244.51,244.72,aligned
35,11,clashtyn,244.72,245.20,aligned
35,12,yn,245.20,245.32,aligned
35,13,kiaull,245.32,245.68,aligned
35,14,hene,245.77,246.13,aligned
36,0,claare,247.12,247.51,aligned
36,1,vees,247.51,247.72,aligned
36,2,goll,247.72,247.93,aligned
36,3,er,247.93,247.99,aligned
36,4,jannoo,247.99,248.44,aligned
36,5,eddyr,248.44,248.65,aligned
36,6,yn,248.65,248.71,aligned
36,7,bee,248.71,248.92,aligned
36,8,bee,248.92,249.07,aligned
36,9,shee,249.07,249.34,aligned
36,10,as,249.34,249.46,aligned
36,11,radio,249.46,249.85,aligned
36,12,vannin,249.85,250.39,aligned
37,0,as,250.99,251.14,aligned
37,1,t'eh,251.14,251.29,aligned
37,2,ry,251.29,251.41,aligned
37,3,chlashtyn,251.41,251.92,aligned
37,4,er,251.92,252.07,aligned
37,5,y,252.07,252.13,aligned
37,6,voggyl,252.13,252.55,aligned
37,7,am,252.91,253.09,aligned
37,8,threejeig,253.09,253.69,aligned
37,9,sheyadhoght,253.69,254.56,aligned
37,10,eddyr,254.80,255.04,aligned
37,11,queig,255.10,255.34,aligned
37,12,beeym,255.34,255.82,aligned
37,13,as,255.82,255.97,aligned
37,14,she,255.97,256.27,aligned
37,15,beeym,256.27,256.72,aligned
37,16,fastyr,257.02,257.41,aligned
37,17,jeheiney,257.41,258.01,aligned
38,0,shoh,258.88,259.15,aligned
38,1,dy,259.15,259.30,aligned
38,2,vel,260.59,260.68,aligned
38,3,oo,260.68,260.80,aligned
38,4,geaishtagh,260.80,261.43,aligned
38,5,rish,261.43,261.61,aligned
39,0,mish,269.23,269.59,aligned
39,1,dooinney,269.77,270.13,aligned
39,2,quaiyl,270.13,270.52,aligned
39,3,as,270.58,270.85,aligned
39,4,er,270.85,271.00,aligned
39,5,y,271.00,271.06,aligned
39,6,claare,271.06,271.36,aligned
39,7,fastyr,271.36,271.69,aligned
39,8,jiu,271.72,271.99,aligned
40,0,dy,272.65,272.77,aligned
40,1,kinjagh,272.86,273.49,aligned
40,2,kiaull,273.88,274.24,aligned
40,3,veih,274.24,274.60,aligned
40,4,feiy,274.75,275.23,aligned
40,5,ny,275.26,275.38,aligned
40,6,cruinney,275.38,275.80,aligned
41,0,ta,276.40,276.67,aligned
41,1,ta'n,277.21,277.39,aligned
41,2,phossan,277.39,277.81,aligned
41,3,er,279.82,280.00,aligned
41,4,as,280.09,280.39,aligned
42,0,finland,280.90,281.47,aligned
42,1,as,281.56,281.98,aligned
42,2,goaill,282.40,282.70,aligned
42,3,stiagh,282.70,283.30,aligned
42,4,kiaulleyderyn,283.48,284.20,aligned
42,5,lheids,284.32,284.74,aligned
43,0,hee,286.27,286.93,aligned
43,1,varrey,286.93,287.23,aligned
43,2,mie,289.42,289.72,aligned
43,3,eh,289.96,290.14,aligned
43,4,bannyn,292.33,292.69,aligned
44,0,bee,293.29,293.50,aligned
44,1,v'ee,293.50,293.74,aligned
44,2,armee,293.74,294.01,aligned
44,3,armee,295.00,295.18,aligned
44,4,armee,295.18,295.48,aligned
44,5,urree,297.58,298.03,aligned
44,6,ram,298.03,298.30,aligned
45,0,as,298.81,299.08,aligned
45,1,y,299.17,299.23,aligned
45,2,iu,299.23,299.50,aligned
45,3,feeyn,299.50,300.19,aligned
45,4,aym,301.72,301.99,aligned
45,5,as,302.26,302.53,aligned
45,6,s'liklee,302.65,303.13,aligned
45,7,dy,303.22,303.31,aligned
45,8,ren,303.31,303.40,aligned
45,9,mee,303.40,303.55,aligned
45,10,gra,303.55,304.06,aligned
45,11,ad-shen,304.18,304.54,aligned
46,0,garragh,305.41,305.95,aligned
46,1,so,306.28,306.55,aligned
46,2,shen,306.64,306.97,aligned
46,3,spoyrt,307.03,307.51,aligned
46,4,mie,307.60,307.99,aligned
46,5,aym,308.32,308.80,aligned
47,0,cre,309.31,309.94,aligned
47,1,elley,310.33,310.63,aligned
47,2,foddym,310.63,310.96,aligned
47,3,gra,310.96,311.23,aligned
47,4,well,311.23,311.44,aligned
47,5,haink,311.47,311.71,aligned
47,6,shen,311.71,311.92,aligned
47,7,magh,311.92,312.22,aligned
47,8,ayns,312.25,312.46,aligned
47,9,daa,312.46,312.67,aligned
47,10,housane,312.67,313.06,aligned
47,11,as,313.06,313.18,aligned
47,12,nuy,313.18,313.63,aligned
48,0,er,314.17,314.68,aligned
48,1,albin,314.92,315.28,aligned
48,2,enmyssit,315.31,315.79,aligned
48,3,as,316.06,316.39,aligned
48,4,ta,317.65,317.77,aligned
48,5,albym,317.80,318.25,aligned
48,6,noa,318.25,318.79,aligned
48,7,nish,319.09,319.48,aligned
48,8,enmyssit,319.54,320.14,aligned
48,9,daa,320.14,320.41,aligned
48,10,consent,320.68,321.22,aligned
49,0,yn,322.18,322.39,aligned
49,1,chied,322.39,322.84,aligned
49,2,albym,323.44,323.83,aligned
49,3,bio,323.83,324.22,aligned
49,4,t'ad,324.22,324.46,aligned
49,5,er,324.46,324.58,aligned
49,6,n'yannoo,324.58,324.97,aligned
50,0,as,326.47,326.95,aligned
50,1,t'eh,327.13,327.40,aligned
50,2,sheenal,327.49,327.88,aligned
50,3,yindyssagh,327.88,328.54,aligned
51,0,feeu,331.03,331.42,aligned
51,1,geaishtagh,331.51,332.05,aligned
51,2,rish,332.05,332.23,aligned
51,3,shen,332.23,332.47,aligned
51,4,consultancy,332.59,333.28,aligned
52,0,but,333.67,333.79,aligned
52,1,veih,333.88,334.21,aligned
52,2,mee,334.60,334.78,aligned
52,3,sound,334.90,335.44,aligned
52,4,system,335.56,336.04,aligned
52,5,as,336.31,336.52,aligned
52,6,ta,336.52,336.61,aligned
52,7,tooilley,336.61,336.91,aligned
52,8,fysserree,336.91,337.30,aligned
52,9,ayd,337.33,337.54,aligned
53,0,stamp,338.29,338.50,aligned
53,1,ponk,338.53,338.77,aligned
53,2,eh,338.83,338.98,aligned
53,3,eie,339.19,339.58,aligned
53,4,lhig,340.63,340.84,aligned
53,5,dooin,340.84,341.05,aligned
53,6,goll,341.05,341.20,aligned
53,7,er,341.20,341.35,aligned
53,8,nish,341.35,341.62,aligned
53,9,lesh,341.68,341.92,aligned
53,10,paart,341.92,342.10,aligned
53,11,dy,342.10,342.16,aligned
53,12,hiaull,342.19,342.52,aligned
53,13,eddyr,342.55,342.73,aligned
53,14,cheltiagh,342.73,343.30,aligned
53,15,veih,343.57,343.87,aligned
53,16,ee,343.93,344.11,aligned
53,17,mar,344.11,344.47,aligned
53,18,veih,344.92,345.37,aligned
53,19,ee,345.52,345.73,aligned
53,20,magher,345.73,346.18,aligned
53,21,shen,346.42,346.90,aligned
54,0,bainney,347.65,347.98,aligned
54,1,as,347.98,348.25,aligned
54,2,veih'n,348.52,348.76,aligned
54,3,albym,348.76,349.06,aligned
54,4,oc,349.06,349.30,aligned
54,5,haink,349.48,350.29,aligned
54,6,magh,350.29,350.62,aligned
54,7,y,350.77,351.04,aligned
54,8,vlein,351.04,351.40,aligned
54,9,shoh,351.40,351.82,aligned
54,10,chaie,351.82,352.30,aligned
54,11,as,352.78,353.23,aligned
54,12,my,353.23,353.38,aligned
54,13,ta,353.38,353.47,aligned
54,14,shiu,353.47,353.65,aligned
54,15,laccal,353.65,353.92,aligned
54,16,fakin,353.92,354.61,aligned
55,0,foddee,355.84,356.05,aligned
55,1,shiu,356.05,356.20,aligned
55,2,goll,356.20,356.38,aligned
55,3,dys,356.38,356.59,aligned
55,4,kianglaghyn,356.59,357.19,aligned
55,5,celtiagh,357.19,357.82,aligned
55,6,yn,357.85,358.06,aligned
55,7,feailley,358.06,358.57,aligned
55,8,ta,358.57,358.72,aligned
55,9,taghyrt,358.72,359.26,aligned
55,10,ayns,359.32,359.74,aligned
56,0,glass,360.97,361.42,aligned
56,1,ghoo,361.42,361.78,aligned
56,2,ayns,361.81,362.08,aligned
56,3,nalbin,362.08,362.56,aligned
56,4,as,362.98,363.37,aligned
56,5,fakin,363.46,363.97,aligned
56,6,ad,363.97,364.18,aligned
56,7,er,364.24,364.45,aligned
56,8,yn,364.45,364.60,aligned
56,9,wheiggoo,364.60,365.08,aligned
56,10,laa,365.08,365.41,aligned
56,11,as,365.44,365.77,aligned
56,12,feed,365.86,366.37,aligned
56,13,jeh'n,366.73,367.03,aligned
56,14,vlein,367.03,367.51,aligned
56,15,noa,367.63,368.08,aligned
56,16,bee,368.50,368.62,aligned
56,17,ad,368.62,368.77,aligned
56,18,ayns,368.80,369.04,aligned
56,19,yn,369.25,369.31,aligned
56,20,illiam,369.34,369.76,aligned
56,21,fee,369.76,370.00,aligned
56,22,attey,370.00,370.30,aligned
56,23,t'eh,370.51,370.69,aligned
56,24,enmyssit,370.69,371.17,aligned
57,0,ta,371.02,371.20,aligned
57,1,mee,372.22,372.31,aligned
57,2,credjal,372.31,372.76,aligned
57,3,dy,372.76,372.85,aligned
57,4,vel,372.85,373.06,aligned
57,5,shen,373.06,373.45,aligned
58,0,er,374.98,375.22,aligned
58,1,bayr,375.37,375.79,aligned
58,2,renfield,375.79,376.75,aligned
58,3,straid,376.96,377.38,aligned
58,4,renfield,377.38,378.25,aligned
58,5,ren,378.70,379.00,aligned
59,0,red,379.54,379.66,aligned
59,1,ennagh,379.66,379.90,aligned
59,2,myr,379.90,380.02,aligned
59,3,shen,380.02,380.26,aligned
59,4,renfield,380.68,381.22,aligned
59,5,erlhiams,381.70,382.09,aligned
60,0,er,382.66,382.90,aligned
60,1,as,382.99,383.29,aligned
60,2,foddee,383.38,383.56,aligned
60,3,shiu,383.56,383.68,aligned
60,4,fakin,383.68,384.07,aligned
60,5,ad,384.07,384.28,aligned
60,6,ayns,384.40,384.67,aligned
60,7,shen,384.67,385.09,aligned
61,0,marish,385.81,386.32,aligned
61,1,malo,386.41,386.95,aligned
61,2,lewis,387.10,387.61,aligned
61,3,ta,387.73,387.91,aligned
61,4,cleigh,387.91,388.27,aligned
61,5,ny,388.33,388.48,aligned
61,6,piobyn,388.57,389.08,aligned
61,7,as,389.56,390.34,aligned
62,0,cre,391.90,392.11,aligned
62,1,elley,392.11,392.38,aligned
62,2,as,394.21,394.51,aligned
62,3,cha,394.51,394.60,aligned
62,4,bee,394.60,394.78,aligned
62,5,yn,394.78,394.87,aligned
62,6,chuirrey,394.87,395.17,aligned
62,7,chiaullee,395.20,395.50,aligned
62,8,shen,395.50,395.80,aligned
62,9,lane,395.98,396.31,aligned
62,10,feeu,396.34,396.67,aligned
63,0,nod,397.84,398.02,aligned
63,1,oo,398.02,398.08,aligned
63,2,clashtyn,398.08,398.47,aligned
63,3,yn,398.47,398.56,aligned
63,4,sheean,398.56,398.80,aligned
63,5,shen,398.80,399.01,aligned
63,6,foddee,400.51,400.72,aligned
63,7,dy,400.72,400.81,aligned
63,8,vel,400.81,400.96,aligned
63,9,ad,400.96,401.11,aligned
63,10,uss,401.11,401.29,aligned
63,11,mish,401.29,401.56,aligned
63,12,agh,401.56,401.89,aligned
63,13,foddym,402.10,402.34,aligned
63,14,clashtyn,402.34,402.79,aligned
63,15,sheean,402.79,403.21,aligned
63,16,quaagh,403.21,403.75,aligned
64,0,curjee,404.56,405.01,aligned
64,1,fyss,405.01,405.22,aligned
64,2,dou,406.27,406.72,aligned
64,3,ta,407.41,407.59,aligned
64,4,shin,407.59,407.98,aligned
65,0,er,408.67,408.85,aligned
65,1,neaishtagh,408.85,409.39,aligned
65,2,rish,409.42,409.66,aligned
65,3,ee,409.75,409.90,aligned
65,4,mar,409.90,410.26,aligned
65,5,as,410.44,410.98,aligned
65,6,ta,411.04,411.19,aligned
65,7,shin,411.19,411.31,aligned
65,8,er,411.31,411.40,aligned
65,9,neaishtagh,411.40,411.79,aligned
65,10,dys,411.79,412.00,aligned
66,0,sostyn,412.69,413.08,aligned
66,1,so,413.08,413.32,aligned
66,2,shegin,413.32,413.71,aligned
66,3,dooin,413.71,413.98,aligned
66,4,nish,414.07,414.40,aligned
66,5,goll,414.52,414.91,aligned
66,6,dys,415.36,415.57,aligned
66,7,nerin,415.66,416.32,aligned
66,8,lesh,416.62,416.83,aligned
66,9,peter,416.83,417.10,aligned
66,10,hiaull,417.13,417.58,aligned
66,11,veih,417.70,418.06,aligned
66,12,albym,418.12,418.57,aligned
66,13,va,418.90,419.02,aligned
66,14,recortit,419.02,419.62,aligned
66,15,ayns,419.77,420.01,aligned
66,16,un,420.07,420.22,aligned
66,17,laa,420.22,420.58,aligned
66,18,shoh,421.03,421.45,aligned
66,19,diu,421.45,421.81,aligned
67,0,july,422.41,423.04,aligned
67,1,twenty,423.19,423.61,aligned
67,2,veih,424.51,424.81,aligned
67,3,brian,424.87,425.26,aligned
67,4,my,425.26,425.38,aligned
67,5,lhie,425.38,425.77,aligned
67,6,as,426.25,426.52,aligned
67,7,phaggal,426.52,426.94,aligned
67,8,scabble,426.94,427.45,aligned
67,9,brian,427.78,428.35,aligned
67,10,my,428.35,428.47,aligned
67,11,lhie,428.47,428.83,aligned
67,12,as,428.86,429.25,aligned
67,13,phaggal,429.25,429.61,aligned
67,14,scabble,429.61,430.09,aligned
67,15,aynshen,430.09,430.48,aligned
67,16,lesh,430.57,430.99,aligned
67,17,july,431.11,431.65,aligned
67,18,twenty,431.68,432.07,aligned
67,19,eh,432.07,432.22,aligned
68,0,veih'n,432.85,433.06,aligned
68,1,albym,433.12,433.45,aligned
68,2,oc,433.45,433.75,aligned
68,3,day,435.10,435.55,aligned
69,0,va,436.51,436.66,aligned
69,1,recortit,436.72,437.53,aligned
69,2,ayns,438.31,438.43,aligned
69,3,un,438.43,438.55,aligned
69,4,laa,438.55,438.94,aligned
70,0,er,439.51,439.75,aligned
70,1,lhiam's,439.90,440.23,aligned
70,2,dy,440.23,440.32,aligned
70,3,vel,440.32,440.50,aligned
70,4,ennym,440.56,440.89,aligned
70,5,s'liurey,441.16,441.88,aligned
70,6,er,441.88,442.03,aligned
70,7,yn,442.03,442.12,aligned
70,8,albym,442.12,442.45,aligned
70,9,neesht,442.93,443.32,aligned
70,10,agh,443.38,443.74,aligned
70,11,aym,443.74,444.04,aligned
71,0,er,445.27,445.39,aligned
71,1,y,445.39,445.45,aligned
71,2,chooid,445.45,445.69,aligned
71,3,smoo,445.69,445.93,aligned
71,4,ta,445.93,446.08,aligned
71,5,mish,446.08,446.29,aligned
71,6,er,446.29,446.38,aligned
71,7,chlashtyn,446.38,446.86,aligned
71,8,enmyssit,446.86,447.49,aligned
72,0,yn,448.12,448.18,aligned
72,1,daa,448.30,448.72,aligned
72,2,aym,449.29,449.68,aligned
72,3,as,450.82,451.12,aligned
72,4,t'eh,451.24,451.48,aligned
72,5,lane,451.48,451.78,aligned
72,6,feeu,451.78,452.02,aligned
72,7,geaishtagh,452.02,452.62,aligned
72,8,rish,452.62,452.86,aligned
72,9,t'eh,453.28,453.49,aligned
72,10,feer,453.49,453.70,aligned
72,11,aalin,453.73,454.18,aligned
72,12,as,454.24,454.60,aligned
72,13,ram,454.72,455.05,aligned
72,14,kiaull,455.26,455.65,aligned
72,15,symoil,455.74,456.34,aligned
72,16,urree,456.43,456.67,aligned
73,0,the,457.09,457.18,aligned
73,1,veih'n,460.51,460.81,aligned
73,2,my,460.84,460.93,aligned
73,3,lhie,460.93,461.26,aligned
73,4,as,461.32,461.68,aligned
73,5,feddal,461.77,462.13,aligned
73,6,stappal,462.13,462.58,aligned
73,7,lesh,462.76,463.09,aligned
73,8,yn,463.09,463.18,aligned
73,9,albym,463.24,463.69,aligned
74,0,day,464.80,465.16,aligned
74,1,cre,466.84,467.11,aligned
74,2,elley,467.20,467.53,aligned
75,0,lhig,468.46,468.64,aligned
75,1,dooin,468.64,468.82,aligned
75,2,jeeaghyn,468.82,469.09,aligned
75,3,er,469.15,469.42,aligned
75,4,faaishnys,469.75,470.26,aligned
75,5,ny,470.38,470.56,aligned
75,6,hemshyr,470.56,471.10,aligned
76,0,ren,471.76,471.88,aligned
76,1,mee,471.88,472.00,aligned
76,2,prowal,472.00,472.33,aligned
76,3,dy,472.33,472.45,aligned
76,4,yannoo,472.45,472.66,aligned
76,5,shoh,472.69,472.99,aligned
76,6,lesh,473.05,473.44,aligned
76,7,singyl,474.01,474.37,aligned
76,8,keayrt,474.37,474.61,aligned
76,9,dy,474.67,474.79,aligned
76,10,row,474.79,475.06,aligned
77,0,so,476.05,476.29,aligned
77,1,lhig,476.29,476.50,aligned
77,2,dooin,476.50,476.68,aligned
77,3,fakin,476.68,477.10,aligned
77,4,vel,477.22,477.49,aligned
77,5,shen,477.67,478.00,aligned
77,6,gobbragh,478.18,478.72,aligned
77,7,nish,479.17,479.59,aligned
78,0,t'eh,480.34,480.46,aligned
78,1,doillee,480.46,480.85,aligned
78,2,cha,481.66,481.96,aligned
78,3,nel,481.96,482.14,aligned
78,4,mee,482.14,482.35,aligned
79,0,ta,482.83,483.04,aligned
79,1,mee,483.04,483.16,aligned
79,2,cliaghtit,483.19,484.00,aligned
79,3,jannoo,484.00,484.27,aligned
79,4,eh,484.27,484.42,aligned
79,5,lesh,484.63,484.96,aligned
79,6,eh,484.96,485.14,aligned
79,7,leshtal,485.47,485.80,aligned
79,8,son,486.10,486.25,aligned
79,9,lhigym,486.25,486.52,aligned
79,10,prowal,486.52,486.82,aligned
80,0,faaishnys,494.08,494.47,aligned
80,1,ny,494.47,494.59,aligned
80,2,hemshyr,494.59,494.98,aligned
80,3,vie,495.13,495.58,aligned
80,4,roonysvaie,496.84,497.65,aligned
80,5,ec,497.71,497.89,aligned
80,6,kiare,497.89,498.25,aligned
80,7,er,498.25,498.34,aligned
80,8,y,498.34,498.43,aligned
80,9,chlag,498.43,498.97,aligned
81,0,t'eh,500.38,500.56,aligned
81,1,chirrym,500.56,500.98,aligned
81,2,nish,500.98,501.34,aligned
81,3,as,502.21,502.66,aligned
81,4,trooid,502.81,503.14,aligned
81,5,yn,503.20,503.32,aligned
81,6,oie,503.47,503.77,aligned
81,7,lesh,504.22,504.55,aligned
81,8,y,504.55,504.61,aligned
81,9,bodjalyn,504.61,505.27,aligned
81,10,cheet,505.42,505.66,aligned
81,11,dy,505.84,505.93,aligned
81,12,ve,505.93,506.32,aligned
82,0,ny,506.89,507.01,aligned
82,1,stroshey,507.01,507.73,aligned
82,2,as,507.79,508.24,aligned
82,3,paart,508.36,508.60,aligned
82,4,dy,508.60,508.69,aligned
82,5,lhiah,508.69,509.50,aligned
82,6,from,510.01,510.40,aligned
83,0,sunny,511.66,511.99,aligned
83,1,hene,512.53,512.86,aligned
83,2,bee,513.88,514.15,aligned
84,0,geay,514.81,515.38,aligned
84,1,neear,516.34,516.85,aligned
84,2,ayn,516.85,517.27,aligned
85,0,cheet,519.88,520.15,aligned
85,1,dy,520.33,520.45,aligned
85,2,ve,520.45,520.78,aligned
85,3,red,520.96,521.23,aligned
85,4,beg,521.23,521.50,aligned
85,5,seddrymey,521.50,522.34,aligned
86,0,er,524.50,524.65,aligned
86,1,yn,524.65,524.77,aligned
86,2,oie,524.77,525.04,aligned
86,3,roish,525.67,526.15,aligned
86,4,jinnair,526.72,527.23,aligned
87,0,goll,528.64,528.91,aligned
87,1,my,529.06,529.21,aligned
87,2,yiass,529.21,529.69,aligned
87,3,reesht,529.69,530.02,aligned
87,4,as,530.05,530.20,aligned
87,5,eisht,530.20,530.50,aligned
87,6,cheet,530.59,530.74,aligned
87,7,dy,530.86,530.95,aligned
87,8,ve,530.95,531.22,aligned
87,9,ny,531.28,531.40,aligned
87,10,stroshey,531.43,532.09,aligned
87,11,ec,532.57,532.75,aligned
87,12,jerrey,532.84,533.14,aligned
87,13,ny,533.14,533.26,aligned
87,14,hoie,533.26,533.53,aligned
87,15,er,533.98,534.04,aligned
87,16,bee'n,534.04,534.28,aligned
87,17,tempreilys,534.28,534.94,aligned
87,18,sinshley,535.00,535.54,aligned
87,19,kiare,535.81,536.11,aligned
88,0,jeig,536.74,537.04,aligned
88,1,celsius,537.13,537.79,aligned
88,2,son,538.63,538.81,aligned
88,3,tooilley,538.81,539.08,aligned
88,4,fysserree,539.08,539.53,aligned
88,5,towsheydys,539.65,540.19,aligned
88,6,spyrrid,540.61,541.03,aligned
88,7,upon,541.03,541.42,aligned
89,0,vees,546.76,546.91,aligned
89,1,shen,546.91,547.12,aligned
89,2,derrey,547.84,548.23,aligned
89,3,lesh,548.80,549.16,aligned
89,4,y,549.22,549.31,aligned
89,5,gah,549.31,549.79,aligned
89,6,linda,549.97,550.30,aligned
89,7,as,550.36,550.54,aligned
89,8,eisht,550.60,550.96,aligned
89,9,y,551.41,551.44,aligned
89,10,halley,551.53,551.98,aligned
89,11,vie,552.07,552.49,aligned
89,12,by,552.67,552.76,aligned
89,13,yoga,552.76,553.24,aligned
89,14,as,553.69,554.05,aligned
89,15,my,554.14,554.47,aligned
89,16,ren,554.47,554.77,aligned
89,17,shiu,554.77,555.16,aligned
90,0,jarrood,555.94,556.54,aligned
90,1,ny,556.54,556.84,aligned
90,2,dooyrt,557.47,557.80,aligned
90,3,mee,557.80,558.01,aligned
91,0,un,559.09,559.33,aligned
91,1,thullagh,559.84,560.20,aligned
91,2,er,560.23,560.32,aligned
91,3,dy,560.32,560.41,aligned
91,4,henney,560.41,560.74,aligned
91,5,foddee,561.07,561.28,aligned
91,6,shiu,561.28,561.43,aligned
91,7,goll,561.43,561.70,aligned
91,8,er,561.76,561.97,aligned
91,9,yn,562.03,562.15,aligned
91,10,duillag,562.15,562.51,aligned
91,11,instagram,562.51,563.02,aligned
91,12,ain,563.02,563.23,aligned
91,13,as,563.29,563.59,aligned
91,14,fakin,563.71,564.07,aligned
91,15,ooilley'n,564.07,564.37,aligned
91,16,chiaull,564.37,564.73,aligned
91,17,ta,564.85,564.97,aligned
91,18,shin,564.97,565.15,aligned
91,19,cloie,565.15,565.51,aligned
92,0,mie,566.74,566.95,aligned
92,1,dy,566.95,567.04,aligned
92,2,liooar,567.04,567.46,aligned
92,3,nish,567.46,567.94,aligned
92,4,c'red,569.74,570.13,aligned
92,5,ta,570.37,570.70,aligned
92,6,goll,571.00,571.57,aligned
92,7,well,571.84,572.11,aligned
92,8,aym,572.20,572.65,aligned
93,0,foddee,575.20,575.59,aligned
93,1,shiu,575.59,575.92,aligned
93,2,cur,576.10,576.43,aligned
93,3,fys,576.55,576.91,aligned
93,4,da,577.06,577.33,aligned
93,5,radio,577.33,577.75,aligned
93,6,vannin,577.75,578.08,aligned
93,7,my,578.17,578.32,aligned
93,8,vees,578.32,578.62,aligned
93,9,stoo,578.71,579.22,aligned
93,10,goll,579.40,579.73,aligned
93,11,er,580.18,580.33,aligned
93,12,stoo,580.51,580.81,aligned
93,13,erbee,580.81,581.14,aligned
93,14,nagh,581.23,581.56,aligned
93,15,vel,581.56,581.77,aligned
93,16,as,581.77,581.95,aligned
93,17,son,581.95,582.13,aligned
93,18,jannoo,582.13,582.43,aligned
93,19,argid,582.49,582.94,aligned
93,20,ny,583.03,583.24,aligned
93,21,ta,583.24,583.42,aligned
93,22,son,583.42,583.72,aligned
93,23,sheshaght,583.78,584.44,aligned
93,24,ghiastyllagh,584.59,585.46,aligned
94,0,ta,585.52,585.64,aligned
94,1,curjee,586.21,586.69,aligned
94,2,fyss,586.69,587.05,aligned
94,3,er,587.14,587.38,aligned
94,4,manx,587.47,587.92,aligned
94,5,radio,587.98,588.49,aligned
94,6,polt,588.64,588.94,aligned
94,7,cum,589.09,589.39,aligned
95,0,mie,589.87,590.02,aligned
95,1,dy,590.02,590.08,aligned
95,2,liooar,590.08,590.29,aligned
95,3,lhig,590.59,590.86,aligned
95,4,dooin,590.86,591.10,aligned
95,5,prowal,591.40,591.85,aligned
95,6,jeeaghyn,592.00,592.33,aligned
95,7,er,592.33,592.48,aligned
95,8,cree,592.84,593.20,aligned
95,9,vees,593.41,593.65,aligned
95,10,goll,593.65,593.98,aligned
95,11,cha,594.40,594.70,aligned
96,0,cha,601.21,601.30,aligned
96,1,nel,601.30,601.39,aligned
96,2,mee,601.39,601.51,aligned
96,3,shickyr,601.51,601.75,aligned
96,4,cren,601.78,602.02,aligned
96,5,fa,602.02,602.26,aligned
96,6,ren,602.26,602.44,aligned
96,7,shen,602.44,602.77,aligned
96,8,taghyrt,602.86,603.28,aligned
96,9,smooinee,603.28,603.61,aligned
96,10,mee,603.61,603.76,aligned
96,11,dy,603.76,603.85,aligned
96,12,row,603.85,604.09,aligned
96,13,clink,604.54,604.78,aligned
96,14,elley,604.84,605.11,aligned
96,15,ain,605.14,605.41,aligned
96,16,agh,605.41,605.53,aligned
96,17,jeeaghyn,605.53,606.10,aligned
97,0,dy,606.70,606.82,aligned
97,1,yannoo,606.85,607.15,aligned
97,2,shen,607.18,607.54,aligned
97,3,clinkyn,607.54,608.20,aligned
97,4,ersooyl,608.71,609.28,aligned
98,0,but,609.88,609.97,aligned
98,1,my,610.09,610.24,aligned
98,2,vees,610.24,610.48,aligned
98,3,eieyn,610.51,610.81,aligned
98,4,erbee,610.81,611.29,aligned
98,5,eu,611.29,611.50,aligned
98,6,son,611.50,611.83,aligned
98,7,clinkyn,611.98,612.49,aligned
98,8,noa,612.64,613.12,aligned
98,9,cairys,613.54,613.90,aligned
98,10,jee,613.99,614.17,aligned
98,11,fys,614.17,614.44,aligned
98,12,dou,614.44,614.68,aligned
99,0,dooyrt,618.10,618.31,aligned
99,1,mee,618.31,618.52,aligned
99,2,ee,618.67,618.85,aligned
99,3,nobles,618.85,619.39,aligned
99,4,park,619.45,619.81,aligned
99,5,rhym,619.81,620.02,aligned
99,6,er,620.35,620.53,aligned
99,7,y,620.68,620.74,aligned
99,8,trass,620.74,621.40,aligned
99,9,laa,621.52,621.88,aligned
99,10,nane,621.88,622.18,aligned
99,11,threeoo,622.18,622.57,aligned
99,12,laa,622.57,622.84,aligned
99,13,as,622.90,623.26,aligned
99,14,feed,623.32,623.89,aligned
100,0,jeh'n,624.49,624.76,aligned
100,1,vee,624.88,625.15,aligned
100,2,shoh,625.24,625.75,aligned
100,3,shen,625.75,625.99,aligned
100,4,mairagh,626.23,626.77,aligned
100,5,moghrey,626.77,626.98,aligned
100,6,mairagh,626.98,627.40,aligned
101,0,bee,628.00,628.18,aligned
101,1,lurg,628.21,628.54,aligned
101,2,hoght,628.57,628.99,aligned
101,3,sy,629.08,629.23,aligned
101,4,voghree,629.23,629.59,aligned
101,5,dys,629.59,629.80,aligned
101,6,jeih,629.80,630.01,aligned
101,7,er,630.01,630.07,aligned
101,8,y,630.07,630.16,aligned
101,9,chlag,630.16,630.52,aligned
102,0,nastee,631.69,632.26,aligned
102,1,gow,633.25,633.49,aligned
102,2,shiu,633.49,633.67,aligned
102,3,dys,633.67,633.91,aligned
103,0,prun,634.54,634.87,aligned
103,1,pon,635.20,635.41,aligned
103,2,giu,635.41,635.68,aligned
103,3,caa,635.68,635.98,aligned
103,4,stroogyn,635.98,636.52,aligned
103,5,nobles,636.52,637.03,aligned
103,6,son,637.09,637.33,aligned
103,7,tooilley,637.33,637.63,aligned
103,8,fysserree,637.63,638.14,aligned
104,0,greesee,640.57,641.20,aligned
104,1,nastee,641.44,642.07,aligned
104,2,as,642.34,642.73,aligned
104,3,caarjoil,642.79,643.63,aligned
104,4,aym,644.08,644.32,aligned
104,5,as,644.41,644.74,aligned
104,6,foddee,644.89,645.10,aligned
104,7,shiu,645.10,645.34,aligned
104,8,jannoo,645.55,645.85,aligned
104,9,queig,646.00,646.33,aligned
104,10,kilomeadar,646.42,647.23,aligned
104,11,ta,647.23,647.47,aligned
104,12,shooyl,647.50,648.34,aligned
104,13,reih,648.46,649.03,aligned
104,14,cre,649.18,649.48,aligned
104,15,erbee,649.48,649.84,aligned
104,16,sailliu,649.93,650.65,aligned
105,0,ta,653.32,653.92,aligned
105,1,caffee,655.48,655.96,aligned
105,2,rygheddyn,656.02,656.44,aligned
105,3,veih,656.53,656.83,aligned
106,0,sy,657.22,657.34,aligned
106,1,ny,657.43,657.61,aligned
106,2,lag,657.61,658.03,aligned
106,3,nish,658.45,658.93,aligned
106,4,c'raad,659.05,659.47,aligned
107,0,ta,660.19,660.34,aligned
107,1,goll,660.34,660.70,aligned
107,2,well,660.70,661.12,aligned
107,3,moghrey,662.35,662.68,aligned
107,4,caffee,662.71,663.28,aligned
108,0,nuy,663.82,664.18,aligned
108,1,kangyr,664.39,664.96,aligned
108,2,ayns,665.17,665.47,aligned
108,3,crosby,665.62,666.37,aligned
109,0,ve,667.57,667.63,aligned
109,1,ayns,667.75,668.29,aligned
109,2,yn,668.95,669.04,aligned
109,3,crosby,669.07,669.49,aligned
109,4,t'ou,669.61,669.94,aligned
110,0,un,670.96,671.20,aligned
110,1,phunt,671.20,671.71,aligned
110,2,son,672.52,672.88,aligned
110,3,y,673.21,673.30,aligned
110,4,chaffee,673.30,673.75,aligned
110,5,ta,673.75,673.84,aligned
110,6,mee,673.84,673.96,aligned
110,7,credjal,673.96,674.32,aligned
111,0,veih,675.88,676.09,aligned
111,1,jeih,676.12,676.60,aligned
111,2,yee,677.62,678.01,aligned
111,3,lurg,678.13,678.61,aligned
111,4,nanejeig,678.79,679.42,aligned
112,0,ta,681.76,681.85,aligned
112,1,shen,681.85,682.09,aligned
112,2,reaghit,682.12,682.84,aligned
112,3,aeg,682.96,683.50,aligned
113,0,banglane,685.93,686.74,aligned
113,1,skeaylley,687.04,687.55,aligned
113,2,myrooney,687.67,688.27,aligned
114,0,ayrn,688.81,689.32,aligned
114,1,jeh,689.77,690.19,aligned
114,2,sheshaght,690.94,691.60,aligned
115,0,ny,692.02,692.08,aligned
115,1,nuy,692.23,692.71,aligned
115,2,chengey,692.71,693.31,aligned
115,3,vannin,693.31,693.67,aligned
115,4,aym,694.30,694.75,aligned
115,5,as,694.96,695.32,aligned
115,6,t'ad,695.50,695.83,aligned
115,7,prowal,695.95,696.37,aligned
115,8,troggal,696.55,696.97,aligned
115,9,argid,697.45,697.84,aligned
115,10,bee,697.93,698.23,aligned
115,11,berreenyn,698.38,698.95,aligned
115,12,as,698.98,699.22,aligned
115,13,stoo,699.22,699.49,aligned
115,14,ry-chionnaghey,699.58,700.24,aligned
115,15,neesht,700.33,700.96,aligned
116,0,cre,702.76,703.00,aligned
116,1,elley,703.09,703.45,aligned
116,2,cre,703.48,703.69,aligned
116,3,elley,703.69,703.93,aligned
116,4,cre,703.96,704.23,aligned
116,5,elley,704.23,704.47,aligned
116,6,well,704.47,704.86,aligned
116,7,aym,704.95,705.31,aligned
117,0,blaik,707.11,707.41,aligned
117,1,lhieu,707.41,707.77,aligned
117,2,yn,708.40,708.58,aligned
117,3,feer,708.61,709.06,aligned
117,4,ayns,709.12,709.39,aligned
117,5,rhumsaa,709.39,710.02,aligned
117,6,peear,710.02,710.38,aligned
117,7,y,710.38,710.47,aligned
117,8,venrein,710.47,711.04,aligned
118,0,well,711.58,712.00,aligned
118,1,s'laik,712.12,712.66,aligned
118,2,lhiam's,712.78,713.47,aligned
118,3,yn,713.56,713.74,aligned
118,4,fer,713.74,714.04,aligned
118,5,shen,714.04,714.37,aligned
118,6,as,714.43,714.79,aligned
118,7,my,714.79,714.94,aligned
118,8,vees,714.94,715.06,aligned
118,9,shiu,715.06,715.24,aligned
118,10,laccal,715.24,715.66,aligned
118,11,feddyn,716.02,716.29,aligned
118,12,magh,716.41,716.77,aligned
118,13,tooilley,716.86,717.16,aligned
118,14,mychione,717.16,717.55,aligned
118,15,shen,717.55,717.88,aligned
119,0,foddee,718.48,718.69,aligned
119,1,shiu,718.69,718.87,aligned
119,2,goll,718.87,719.26,aligned
119,3,dys,719.44,719.89,aligned
119,4,colleish,721.66,722.29,aligned
119,5,ree,722.41,722.89,aligned
119,6,illiam,722.95,723.43,aligned
119,7,ayns,723.88,724.18,aligned
119,8,balley,724.24,724.66,aligned
119,9,chashtal,724.66,725.23,aligned
119,10,t'eh,725.23,725.38,aligned
119,11,gra,725.38,725.59,aligned
119,12,dy,725.59,725.68,aligned
119,13,vel,725.68,725.83,aligned
119,14,eh,725.83,725.89,aligned
119,15,ayns,725.89,726.01,aligned
119,16,balley,726.01,726.31,aligned
119,17,chashtal,726.31,726.76,aligned
119,18,smooinee,726.76,727.09,aligned
119,19,mee,727.09,727.27,aligned
119,20,dy,727.27,727.39,aligned
119,21,row,727.39,727.57,aligned
119,22,eh,727.57,727.66,aligned
119,23,roish,727.66,727.96,aligned
119,24,balley,727.96,728.26,aligned
119,25,chashtal,728.26,728.65,aligned
120,0,ansherbee,729.16,729.55,aligned
120,1,ayns,729.91,730.12,aligned
121,0,cooyrt,732.40,732.97,aligned
121,1,y,733.12,733.21,aligned
121,2,ree,733.21,733.60,aligned
121,3,shen,733.99,734.35,aligned
121,4,ennym,734.44,734.80,aligned
122,0,yn,736.45,736.60,aligned
122,1,troggal,736.60,737.02,aligned
122,2,ta,737.02,737.11,aligned
122,3,mee,737.11,737.23,aligned
122,4,credjal,737.23,737.65,aligned
122,5,ayns,737.68,738.07,aligned
122,6,colleish,738.61,739.06,aligned
122,7,ree,739.12,739.39,aligned
122,8,illiam,739.42,739.78,aligned
122,9,veih,740.05,740.29,aligned
122,10,lieh,740.38,740.77,aligned
122,11,lurg,740.77,741.04,aligned
122,12,shey,741.04,741.40,aligned
122,13,dys,741.40,741.64,aligned
122,14,jeih,741.64,741.94,aligned
122,15,er,741.94,742.00,aligned
122,16,y,742.00,742.09,aligned
122,17,chlag,742.09,742.51,aligned
123,0,son,743.05,743.38,aligned
123,1,feed,743.44,743.92,aligned
123,2,punt,743.92,744.28,aligned
123,3,son,744.40,744.82,aligned
123,4,sleih,745.18,745.45,aligned
123,5,aasit,745.45,745.93,aligned
123,6,as,745.99,746.44,aligned
124,0,queig,747.13,747.34,aligned
124,1,punt,747.34,747.58,aligned
124,2,son,747.67,747.97,aligned
124,3,paitchyn,748.06,748.54,aligned
124,4,nee,749.08,749.26,aligned
124,5,ad,749.26,749.44,aligned
124,6,soilshaghey,749.53,750.25,aligned
124,7,yn,750.28,750.43,aligned
124,8,fillym,750.43,751.00,aligned
125,0,ad,751.72,751.90,aligned
125,1,ayns,751.93,752.23,aligned
125,2,y,752.32,752.38,aligned
125,3,pian,752.41,752.77,aligned
125,4,as,753.19,753.46,aligned
125,5,eisht,753.52,753.85,aligned
125,6,nee,753.97,754.15,aligned
125,7,ad,754.15,754.33,aligned
125,8,loayrt,754.39,754.96,aligned
125,9,mychione,755.08,755.68,aligned
126,0,yn,757.09,757.18,aligned
126,1,obbyr,757.21,757.51,aligned
126,2,t'ad,757.51,757.72,aligned
126,3,jannoo,757.72,758.05,aligned
126,4,dy,758.20,758.29,aligned
126,5,haraghey,758.32,758.83,aligned
126,6,eh,758.89,759.16,aligned
126,7,as,759.55,759.88,aligned
126,8,goaill,760.00,760.33,aligned
126,9,feyshtyn,760.33,760.93,aligned
126,10,ny,761.08,761.26,aligned
126,11,neesht,761.26,761.74,aligned
127,0,eshyn,762.82,763.15,aligned
127,1,jeant,763.15,763.42,aligned
127,2,doonee,763.42,763.90,aligned
127,3,bee,764.89,765.43,aligned
127,4,stoo,765.58,765.94,aligned
127,5,elley,766.03,766.36,aligned
127,6,reaghit,766.36,766.87,aligned
127,7,aeg,766.96,767.35,aligned
128,0,sheshaght,768.82,769.36,aligned
128,1,chengey,770.08,770.68,aligned
129,0,ayns,771.61,771.94,aligned
129,1,laksaa,772.00,772.72,aligned
129,2,yn,772.75,772.93,aligned
129,3,cheayrt,772.93,773.23,aligned
129,4,shoh,773.23,773.59,aligned
129,5,bee,773.59,773.86,aligned
129,6,eh,773.86,774.07,aligned
130,0,veih,775.03,775.42,aligned
130,1,jeih,775.60,776.08,aligned
130,2,dys,776.20,776.47,aligned
130,3,kiare,776.47,777.25,aligned
130,4,ayns,777.34,777.61,aligned
131,0,y,777.97,778.15,aligned
131,1,cheer,778.15,778.33,aligned
131,2,shen,778.81,779.26,aligned
131,3,aym,779.62,779.89,aligned
131,4,ain,780.19,780.43,aligned
131,5,sy,780.70,780.88,aligned
131,6,cha,780.91,781.00,aligned
131,7,nel,781.00,781.51,aligned
131,8,mee,781.96,782.23,aligned
131,9,shickyr,782.23,782.56,aligned
131,10,cre'n,782.56,782.83,aligned
131,11,ennym,782.83,783.04,aligned
131,12,t'er,783.04,783.31,aligned
131,13,y,783.31,783.37,aligned
131,14,raad,783.64,783.97,aligned
131,15,shen,783.97,784.30,aligned
131,16,ayns,784.39,784.78,aligned
132,0,ayns,785.74,785.92,aligned
132,1,y,785.92,786.01,aligned
132,2,ghailck,786.01,786.43,aligned
132,3,cha,786.55,786.70,aligned
132,4,by,786.70,786.82,aligned
132,5,vie,786.82,787.00,aligned
132,6,lhiam,787.00,787.27,aligned
132,7,gra,787.27,787.66,aligned
132,8,dy,789.01,789.13,aligned
132,9,neuchiart,789.13,789.79,aligned
132,10,er,789.79,789.91,aligned
132,11,yn,789.91,790.00,aligned
132,12,oyr,790.00,790.09,aligned
132,13,dy,790.09,790.18,aligned
132,14,vel,790.21,790.33,aligned
132,15,fys,790.33,790.57,aligned
132,16,aym,790.57,790.72,aligned
132,17,dy,790.72,790.84,aligned
132,18,vel,790.84,791.05,aligned
132,19,ram,791.05,791.47,aligned
132,20,raaidyn,791.92,792.43,aligned
132,21,ayns,792.43,792.64,aligned
132,22,mannin,792.64,793.06,aligned
132,23,lesh,793.21,793.60,aligned
132,24,enmyn,793.96,794.26,aligned
132,25,anchasley,794.26,794.86,aligned
132,26,y,795.04,795.10,aligned
132,27,chied,795.10,795.34,aligned
133,0,ben,796.21,796.54,aligned
133,1,agh,796.66,796.96,aligned
133,2,bee,797.11,797.35,aligned
133,3,shapp,797.44,797.83,aligned
133,4,ayn,797.89,798.19,aligned
133,5,myr,798.25,798.49,aligned
133,6,ayrn,798.55,798.85,aligned
133,7,jeh,798.97,799.21,aligned
133,8,magher,799.30,799.81,aligned
134,0,laksaa,800.86,801.52,aligned
134,1,so,801.67,801.94,aligned
134,2,shen,802.03,802.30,aligned
134,3,dy,802.45,802.54,aligned
134,4,ghra,802.54,802.84,aligned
134,5,dy,802.84,802.96,aligned
134,6,bee,802.96,803.11,aligned
134,7,margey,803.11,803.56,aligned
134,8,ayn,803.62,803.89,aligned
134,9,neesht,804.13,804.49,aligned
134,10,shen,804.97,805.27,aligned
134,11,eh,805.33,805.66,aligned
134,12,son,805.66,805.93,aligned
134,13,yn,805.93,806.05,aligned
134,14,chione,806.05,806.50,aligned
134,15,shiaghtin,806.50,807.01,aligned
134,16,foddee,807.46,807.70,aligned
134,17,dy,807.70,807.79,aligned
134,18,jeanmayd,807.79,808.24,aligned
134,19,jeeaghyn,808.36,808.84,aligned
134,20,reesht,808.90,809.26,aligned
134,21,ta,809.26,809.32,aligned
134,22,my,809.32,809.50,aligned
134,23,vees,809.50,809.71,aligned
134,24,traie,809.71,810.19,aligned
134,25,ec,810.55,810.73,aligned
134,26,cre,810.73,811.03,aligned
135,0,cre,810.82,811.03,aligned
135,1,vees,811.03,811.21,aligned
135,2,goll,811.21,811.48,aligned
135,3,sy,811.48,811.63,aligned
135,4,chiaghtin,811.63,812.11,aligned
135,5,son,812.59,812.80,aligned
135,6,shickyrys,812.80,813.37,aligned
135,7,t'ou,813.37,813.55,aligned
136,0,cheet,814.51,814.78,aligned
136,1,erriu,815.38,815.80,aligned
136,2,nish,815.95,816.34,aligned
136,3,as,816.40,816.79,aligned
136,4,by,816.82,816.94,aligned
136,5,vie,816.94,817.18,aligned
136,6,lhiu,817.21,817.39,aligned
136,7,clashtyn,817.39,817.78,aligned
136,8,tooilley,817.78,818.11,aligned
136,9,kiaull,818.11,818.56,aligned
137,0,er,819.04,819.25,aligned
137,1,by,819.25,819.37,aligned
137,2,vie,819.37,819.64,aligned
137,3,lhiu,819.64,819.79,aligned
137,4,clashtyn,819.79,820.30,aligned
137,5,erlhiams,820.30,820.87,aligned
137,6,rosemary,821.29,822.07,aligned
137,7,as,822.19,822.37,aligned
137,8,ali,822.40,822.70,aligned
138,0,cleigh,823.45,823.90,aligned
138,1,goayr,824.14,824.41,aligned
138,2,tree,824.41,824.80,aligned
138,3,shoh,825.19,825.61,aligned
139,0,feer,826.42,826.69,aligned
139,1,villish,826.69,827.08,aligned
139,2,scruit,827.11,827.86,aligned
139,3,tammylt,829.18,829.69,aligned
139,4,er,829.69,829.84,aligned
139,5,dy,829.84,829.93,aligned
139,6,henney,829.93,830.20,aligned
139,7,nish,830.20,830.56,aligned
139,8,erlhiams,830.65,831.22,aligned
140,0,enmyssit,833.23,833.65,aligned
140,1,dy,833.83,833.95,aligned
140,2,bieau,833.95,834.22,aligned
140,3,fo,834.22,834.61,aligned
140,4,goaill,834.91,835.21,aligned
140,5,tree,835.21,835.57,aligned
141,0,lhiam,836.14,836.32,aligned
141,1,scruit,836.32,837.01,aligned
141,2,ec,837.10,837.40,aligned
141,3,tommy,837.55,837.91,aligned
141,4,pipes,837.91,838.45,aligned
142,0,shoh,838.75,839.38,aligned
142,1,diu,839.47,839.89,aligned
142,2,yn,840.55,840.70,aligned
142,3,chass,840.70,841.03,aligned
142,4,shen,841.03,841.30,aligned
143,0,shen,841.93,842.50,aligned
143,1,diu,842.50,842.83,aligned
143,2,goayr,843.01,843.34,aligned
143,3,tree,843.34,843.67,aligned
143,4,vie,843.76,844.09,aligned
143,5,ross,844.15,844.45,aligned
143,6,ynsee,844.45,844.84,aligned
143,7,as,844.90,845.11,aligned
143,8,ali,845.14,845.44,aligned
143,9,hockey,845.44,845.80,aligned
144,0,as,846.28,846.97,aligned
144,1,ta,847.06,847.21,aligned
144,2,shen,847.21,847.57,aligned
144,3,cheet,847.63,847.99,aligned
144,4,veih,848.11,848.44,aligned
144,5,nane,848.50,848.83,aligned
144,6,jean,848.83,849.04,aligned
144,7,eh,849.04,849.16,aligned
145,0,naardey,849.70,850.30,aligned
145,1,syn,850.72,851.11,aligned
145,2,bioys,851.11,851.53,aligned
145,3,as,851.53,851.74,aligned
145,4,shen,852.19,852.40,aligned
145,5,bioys,852.76,853.12,aligned
145,6,as,853.12,853.27,aligned
145,7,jees,853.27,853.63,aligned
145,8,as,853.69,853.90,aligned
145,9,ta,853.90,854.11,aligned
145,10,lhieggan,854.17,854.56,aligned
145,11,elley,854.56,854.89,aligned
146,0,syn,855.58,855.79,aligned
146,1,veih,855.79,856.00,aligned
146,2,cree,856.57,857.02,aligned
146,3,aym,857.65,857.95,aligned
146,4,nish,858.28,858.58,aligned
146,5,ta,858.76,859.36,aligned
147,0,cha,860.14,860.29,aligned
147,1,nel,860.29,860.86,aligned
147,2,yn,860.92,861.04,aligned
147,3,ynnyd,861.13,861.40,aligned
147,4,echey,861.46,861.88,aligned
147,5,oc,862.21,862.57,aligned
147,6,gobbragh,862.78,863.44,aligned
147,7,so,863.53,863.80,aligned
147,8,cha,863.89,864.07,aligned
147,9,noddym,864.07,864.40,aligned
147,10,cur,864.43,864.73,aligned
147,11,fys,864.73,865.03,aligned
147,12,diu,865.03,865.27,aligned
147,13,mychione,865.27,865.66,aligned
147,14,curraghyn,865.69,866.05,aligned
147,15,kiaullee,866.05,866.41,aligned
147,16,jeant,866.41,866.65,aligned
147,17,ocsyn,866.68,867.07,aligned
147,18,agh,867.52,867.76,aligned
147,19,er,867.82,868.27,aligned
147,20,ynnyd,868.39,868.75,aligned
147,21,ross,869.08,869.44,aligned
147,22,ynsee,869.44,869.89,aligned
147,23,t'eh,869.89,870.13,aligned
147,24,gra,870.13,870.52,aligned
148,0,dy,870.88,870.97,aligned
148,1,bee,870.97,871.12,aligned
148,2,eshyn,871.12,871.45,aligned
148,3,cloie,871.45,871.90,aligned
148,4,aeg,871.99,872.47,aligned
148,5,oie,873.19,873.49,aligned
148,6,foslee,873.61,874.36,aligned
148,7,jengaghyn,874.66,875.14,aligned
148,8,celtiagh,875.14,875.80,aligned
149,0,yn,876.82,876.97,aligned
149,1,cheyoo,876.97,877.33,aligned
149,2,laa,877.33,877.60,aligned
149,3,jeig,877.60,877.99,aligned
149,4,jeh'n,878.89,879.19,aligned
149,5,vlein,879.31,879.64,aligned
149,6,noa,879.64,880.03,aligned
150,0,eisht,880.54,880.93,aligned
150,1,er,880.99,881.17,aligned
150,2,yn,881.17,881.29,aligned
150,3,hoghtoo,881.29,881.77,aligned
150,4,laa,881.77,882.01,aligned
150,5,jeig,882.01,882.43,aligned
150,6,bee,882.55,882.76,aligned
150,7,eh,882.76,882.88,aligned
150,8,cloie,882.91,883.42,aligned
151,0,ayns,884.50,885.10,aligned
151,1,gra,885.31,885.52,aligned
151,2,at,885.52,885.73,aligned
151,3,orchestra,885.79,886.45,aligned
152,0,vees,888.94,889.30,aligned
152,1,yn,889.33,889.90,aligned
152,2,hoghtoo,889.90,890.35,aligned
152,3,laa,890.35,890.53,aligned
152,4,jeig,890.53,890.86,aligned
152,5,myr,890.86,891.01,aligned
152,6,dooyrt,891.01,891.31,aligned
152,7,mee,891.31,891.55,aligned
152,8,yn,891.61,891.82,aligned
152,9,feedoo,892.03,892.51,aligned
152,10,laa,892.51,892.75,aligned
152,11,yn,892.75,892.87,aligned
152,12,eedoo,892.87,893.17,aligned
152,13,laa,893.17,893.47,aligned
152,14,dymmyrk,893.89,894.19,aligned
152,15,bayrn,894.19,894.58,aligned
152,16,rosemary,894.85,895.57,aligned
152,17,tim,895.69,895.90,aligned
152,18,eaddee,895.90,896.23,aligned
152,19,as,896.26,896.44,aligned
152,20,co-lhean,896.83,897.40,aligned
152,21,cleiy,897.40,897.88,aligned
153,0,ooilley,899.80,900.01,aligned
153,1,shoh,900.01,900.22,aligned
153,2,ayns,900.22,900.37,aligned
153,3,glaschu,900.37,900.76,aligned
153,4,oo,900.76,900.91,aligned
153,5,er,901.33,901.54,aligned
153,6,rosemary'n,901.54,902.26,aligned
153,7,ny,902.26,902.38,aligned
154,0,yn,903.19,903.31,aligned
154,1,er,903.37,903.52,aligned
154,2,yn,903.52,903.64,aligned
154,3,cheyoo,903.64,904.06,aligned
154,4,laa,904.06,904.33,aligned
154,5,as,904.33,904.51,aligned
154,6,feed,904.51,904.93,aligned
154,7,as,905.47,905.77,aligned
154,8,eisht,905.80,906.16,aligned
154,9,bee,906.16,906.31,aligned
154,10,eh,906.31,906.40,aligned
154,11,er,906.46,906.64,aligned
154,12,turrys,906.79,907.27,aligned
154,13,mygeayrt,907.33,908.14,aligned
155,0,yn,909.58,909.76,aligned
155,1,reeriaght,909.82,910.63,aligned
155,2,unnaneysit,910.69,911.26,aligned
155,3,marish,911.35,912.01,aligned
155,4,v'ee,912.25,912.40,aligned
155,5,ollym,912.52,912.88,aligned
156,0,possan,914.20,914.68,aligned
156,1,marish,915.04,915.43,aligned
156,2,john,915.55,915.85,aligned
156,3,mec,915.85,916.06,aligned
156,4,sherree,916.06,916.51,aligned
157,0,as,917.02,917.38,aligned
157,1,y,917.44,917.53,aligned
157,2,lheid,917.53,917.86,aligned
157,3,chouds,918.34,918.94,aligned
157,4,ta,919.12,919.42,aligned
157,5,nane,919.48,919.84,aligned
157,6,jeh,919.93,920.11,aligned
157,7,ny,920.11,920.20,aligned
157,8,holteynyn,920.20,920.71,aligned
157,9,tarroogh,920.89,921.40,aligned
157,10,ta,921.49,921.61,aligned
157,11,mee,921.61,921.76,aligned
157,12,credjal,921.76,922.24,aligned
157,13,aym,922.72,923.02,aligned
157,14,so,923.35,923.68,aligned
158,0,bee,924.37,924.49,aligned
158,1,shen,924.49,924.79,aligned
158,2,lane,924.97,925.36,aligned
158,3,feeu,925.39,925.63,aligned
158,4,jeeaghyn,925.63,925.96,aligned
158,5,er,925.96,926.11,aligned
158,6,mayd,926.11,926.38,aligned
158,7,tooilley,926.53,926.86,aligned
158,8,mychione,926.89,927.43,aligned
158,9,shen,927.43,927.82,aligned
158,10,gow,927.82,928.06,aligned
158,11,shiu,928.06,928.21,aligned
158,12,dys,928.21,928.45,aligned
159,0,prinslee,928.84,929.38,aligned
159,1,ponk,929.86,930.19,aligned
159,2,come,930.34,930.70,aligned
159,3,nish,931.24,931.51,aligned
160,0,erlhiams,933.25,933.85,aligned
160,1,vie,934.24,934.60,aligned
160,2,ross,934.69,935.11,aligned
160,3,includes,935.14,935.80,aligned
160,4,ross,935.80,936.16,aligned
160,5,elley,936.22,936.52,aligned
160,6,aym,936.97,937.30,aligned
161,0,ta,938.17,938.38,aligned
161,1,ross,938.41,938.86,aligned
161,2,milley,938.92,939.34,aligned
161,3,cleigh,939.40,939.76,aligned
161,4,ny,939.85,940.03,aligned
161,5,piobyn,940.03,940.66,aligned
161,6,neesht,940.66,940.96,aligned
162,0,foddee,942.13,942.34,aligned
162,1,dy,942.34,942.40,aligned
162,2,vel,942.40,942.55,aligned
162,3,ooilley,942.55,942.79,aligned
162,4,ny,942.79,942.91,aligned
162,5,roshtyn,942.91,943.30,aligned
162,6,cloie,943.30,943.48,aligned
162,7,ny,943.48,943.57,aligned
162,8,piobyn,943.57,943.87,aligned
162,9,aym,945.04,945.22,aligned
162,10,agh,945.28,945.55,aligned
162,11,ta,945.55,945.73,aligned
162,12,ross,945.82,946.24,aligned
162,13,milley,946.36,946.78,aligned
162,14,ny,946.87,947.05,aligned
162,15,piobeyder,947.08,947.59,aligned
162,16,as,947.65,948.07,aligned
162,17,ta,948.25,948.34,aligned
162,18,mee,948.34,948.43,aligned
162,19,credjal,948.43,948.82,aligned
162,20,laa,948.82,949.12,aligned
162,21,lim,949.21,949.75,aligned
162,22,scoill,949.81,950.23,aligned
163,0,aym,950.92,951.37,aligned
163,1,as,952.03,952.36,aligned
163,2,quoi,953.11,953.47,aligned
163,3,marish,953.56,953.98,aligned
163,4,yn,953.98,954.10,aligned
163,5,phossan,954.10,954.46,aligned
163,6,dy,954.58,954.67,aligned
163,7,raad,954.67,954.97,aligned
163,8,hot,954.97,955.36,aligned
163,9,chellee,955.39,955.69,aligned
163,10,pipes,955.69,956.26,aligned
163,11,t'ad,956.74,956.98,aligned
163,12,goll,956.98,957.22,aligned
163,13,er,957.22,957.40,aligned
163,14,turrys,957.61,957.94,aligned
163,15,my,957.94,958.12,aligned
163,16,charrey,958.12,958.54,aligned
163,17,traa,958.54,959.14,aligned
164,0,ta,961.06,961.21,aligned
164,1,ram,961.21,961.57,aligned
164,2,caayryn,961.57,962.02,aligned
164,3,nieu,962.02,962.29,aligned
164,4,fakin,962.29,962.86,aligned
164,5,ad,963.25,963.46,aligned
164,6,shen,963.46,963.82,aligned
164,7,aym,964.27,964.54,aligned
164,8,bee,964.72,965.35,aligned
165,0,ross,967.36,967.78,aligned
165,1,milley,967.87,968.32,aligned
165,2,cloie,968.32,968.71,aligned
165,3,ec,968.74,969.04,aligned
165,4,kianglaghyn,969.19,969.82,aligned
165,5,celtiagh,969.82,970.54,aligned
165,6,aym,970.63,971.11,aligned
166,0,er,973.12,973.36,aligned
166,1,yn,973.36,973.51,aligned
166,2,chiarroo,973.51,974.05,aligned
166,3,laa,974.14,974.47,aligned
166,4,as,974.50,974.80,aligned
166,5,feed,974.92,975.34,aligned
166,6,as,975.40,975.76,aligned
166,7,ta,975.85,976.03,aligned
166,8,ross,976.03,976.45,aligned
166,9,clea,976.69,977.14,aligned
167,0,track,977.95,978.43,aligned
167,1,shoh,978.43,978.82,aligned
167,2,marish,978.85,979.33,aligned
167,3,olteynyn,979.36,979.87,aligned
167,4,jeh'n,979.96,980.23,aligned
167,5,phossan,980.23,980.68,aligned
167,6,thurrick,980.92,981.37,aligned
168,0,aym,981.97,982.36,aligned
168,1,shen,983.38,983.74,aligned
168,2,dy,983.92,984.04,aligned
168,3,ghra,984.04,984.73,aligned
169,0,er,985.60,985.72,aligned
169,1,y,985.81,985.87,aligned
169,2,rory,985.87,986.26,aligned
169,3,matheson,986.29,986.92,aligned
169,4,as,987.10,987.85,aligned
170,0,ny,988.84,989.11,aligned
170,1,mast,989.11,989.50,aligned
170,2,kiaulleyderyn,989.50,990.10,aligned
170,3,elley,990.10,990.37,aligned
170,4,verrym,990.94,991.24,aligned
170,5,tooilley,991.24,991.57,aligned
170,6,fys,991.57,991.87,aligned
170,7,diu,991.87,992.08,aligned
170,8,mychione,992.08,992.47,aligned
170,9,quoi,992.47,992.92,aligned
170,10,va,993.04,993.22,aligned
170,11,cloie,993.22,993.64,aligned
170,12,er,993.64,993.76,aligned
170,13,y,993.76,993.85,aligned
170,14,tract,993.85,994.21,aligned
170,15,lurg,994.24,994.78,aligned
170,16,dooin,994.93,995.14,aligned
170,17,geaishtagh,995.35,995.95,aligned
170,18,rish,996.04,996.43,aligned
170,19,agh,996.73,996.94,aligned
170,20,t'eh,996.94,997.09,aligned
170,21,goaill,997.09,997.39,aligned
170,22,stiagh,997.39,997.87,aligned
170,23,ny,997.96,998.11,aligned
170,24,carryn,998.11,998.56,aligned
171,0,sweets,999.97,1000.45,aligned
171,1,reill,1000.45,1000.81,aligned
171,2,vestal,1001.32,1001.83,aligned
171,3,v'eh,1001.83,1002.19,aligned
172,0,as,1002.94,1003.24,aligned
172,1,mollee,1003.30,1003.90,aligned
172,2,rankyn,1004.02,1004.56,aligned
172,3,shoh,1005.19,1005.55,aligned
172,4,eh,1005.55,1005.82,aligned
172,5,dy,1006.30,1006.45,aligned
172,6,rastal,1006.45,1006.90,aligned
172,7,red,1006.90,1007.17,aligned
172,8,reiltys,1007.17,1007.80,aligned
173,0,ross,1009.57,1010.08,aligned
173,1,milley,1010.20,1010.71,aligned
173,2,lesh,1010.77,1011.16,aligned
173,3,rastal,1011.55,1011.97,aligned
173,4,ride,1011.97,1012.30,aligned
173,5,reills,1012.39,1012.93,aligned
173,6,nish,1013.41,1013.71,aligned
173,7,aym,1013.71,1013.89,aligned
173,8,by,1013.92,1014.04,aligned
173,9,vie,1014.04,1014.22,aligned
173,10,lhiam,1014.22,1014.46,aligned
173,11,loayrt,1014.55,1014.91,aligned
173,12,bit,1015.03,1015.21,aligned
173,13,beg,1015.21,1015.60,aligned
174,0,shoh,1016.77,1017.13,aligned
174,1,diu,1017.13,1017.40,aligned
174,2,paart,1017.40,1017.67,aligned
174,3,dy,1017.79,1018.03,aligned
174,4,chiaull,1018.12,1018.57,aligned
174,5,cooylrey,1018.63,1019.11,aligned
175,0,as,1021.60,1021.72,aligned
175,1,ta,1021.72,1021.84,aligned
175,2,kerraghey,1021.84,1022.26,aligned
175,3,orrym,1022.38,1022.92,aligned
175,4,eh,1022.92,1023.25,aligned
175,5,mie,1024.00,1024.42,aligned
175,6,dy,1024.42,1024.48,aligned
175,7,liooar,1024.48,1024.72,aligned
176,0,by,1024.99,1025.14,aligned
176,1,vie,1025.26,1025.56,aligned
176,2,lhiam,1025.56,1025.71,aligned
176,3,loayrt,1025.98,1026.25,aligned
176,4,mychione,1026.31,1026.73,aligned
176,5,yn,1026.73,1026.82,aligned
176,6,emshyr,1026.82,1027.15,aligned
176,7,as,1027.21,1027.42,aligned
176,8,gra,1027.42,1027.78,aligned
176,9,dy,1027.87,1027.99,aligned
176,10,lhisagh,1027.99,1028.32,aligned
176,11,shiu,1028.32,1028.56,aligned
176,12,ve,1028.56,1028.92,aligned
177,0,dy,1029.46,1029.55,aligned
177,1,bollagh,1029.55,1030.09,aligned
177,2,kiarailagh,1030.24,1031.08,aligned
177,3,aym,1031.50,1031.89,aligned
177,4,bee,1032.07,1032.34,aligned
177,5,sterrym,1032.43,1033.00,aligned
177,6,ayn,1033.00,1033.30,aligned
177,7,t'ad,1033.75,1033.93,aligned
177,8,genmys,1033.93,1034.38,aligned
177,9,eh,1034.38,1034.65,aligned
178,0,cha,1037.05,1037.14,aligned
178,1,nel,1037.14,1037.29,aligned
178,2,yn,1037.29,1037.41,aligned
178,3,ennym,1037.41,1037.62,aligned
178,4,shen,1037.62,1038.01,aligned
178,5,cur,1038.46,1038.67,aligned
178,6,aggle,1038.67,1038.94,aligned
178,7,er,1038.94,1039.00,aligned
178,8,peiagh,1039.00,1039.24,aligned
179,0,yn,1043.35,1043.41,aligned
179,1,sterrym,1043.41,1043.86,aligned
179,2,baase,1043.95,1044.25,aligned
179,3,aym,1044.49,1044.73,aligned
179,4,foddee,1045.27,1045.63,aligned
179,5,dy,1045.78,1045.90,aligned
179,6,bee,1045.93,1046.35,aligned
180,0,boirey,1047.01,1047.46,aligned
180,1,lesh,1047.52,1047.85,aligned
180,2,ny,1048.03,1048.18,aligned
180,3,baatyn,1048.30,1048.84,aligned
180,4,so,1049.17,1049.50,aligned
180,5,lhisagh,1049.62,1049.98,aligned
180,6,shiu,1049.98,1050.16,aligned
180,7,jeeaghyn,1050.25,1050.79,aligned
181,0,er,1051.39,1051.57,aligned
181,1,ynnyd,1051.72,1051.99,aligned
181,2,echey,1051.99,1052.32,aligned
181,3,feaynid,1052.56,1052.89,aligned
181,4,echey,1052.95,1053.28,aligned
181,5,ny,1053.43,1053.52,aligned
181,6,phaggad,1053.52,1053.91,aligned
181,7,bree,1053.91,1054.30,aligned
181,8,cha,1054.63,1054.75,aligned
181,9,nel,1054.75,1054.96,aligned
181,10,eh,1054.96,1055.08,aligned
181,11,ry-gheddyn,1055.08,1055.50,aligned
181,12,ayns,1055.53,1055.74,aligned
181,13,y,1055.74,1055.80,aligned
181,14,chied,1055.83,1056.07,aligned
181,15,agh,1056.22,1056.52,aligned
181,16,foddee,1056.61,1056.82,aligned
181,17,dy,1056.82,1056.91,aligned
181,18,vod,1056.91,1057.06,aligned
181,19,shiu,1057.06,1057.18,aligned
181,20,er,1057.27,1057.36,aligned
181,21,y,1057.36,1057.45,aligned
181,22,trooid,1057.45,1057.78,aligned
182,0,pransalade,1058.32,1058.71,aligned
182,1,mannagh,1058.74,1059.04,aligned
182,2,vel,1059.04,1059.22,aligned
182,3,va,1059.22,1059.37,aligned
182,4,er-lhieu,1059.37,1059.79,aligned
182,5,aym,1060.39,1060.63,aligned
182,6,ta,1060.87,1060.99,aligned
182,7,ram,1060.99,1061.29,aligned
182,8,fysseree,1061.29,1061.68,aligned
182,9,aynshen,1061.68,1062.01,aligned
182,10,mychione,1062.01,1062.46,aligned
182,11,yn,1062.49,1062.58,aligned
182,12,sterrym,1062.58,1063.09,aligned
182,13,bart,1063.36,1063.84,aligned
183,0,nish,1064.44,1064.74,aligned
183,1,er,1064.80,1064.98,aligned
183,2,by,1064.98,1065.10,aligned
183,3,vie,1065.10,1065.25,aligned
183,4,lhiam,1065.25,1065.46,aligned
183,5,briaght,1065.46,1065.82,aligned
183,6,neesht,1065.82,1066.15,aligned
183,7,vel,1066.42,1066.72,aligned
183,8,shiu,1066.72,1067.02,aligned
183,9,laccal,1067.14,1067.86,aligned
184,0,genmys,1068.43,1069.00,aligned
184,1,sterrymyn,1069.36,1069.96,aligned
184,2,ayns,1070.02,1070.29,aligned
184,3,y,1070.29,1070.35,aligned
184,4,ghailck,1070.35,1070.80,aligned
184,5,by,1071.28,1071.37,aligned
184,6,vie,1071.37,1071.67,aligned
184,7,lhiam,1071.67,1071.94,aligned
184,8,as,1071.94,1072.21,aligned
184,9,by,1072.33,1072.39,aligned
184,10,vie,1072.39,1072.60,aligned
184,11,lhiam,1072.60,1072.93,aligned
184,12,enmyn,1073.11,1073.50,aligned
184,13,gaelgagh,1073.62,1074.22,aligned
184,14,er,1074.25,1074.37,aligned
184,15,ve,1074.37,1074.61,aligned
184,16,ec,1074.67,1074.85,aligned
184,17,ooilley,1074.91,1075.15,aligned
184,18,ny,1075.15,1075.27,aligned
184,19,sterrym,1075.27,1075.72,aligned
184,20,ta,1076.20,1076.41,aligned
184,21,enmyn,1076.47,1076.86,aligned
184,22,currit,1077.01,1077.37,aligned
184,23,orroo,1077.40,1077.67,aligned
184,24,ayns,1077.73,1077.94,aligned
184,25,y,1077.94,1078.00,aligned
184,26,vaarle,1078.00,1078.45,aligned
185,0,cha,1080.52,1080.67,aligned
185,1,nel,1080.67,1080.85,aligned
185,2,eh,1080.85,1081.03,aligned
185,3,kiarralagh,1081.15,1081.75,aligned
185,4,dy,1081.75,1081.84,aligned
185,5,vel,1081.84,1082.05,aligned
185,6,enmyn,1082.05,1082.35,aligned
185,7,oc,1082.35,1082.62,aligned
185,8,ayns,1082.62,1082.92,aligned
185,9,y,1083.01,1083.07,aligned
185,10,vaarle,1083.07,1083.40,aligned
186,0,nagh,1085.86,1086.22,aligned
186,1,curjee,1086.73,1087.15,aligned
186,2,fyss,1087.15,1087.36,aligned
186,3,dou,1087.36,1087.57,aligned
186,4,aym,1087.96,1088.29,aligned
186,5,ta,1088.50,1088.83,aligned
187,0,radio,1089.52,1089.94,aligned
187,1,vannin,1089.94,1090.33,aligned
187,2,gra,1090.33,1090.75,aligned
187,3,dy,1092.10,1092.16,aligned
187,4,vel,1092.16,1092.40,aligned
187,5,ellan,1092.46,1092.76,aligned
187,6,vannin,1092.76,1093.24,aligned
187,7,jannoo,1093.66,1094.05,aligned
187,8,eh,1094.11,1094.26,aligned
187,9,hene,1094.29,1094.59,aligned
187,10,aarloo,1094.68,1095.19,aligned
187,11,son,1095.28,1095.70,aligned
187,12,sterrym,1095.85,1096.48,aligned
187,13,vat,1096.69,1097.26,aligned
188,0,vees,1098.52,1098.76,aligned
188,1,cheet,1098.76,1099.18,aligned
188,2,lesh,1099.27,1099.60,aligned
188,3,geay,1099.81,1100.35,aligned
188,4,troddan,1100.53,1101.07,aligned
188,5,as,1101.19,1101.58,aligned
188,6,fliaghey,1101.70,1102.24,aligned
188,7,troddan,1102.27,1102.66,aligned
189,0,t'ad,1104.43,1104.70,aligned
189,1,gra,1104.73,1105.33,aligned
189,2,dy,1105.45,1105.54,aligned
189,3,vel,1105.54,1105.75,aligned
189,4,fow,1105.75,1106.59,aligned
189,5,bwee,1106.86,1107.43,aligned
189,6,son,1107.58,1107.85,aligned
189,7,aym,1107.85,1108.12,aligned
189,8,er,1108.33,1108.45,aligned
189,9,ve,1108.45,1108.60,aligned
189,10,currit,1108.60,1108.90,aligned
189,11,magh,1108.90,1109.26,aligned
189,12,son,1109.32,1109.62,aligned
189,13,mairagh,1109.77,1110.46,aligned
189,14,shen,1110.79,1111.06,aligned
189,15,yn,1111.12,1111.24,aligned
189,16,treeoo,1111.39,1111.90,aligned
189,17,laa,1111.90,1112.20,aligned
189,18,as,1112.20,1112.44,aligned
189,19,feed,1112.44,1112.83,aligned
189,20,lesh,1113.25,1113.67,aligned
190,0,dy,1113.61,1113.67,aligned
190,1,oik,1113.82,1114.12,aligned
190,2,y,1114.21,1114.30,aligned
190,3,roonysvie,1114.30,1115.02,aligned
190,4,gra,1115.17,1115.68,aligned
190,5,dy,1116.76,1116.88,aligned
190,6,bee,1116.88,1117.24,aligned
191,0,injil,1121.35,1121.89,aligned
191,1,y,1121.98,1122.04,aligned
191,2,ving,1122.04,1122.40,aligned
191,3,atlantagh,1122.46,1123.27,aligned
191,4,cheet,1123.75,1124.05,aligned
191,5,dy,1124.17,1124.29,aligned
191,6,ve,1124.29,1124.71,aligned
192,0,cur,1125.97,1126.33,aligned
192,1,er,1126.45,1126.72,aligned
192,2,bun,1126.72,1127.02,aligned
192,3,ram,1127.14,1127.50,aligned
192,4,geay,1127.77,1128.16,aligned
192,5,aym,1128.61,1128.94,aligned
193,0,vees,1129.48,1130.02,aligned
193,1,gaase,1131.13,1131.58,aligned
193,2,ny,1131.70,1131.88,aligned
193,3,smessey,1131.88,1132.45,aligned
193,4,trooid,1132.54,1132.99,aligned
193,5,yn,1133.05,1133.20,aligned
193,6,oie,1133.29,1133.47,aligned
193,7,as,1133.53,1133.68,aligned
193,8,ec,1133.68,1133.83,aligned
193,9,toshiaght,1133.83,1134.28,aligned
193,10,mairagh,1134.52,1135.09,aligned
194,0,foddee,1136.98,1137.49,aligned
194,1,dy,1137.61,1137.73,aligned
194,2,bee,1137.73,1138.36,aligned
195,0,gear,1139.11,1139.50,aligned
195,1,roshtyn,1139.53,1140.22,aligned
195,2,dys,1140.37,1140.58,aligned
195,3,bieauid,1140.58,1141.21,aligned
196,0,jeh,1142.38,1142.74,aligned
196,1,jeih,1143.49,1144.09,aligned
196,2,meeiley,1145.38,1145.92,aligned
197,0,tree,1146.76,1146.97,aligned
197,1,feed,1146.97,1147.36,aligned
197,2,meeilley,1147.51,1147.99,aligned
197,3,as,1148.05,1148.26,aligned
197,4,jeih,1148.26,1148.65,aligned
197,5,syn,1148.74,1149.01,aligned
197,6,oor,1149.13,1149.61,aligned
198,0,aym,1150.15,1150.60,aligned
198,1,ayns,1150.96,1151.26,aligned
198,2,buill,1151.35,1151.74,aligned
198,3,bee,1152.31,1152.52,aligned
198,4,shiu,1152.52,1152.76,aligned
198,5,kiarailagh,1152.76,1153.57,aligned
199,0,foddee,1154.11,1154.65,aligned
199,1,dy,1154.77,1154.86,aligned
199,2,bee,1154.86,1155.07,aligned
199,3,jeeyl,1155.10,1155.52,aligned
199,4,jeant,1155.61,1155.94,aligned
199,5,da,1156.03,1156.24,aligned
199,6,paart,1156.24,1156.57,aligned
199,7,dy,1156.66,1156.78,aligned
199,8,viljyn,1156.90,1157.47,aligned
199,9,as,1157.92,1158.34,aligned
199,10,troggalyn,1158.49,1159.15,aligned
200,0,aym,1159.66,1159.90,aligned
200,1,foddee,1159.99,1160.23,aligned
200,2,shiu,1160.23,1160.35,aligned
200,3,geddyn,1160.35,1160.59,aligned
200,4,tooilley,1160.59,1160.89,aligned
200,5,fysserree,1160.89,1161.28,aligned
200,6,myr,1161.28,1161.46,aligned
200,7,dooyrt,1161.46,1161.70,aligned
200,8,mee,1161.70,1161.79,aligned
200,9,ayns,1161.82,1162.09,aligned
200,10,baarle,1162.09,1162.48,aligned
200,11,er,1162.87,1163.23,aligned
200,12,ynnyd,1163.26,1163.53,aligned
200,13,eggey,1163.53,1163.80,aligned
200,14,radio,1163.83,1164.31,aligned
200,15,vannin,1164.31,1164.70,aligned
201,0,bee,1165.03,1165.12,aligned
201,1,shen,1165.21,1165.66,aligned
201,2,cheet,1165.81,1166.14,aligned
201,3,stiagh,1166.38,1167.04,aligned
201,4,yn,1167.13,1167.70,aligned
201,5,few,1167.70,1168.12,aligned
201,6,shen,1168.12,1168.39,aligned
201,7,neesht,1168.75,1168.93,aligned
201,8,yn,1169.08,1169.20,aligned
201,9,raaue,1169.20,1169.59,aligned
201,10,gow,1169.62,1169.80,aligned
201,11,my,1169.83,1170.04,aligned
201,12,leshtal,1170.04,1170.43,aligned
201,13,nee,1170.73,1170.82,aligned
201,14,shen,1170.82,1171.06,aligned
201,15,cheet,1171.15,1171.48,aligned
201,16,stiagh,1171.48,1172.05,aligned
201,17,ec,1172.53,1172.83,aligned
201,18,queig,1173.16,1173.52,aligned
201,19,er,1173.58,1173.73,aligned
201,20,y,1173.73,1173.79,aligned
201,21,chlag,1173.79,1174.21,aligned
201,22,sy,1174.27,1174.51,aligned
201,23,voghree,1174.60,1175.14,aligned
201,24,mairagh,1175.38,1175.95,aligned
202,0,as,1176.37,1176.70,aligned
202,1,bee,1176.76,1176.97,aligned
202,2,eh,1176.97,1177.06,aligned
202,3,ayn,1177.09,1177.45,aligned
202,4,three,1178.14,1178.62,aligned
202,5,syn,1178.74,1179.07,aligned
202,6,astyr,1179.07,1179.61,aligned
203,0,t'ad,1180.96,1181.14,aligned
203,1,er,1181.14,1181.29,aligned
203,2,chaghlaa,1181.29,1181.83,aligned
203,3,paart,1181.83,1182.13,aligned
203,4,dy,1182.13,1182.22,aligned
203,5,vaatyn,1182.22,1182.64,aligned
203,6,hannah,1182.64,1183.03,aligned
203,7,as,1183.48,1183.75,aligned
203,8,tooilley,1183.84,1184.20,aligned
203,9,fysseree,1184.20,1184.62,aligned
203,10,er,1184.62,1184.77,aligned
203,11,ynnyd,1184.80,1185.01,aligned
203,12,echey,1185.01,1185.34,aligned
203,13,paggad,1185.34,1185.76,aligned
203,14,bree,1185.88,1186.27,aligned
203,15,as,1186.69,1187.02,aligned
203,16,lhisagh,1187.11,1187.47,aligned
203,17,shiu,1187.47,1187.65,aligned
203,18,goll,1187.65,1188.01,aligned
203,19,er,1188.13,1188.49,aligned
204,0,my,1189.45,1189.57,aligned
204,1,ta,1189.57,1189.66,aligned
204,2,shiu,1189.66,1189.87,aligned
204,3,getlagh,1189.87,1190.62,aligned
204,4,gow,1191.01,1191.22,aligned
204,5,shiu,1191.22,1191.58,aligned
204,6,dys,1191.79,1192.24,aligned
204,7,ynnyd,1192.72,1193.02,aligned
204,8,echey,1193.08,1193.53,aligned
204,9,er,1193.98,1194.16,aligned
204,10,ny,1194.16,1194.40,aligned
205,0,linney,1195.36,1195.75,aligned
205,1,er,1195.78,1196.14,aligned
205,2,dy,1196.65,1196.77,aligned
205,3,yannoo,1196.77,1197.10,aligned
205,4,shickyr,1197.19,1197.70,aligned
205,5,dy,1197.82,1197.94,aligned
205,6,vel,1197.94,1198.12,aligned
205,7,eh,1198.12,1198.21,aligned
205,8,sauchey,1198.21,1198.78,aligned
205,9,aym,1199.26,1199.53,aligned
205,10,ta,1199.68,1199.80,aligned
205,11,paart,1199.80,1200.13,aligned
205,12,dy,1200.13,1200.25,aligned
205,13,raaidyn,1200.25,1200.73,aligned
205,14,dooint,1200.88,1201.30,aligned
205,15,aym,1201.39,1201.69,aligned
205,16,agh,1201.84,1202.26,aligned
206,0,er,1203.04,1203.16,aligned
206,1,y,1203.19,1203.22,aligned
206,2,chooid,1203.22,1203.52,aligned
206,3,smoo,1203.52,1203.97,aligned
206,4,cha,1204.27,1204.36,aligned
206,5,nel,1204.36,1204.57,aligned
206,6,red,1204.66,1204.87,aligned
206,7,erbee,1204.87,1205.17,aligned
206,8,dooint,1205.17,1205.50,aligned
206,9,ec,1205.56,1205.77,aligned
206,10,y,1205.83,1205.89,aligned
206,11,traa,1205.89,1206.25,aligned
206,12,t'ayn,1206.25,1206.64,aligned
206,13,kyndagh,1206.76,1207.36,aligned
206,14,rish,1207.42,1207.66,aligned
206,15,yn,1207.66,1207.75,aligned
206,16,emshyr,1207.75,1208.05,aligned
207,0,agh,1208.62,1209.01,aligned
207,1,foddee,1210.09,1210.51,aligned
207,2,dy,1210.60,1210.69,aligned
207,3,jean,1210.69,1210.96,aligned
208,0,taghyrt,1211.47,1212.04,aligned
208,1,as,1212.10,1212.37,aligned
208,2,t'ad,1212.49,1213.00,aligned
208,3,gra,1213.15,1213.60,aligned
208,4,neesht,1213.66,1214.17,aligned
208,5,nagh,1214.59,1215.10,aligned
208,6,lhisagh,1215.19,1215.67,aligned
208,7,shiu,1215.67,1215.88,aligned
208,8,goll,1215.88,1216.24,aligned
208,9,dys,1216.39,1216.57,aligned
208,10,ny,1216.57,1216.69,aligned
208,11,glionteenyn,1216.69,1217.62,aligned
209,0,shooyl,1218.22,1218.85,aligned
209,1,er,1219.24,1219.42,aligned
209,2,yn,1219.42,1219.57,aligned
209,3,oyr,1219.57,1219.84,aligned
209,4,dy,1219.90,1219.99,aligned
209,5,vel,1219.99,1220.23,aligned
209,6,shen,1220.23,1220.56,aligned
209,7,red,1220.65,1220.89,aligned
209,8,beg,1220.89,1221.10,aligned
209,9,danjeyragh,1221.10,1221.70,aligned
209,10,ec,1221.73,1221.88,aligned
209,11,y,1221.88,1221.94,aligned
209,12,traa,1221.94,1222.21,aligned
209,13,t'ayn,1222.21,1222.60,aligned
209,14,my,1222.60,1222.72,aligned
209,15,vees,1222.72,1222.93,aligned
209,16,boirey,1223.11,1223.38,aligned
209,17,erbee,1223.41,1223.71,aligned
209,18,feddynit,1223.71,1224.16,aligned
209,19,jeu,1224.16,1224.46,aligned
210,0,cur,1225.18,1225.39,aligned
210,1,shiu,1225.39,1225.69,aligned
210,2,post-l,1225.69,1226.32,aligned
210,3,gys,1226.44,1226.80,aligned
210,4,forays,1227.07,1227.58,aligned
211,0,ponk,1228.90,1229.23,aligned
211,1,eh,1229.32,1229.56,aligned
211,2,aym,1229.56,1229.83,aligned
211,3,er,1230.04,1230.19,aligned
211,4,yn,1230.73,1230.79,aligned
211,5,oie,1230.88,1231.03,aligned
212,0,at,1232.23,1232.47,aligned
212,1,gob,1232.59,1232.95,aligned
212,2,ponk,1233.13,1233.46,aligned
212,3,eh,1233.58,1233.85,aligned
212,4,aym,1233.91,1234.18,aligned
212,5,mie,1234.81,1234.96,aligned
212,6,dy,1234.96,1235.02,aligned
212,7,liooar,1235.02,1235.32,aligned
212,8,da,1235.32,1235.50,aligned
212,9,cleayshyn,1235.50,1235.95,aligned
212,10,magh,1235.95,1236.31,aligned
212,11,yn,1236.31,1236.37,aligned
212,12,chiaghtin,1236.37,1236.79,aligned
212,13,shoh,1236.79,1237.12,aligned
212,14,shoh,1237.12,1237.45,aligned
212,15,diu,1237.45,1237.84,aligned
212,16,foast,1238.26,1238.74,aligned
212,17,moon,1238.74,1239.10,aligned
212,18,lesh,1239.31,1239.64,aligned
212,19,campus,1239.73,1240.33,aligned
213,0,veih'n,1240.69,1240.93,aligned
213,1,chied,1240.93,1241.29,aligned
213,2,albym,1241.32,1241.68,aligned
213,3,oc,1241.68,1241.89,aligned
213,4,so,1241.95,1242.25,aligned
213,5,shen,1242.25,1242.58,aligned
213,6,goaill,1242.70,1242.97,aligned
213,7,stiagh,1242.97,1243.48,aligned
213,8,yn,1243.87,1244.02,aligned
213,9,chiaulleyder,1244.02,1244.62,aligned
213,10,ennoil,1244.68,1245.13,aligned
213,11,veih,1245.28,1245.52,aligned
214,0,muslimee,1246.51,1247.17,aligned
214,1,shoh,1247.68,1247.98,aligned
214,2,eh,1247.98,1248.22,aligned
214,3,ta,1255.03,1255.15,aligned
214,4,shiu,1255.15,1255.30,aligned
214,5,er,1255.30,1255.39,aligned
214,6,ve,1255.39,1255.54,aligned
214,7,geaishtagh,1255.54,1256.08,aligned
214,8,rish,1256.08,1256.29,aligned
214,9,kiaull,1256.29,1256.59,aligned
214,10,as,1256.59,1256.71,aligned
214,11,cooish,1256.71,1257.01,aligned
215,0,vees,1256.86,1256.98,aligned
215,1,er,1257.04,1257.28,aligned
215,2,radio,1257.28,1257.67,aligned
215,3,vannin,1257.67,1257.97,aligned
215,4,eh,1258.15,1258.36,aligned
215,5,aym,1258.45,1258.72,aligned
215,6,as,1259.20,1259.50,aligned
215,7,dy,1259.65,1259.77,aligned
216,0,foddee,1260.76,1260.94,aligned
216,1,shiu,1260.94,1261.06,aligned
216,2,geaishtagh,1261.06,1261.51,aligned
216,3,rish,1261.51,1261.69,aligned
216,4,yn,1261.69,1261.81,aligned
216,5,clane,1261.81,1262.17,aligned
216,6,claare,1262.17,1262.47,aligned
216,7,reesht,1262.56,1263.01,aligned
217,0,glare,1263.88,1264.15,aligned
217,1,erbee,1264.15,1264.39,aligned
217,2,elley,1264.39,1264.66,aligned
217,3,jeant,1264.66,1264.93,aligned
217,4,ec,1264.93,1265.08,aligned
217,5,radio,1265.08,1265.44,aligned
217,6,vannin,1265.44,1265.80,aligned
217,7,er,1266.28,1266.85,aligned
218,0,ynnyd,1267.39,1267.63,aligned
218,1,echey,1267.63,1267.99,aligned
218,2,main,1268.17,1268.35,aligned
218,3,credjal,1268.35,1268.98,aligned
218,4,ta,1271.59,1271.71,aligned
218,5,shin,1271.71,1271.86,aligned
218,6,cur,1271.86,1272.07,aligned
218,7,nyn,1272.07,1272.31,aligned
218,8,mooise,1272.31,1272.58,aligned
219,0,t'eh,1273.81,1273.96,aligned
219,1,ayns,1274.02,1274.20,aligned
219,2,guilley,1274.20,1274.50,aligned
219,3,gaelgagh,1274.50,1274.98,aligned
219,4,as,1275.01,1275.28,aligned
219,5,radio,1275.37,1275.79,aligned
219,6,vannin,1275.79,1276.15,aligned
219,7,vannaght,1276.57,1276.90,aligned
219,8,laa,1276.90,1277.17,aligned
220,0,scruit,1279.87,1280.35,aligned
220,1,creelit,1281.37,1281.82,aligned
220,2,ec,1282.00,1282.18,aligned
220,3,dooinney,1282.18,1282.45,aligned
220,4,whaiyl,1282.51,1282.81,aligned
221,0,kiaull,1289.71,1289.95,aligned
221,1,as,1289.95,1290.10,aligned
221,2,cooish,1290.10,1290.61,aligned
221,3,vees,1290.85,1291.03,aligned
221,4,goll,1291.03,1291.39,aligned
221,5,er,1291.39,1291.48,aligned
221,6,jannoo,1291.48,1291.93,aligned
221,7,liorish,1291.93,1292.29,aligned
221,8,dooinney,1292.29,1292.62,aligned
221,9,quaiyl,1292.71,1293.07,aligned
222,0,david,1294.93,1295.26,aligned
222,1,kilgallon,1295.26,1295.86,aligned
222,2,marish,1296.01,1296.37,aligned
222,3,phil,1296.37,1296.58,aligned
222,4,gawne,1296.58,1296.97,aligned
222,5,son,1296.97,1297.27,aligned
222,6,goll,1297.27,1297.60,aligned
222,7,as,1297.60,1297.78,aligned
222,8,gaccan,1297.78,1298.23,aligned
222,9,fastyr,1298.23,1298.68,aligned
222,10,jedoonee,1298.68,1299.34,aligned
222,11,eddyr,1299.61,1299.88,aligned
222,12,kiare,1299.88,1300.27,aligned
222,13,bio,1300.30,1300.54,aligned
222,14,my,1300.54,1300.66,aligned
222,15,she,1300.66,1300.99,aligned
222,16,bio,1301.02,1301.23,aligned
222,17,agh,1301.68,1301.95,aligned
222,18,erlhimmey,1301.95,1302.34,aligned
222,19,jeh,1302.34,1302.55,aligned
222,20,faaishnys,1302.55,1303.06,aligned
222,21,ny,1303.06,1303.24,aligned
222,22,hemshyr,1303.24,1303.69,aligned
222,23,kuse,1304.14,1304.38,aligned
222,24,dy,1304.38,1304.53,aligned
222,25,enmyn,1304.53,1304.83,aligned
222,26,buill,1304.86,1305.31,aligned
223,0,cha,1305.58,1305.91,aligned
223,1,row,1305.91,1306.06,aligned
223,2,meer,1306.06,1306.33,aligned
223,3,erlheh,1306.33,1306.87,aligned
223,4,ernynson,1306.87,1307.44,aligned
223,5,sy,1307.44,1307.65,aligned
223,6,ghaelg,1307.65,1308.10,aligned
224,0,goll,1309.96,1310.20,aligned
224,1,as,1310.20,1310.35,aligned
224,2,gaccan,1310.35,1310.89,aligned
224,3,ec,1310.89,1311.07,aligned
224,4,she,1311.07,1311.43,aligned
224,5,beeym,1311.43,1312.00,aligned
224,6,ta,1312.24,1312.36,aligned
224,7,claare,1312.36,1312.69,aligned
224,8,ny,1312.69,1312.81,aligned
224,9,gael,1312.81,1313.08,aligned
224,10,ry,1313.08,1313.23,aligned
224,11,chlashtyn,1313.23,1313.77,aligned
225,0,ayns,1314.76,1314.91,aligned
225,1,claare,1314.91,1315.21,aligned
225,2,ny,1315.21,1315.30,aligned
225,3,gael,1315.30,1315.63,aligned
225,4,ta,1315.63,1315.78,aligned
225,5,shin,1315.78,1315.99,aligned
225,6,er,1315.99,1316.14,aligned
225,7,jeet,1316.14,1316.47,aligned
225,8,gys,1316.47,1316.68,aligned
225,9,yn,1316.68,1316.86,aligned
225,10,reayll,1316.86,1317.22,aligned
225,11,s'jerree,1317.22,1317.94,aligned
225,12,jeh'n,1317.94,1318.24,aligned
225,13,chyndaays,1318.24,1318.93,aligned
225,14,ain,1318.93,1319.14,aligned
225,15,sy,1319.14,1319.32,aligned
225,16,ghaelg,1319.32,1319.83,aligned
225,17,jeh,1320.07,1320.40,aligned
225,18,dracula,1320.49,1320.88,aligned
225,19,liorish,1321.09,1321.39,aligned
225,20,bram,1321.39,1321.66,aligned
225,21,stoker,1321.66,1322.26,aligned
226,0,quinsey,1323.70,1324.06,aligned
226,1,moirys,1324.06,1324.51,aligned
226,2,as,1324.51,1324.63,aligned
226,3,yn,1324.63,1324.75,aligned
226,4,ferlhee,1324.75,1325.17,aligned
226,5,john,1325.17,1325.44,aligned
226,6,seward,1325.44,1325.98,aligned
226,7,er,1325.98,1326.16,aligned
226,8,y,1326.16,1326.25,aligned
226,9,derrey,1326.25,1326.58,aligned
226,10,heu,1326.82,1327.03,aligned
227,0,as,1327.57,1327.72,aligned
227,1,yn,1327.72,1327.78,aligned
227,2,chiarn,1327.78,1328.32,aligned
227,3,godalming,1328.32,1329.13,aligned
227,4,as,1329.13,1329.31,aligned
227,5,jonathan,1329.31,1329.79,aligned
228,0,cheu,1330.45,1330.72,aligned
228,1,elley,1330.72,1331.17,aligned
228,2,as,1331.83,1332.01,aligned
228,3,ta,1332.01,1332.16,aligned
228,4,cheet,1332.16,1332.49,aligned
228,5,er,1332.55,1332.76,aligned
228,6,lheid,1332.85,1333.21,aligned
228,7,y,1333.21,1333.33,aligned
228,8,vargey,1333.33,1333.75,aligned
228,9,mish,1333.75,1334.17,aligned
228,10,gurnee,1334.17,1334.77,aligned
229,0,ta'n,1335.64,1335.82,aligned
229,1,kishtey,1335.82,1336.45,aligned
229,2,as,1336.69,1336.84,aligned
229,3,yn,1336.84,1336.93,aligned
229,4,count,1336.93,1337.23,aligned
229,5,dracula,1337.23,1337.62,aligned
229,6,dy,1339.57,1339.66,aligned
229,7,ve,1339.72,1339.84,aligned
229,8,ny,1339.84,1339.96,aligned
229,9,harker,1339.96,1340.53,aligned
229,10,faagym,1340.77,1341.43,aligned
229,11,y,1341.43,1341.52,aligned
229,12,dooinney,1341.52,1341.88,aligned
229,13,sheshey,1341.88,1342.33,aligned
229,14,jonathan,1342.33,1342.96,aligned
229,15,caggey,1343.26,1343.80,aligned
229,16,noi,1343.80,1344.07,aligned
229,17,mish,1344.07,1344.37,aligned
229,18,gurnee,1344.37,1344.88,aligned
229,19,ta,1345.18,1345.30,aligned
229,20,cur,1345.30,1345.57,aligned
229,21,lhaih,1345.84,1346.08,aligned
230,0,veih,1345.93,1346.08,aligned
230,1,dy,1346.08,1346.20,aligned
230,2,veggan,1346.20,1346.62,aligned
230,3,as,1347.10,1347.25,aligned
230,4,scronnal,1347.25,1347.85,aligned
230,5,eh,1347.85,1348.00,aligned
230,6,jee,1348.00,1348.42,aligned
230,7,dy,1348.72,1348.81,aligned
230,8,vel,1348.81,1349.02,aligned
230,9,eh,1349.02,1349.11,aligned
230,10,fo,1349.11,1349.32,aligned
230,11,jonathan,1349.32,1349.95,aligned
230,12,soie,1349.95,1350.40,aligned
230,13,roish,1350.40,1350.88,aligned
230,14,as,1350.88,1351.09,aligned
230,15,stroie,1351.09,1351.60,aligned
230,16,yn,1351.60,1351.75,aligned
230,17,count,1351.75,1352.17,aligned
230,18,chelleeragh,1352.41,1353.16,aligned
231,0,va,1360.66,1360.78,aligned
231,1,jonathan,1360.78,1361.32,aligned
231,2,er-lhimmey,1361.32,1361.83,aligned
231,3,seose,1361.83,1362.19,aligned
231,4,er,1362.19,1362.31,aligned
231,5,y,1362.31,1362.37,aligned
231,6,chart,1362.37,1362.85,aligned
232,0,as,1363.45,1363.69,aligned
232,1,lesh,1363.84,1364.11,aligned
232,2,niart,1364.11,1364.56,aligned
232,3,va,1364.56,1364.71,aligned
232,4,jeeaghyn,1364.71,1365.01,aligned
232,5,dy,1365.01,1365.10,aligned
232,6,ve,1365.10,1365.28,aligned
232,7,erskyn,1365.28,1365.70,aligned
232,8,credjue,1365.73,1366.36,aligned
232,9,hrog,1366.78,1367.11,aligned
232,10,eh,1367.11,1367.26,aligned
232,11,seose,1367.26,1367.71,aligned
232,12,y,1367.71,1367.77,aligned
232,13,kishtey,1367.77,1368.22,aligned
232,14,mooar,1368.22,1368.64,aligned
232,15,as,1368.94,1369.12,aligned
232,16,cheau,1369.12,1369.54,aligned
232,17,eh,1369.54,1369.78,aligned
232,18,harrish,1369.93,1370.26,aligned
232,19,y,1370.26,1370.32,aligned
232,20,wheeyl,1370.35,1370.74,aligned
232,21,gys,1370.74,1370.92,aligned
232,22,y,1370.92,1370.98,aligned
232,23,thalloo,1370.98,1371.40,aligned
233,0,bundayr,1372.90,1373.50,aligned
233,1,eh,1373.50,1373.74,aligned
233,2,ve,1374.04,1374.19,aligned
233,3,er,1374.19,1374.25,aligned
233,4,mnr,1374.25,1374.43,aligned
233,5,murrays,1374.46,1375.09,aligned
233,6,jannoo,1375.09,1375.39,aligned
233,7,ymmyd,1375.39,1375.63,aligned
233,8,jeh,1375.63,1375.87,aligned
233,9,niart,1375.87,1376.35,aligned
233,10,dy,1376.65,1376.74,aligned
233,11,gholl,1376.74,1376.98,aligned
233,12,trooid,1376.98,1377.31,aligned
233,13,y,1377.31,1377.40,aligned
233,14,cheu,1377.43,1377.70,aligned
233,15,echey,1377.70,1378.09,aligned
233,16,jeh'n,1378.09,1378.42,aligned
233,17,chiarkyl,1378.42,1378.96,aligned
233,18,by,1378.96,1379.11,aligned
234,0,ooilley,1380.76,1381.18,aligned
234,1,yn,1381.18,1381.27,aligned
234,2,traa,1381.27,1381.75,aligned
234,3,gyn,1381.75,1382.05,aligned
234,4,tayrn,1382.05,1382.50,aligned
234,5,ennal,1382.50,1382.83,aligned
234,6,va,1383.10,1383.19,aligned
234,7,mee,1383.19,1383.37,aligned
234,8,jeeaghyn,1383.37,1383.70,aligned
234,9,er,1383.70,1383.91,aligned
234,10,jonathan,1383.91,1384.48,aligned
235,0,va,1385.32,1385.44,aligned
235,1,mee,1385.44,1385.62,aligned
235,2,ass,1385.68,1386.07,aligned
235,3,cur,1386.10,1386.37,aligned
235,4,new,1386.37,1386.88,aligned
235,5,ooilley,1386.88,1387.39,aligned
236,0,er,1387.90,1388.08,aligned
236,1,nakin,1388.08,1388.80,aligned
236,2,mnr,1389.31,1389.58,aligned
236,3,moirys,1389.61,1390.15,aligned
236,4,soie,1390.33,1390.84,aligned
236,5,dy,1390.84,1391.02,aligned
236,6,debejagh,1391.14,1391.71,aligned
236,7,er,1391.71,1391.83,aligned
236,8,y,1391.83,1391.89,aligned
236,9,hoshiaght,1391.92,1392.43,aligned
236,10,as,1392.85,1393.03,aligned
236,11,roie,1393.03,1393.27,aligned
236,12,er,1393.27,1393.36,aligned
236,13,nakin,1393.36,1393.90,aligned
236,14,skianyn,1394.08,1394.74,aligned
236,15,ny,1394.74,1394.86,aligned
236,16,jokshian,1394.86,1395.46,aligned
236,17,falleaysagh,1395.46,1396.21,aligned
236,18,cho,1396.21,1396.39,aligned
236,19,choud's,1396.72,1397.08,aligned
236,20,ren,1397.08,1397.29,aligned
236,21,eh,1397.29,1397.41,aligned
236,22,cosney,1397.41,1398.10,aligned
237,0,raad,1398.13,1398.55,aligned
237,1,nyn,1398.55,1398.73,aligned
237,2,drooid,1398.73,1399.21,aligned
237,3,as,1399.72,1399.90,aligned
237,4,ren,1399.90,1400.11,aligned
237,5,ad,1400.11,1400.23,aligned
237,6,scuitchal,1400.23,1400.80,aligned
237,7,echey,1400.80,1401.07,aligned
238,0,v'eh,1402.36,1402.51,aligned
238,1,cho,1402.54,1402.81,aligned
238,2,shiaght,1402.81,1403.35,aligned
238,3,lesh,1403.35,1403.59,aligned
238,4,y,1403.59,1403.65,aligned
238,5,skynn,1403.65,1404.04,aligned
238,6,vooar,1404.04,1404.34,aligned
238,7,voee,1404.34,1404.76,aligned
238,8,echey,1404.76,1405.03,aligned
239,0,as,1405.87,1406.02,aligned
239,1,ec,1406.02,1406.20,aligned
239,2,y,1406.20,1406.26,aligned
239,3,toshiaght,1406.26,1406.71,aligned
239,4,va,1406.71,1406.83,aligned
239,5,mee,1406.83,1406.95,aligned
239,6,smooinaghtyn,1406.95,1407.43,aligned
239,7,dy,1407.43,1407.49,aligned
239,8,row,1407.49,1407.67,aligned
239,9,eshyn,1407.67,1408.00,aligned
239,10,neesht,1408.00,1408.33,aligned
239,11,er,1408.33,1408.48,aligned
239,12,jeet,1408.48,1408.75,aligned
239,13,trooid,1408.75,1409.02,aligned
239,14,dy,1409.11,1409.20,aligned
239,15,sauchey,1409.20,1409.71,aligned
240,0,agh,1410.52,1410.91,aligned
240,1,chouds,1411.36,1411.93,aligned
240,2,ren,1411.93,1412.14,aligned
240,3,eh,1412.14,1412.23,aligned
240,4,lheimmey,1412.26,1412.56,aligned
240,5,stiagh,1412.56,1413.13,aligned
240,6,liorish,1413.13,1413.49,aligned
240,7,jonathan,1413.49,1413.97,aligned
241,0,liorish,1414.54,1414.96,aligned
241,1,nish,1414.96,1415.44,aligned
241,2,erlhimmey,1415.65,1416.13,aligned
241,3,neese,1416.13,1416.43,aligned
241,4,veih'n,1416.49,1416.70,aligned
241,5,cheayrt,1416.70,1417.18,aligned
242,0,dob,1417.84,1418.17,aligned
242,1,mee,1418.17,1418.38,aligned
242,2,fakin,1418.38,1419.07,aligned
242,3,dy,1419.46,1419.55,aligned
242,4,row,1419.55,1419.82,aligned
242,5,y,1419.82,1419.88,aligned
242,6,laue,1419.88,1420.24,aligned
242,7,echey,1420.60,1420.93,aligned
242,8,greimmey,1420.93,1421.68,aligned
242,9,er,1421.68,1421.89,aligned
242,10,y,1421.89,1421.95,aligned
242,11,lhiabbee,1421.95,1422.49,aligned
243,0,as,1423.06,1423.21,aligned
243,1,dy,1423.21,1423.33,aligned
243,2,row,1423.33,1423.63,aligned
243,3,fuill,1423.72,1424.32,aligned
243,4,spreih,1424.59,1425.25,aligned
243,5,magh,1425.25,1425.64,aligned
243,6,trooid,1425.64,1426.00,aligned
243,7,ny,1426.00,1426.12,aligned
243,8,meir,1426.12,1426.39,aligned
243,9,echey,1426.39,1426.69,aligned
244,0,cha,1428.01,1428.37,aligned
244,1,ren,1428.37,1428.58,aligned
244,2,eh,1428.58,1428.67,aligned
244,3,cumrail,1428.70,1429.33,aligned
244,4,ny,1429.51,1429.66,aligned
244,5,yei,1429.66,1429.90,aligned
244,6,shoh,1429.90,1430.35,aligned
244,7,erson,1430.83,1431.19,aligned
244,8,choud,1431.22,1431.55,aligned
244,9,ren,1431.55,1431.76,aligned
244,10,jonathan,1431.76,1432.39,aligned
244,11,lesh,1432.57,1432.78,aligned
244,12,bree,1432.78,1433.11,aligned
244,13,debejagh,1433.20,1433.92,aligned
244,14,soiaghey,1434.19,1434.85,aligned
244,15,er,1434.85,1435.09,aligned
244,16,derrey,1435.27,1435.57,aligned
244,17,kione,1435.60,1435.96,aligned
244,18,y,1435.96,1436.02,aligned
244,19,kishtey,1436.02,1436.59,aligned
244,20,ayns,1436.59,1436.83,aligned
244,21,eab,1436.83,1437.16,aligned
244,22,frizzel,1437.16,1437.64,aligned
244,23,joarree,1437.64,1438.06,aligned
244,24,farbyl,1438.06,1438.72,aligned
245,0,lesh,1439.05,1439.26,aligned
245,1,y,1439.26,1439.32,aligned
245,2,skynn,1439.32,1439.62,aligned
245,3,book,1439.62,1439.95,aligned
245,4,obbree,1439.95,1440.28,aligned
245,5,echey,1440.28,1440.58,aligned
245,6,ren,1441.27,1441.69,aligned
245,7,eh,1441.69,1441.78,aligned
245,8,soiaghey,1441.78,1442.38,aligned
245,9,er,1442.38,1442.50,aligned
245,10,y,1442.50,1442.56,aligned
245,11,chione,1442.56,1442.95,aligned
245,12,elley,1442.95,1443.28,aligned
245,13,lesh,1443.28,1443.52,aligned
245,14,y,1443.52,1443.55,aligned
245,15,voee,1443.55,1443.94,aligned
245,16,echey,1443.94,1444.21,aligned
246,0,lesh,1445.44,1445.68,aligned
246,1,eabyn,1445.68,1446.04,aligned
246,2,y,1446.04,1446.10,aligned
246,3,daa,1446.10,1446.40,aligned
246,4,ghooinney,1446.40,1446.82,aligned
246,5,ren,1447.06,1447.36,aligned
246,6,y,1447.36,1447.45,aligned
246,7,farkyl,1447.45,1447.96,aligned
246,8,goaill,1447.96,1448.23,aligned
246,9,toshiaght,1448.23,1448.68,aligned
246,10,er,1448.68,1448.83,aligned
246,11,lhiggey,1448.83,1449.22,aligned
247,0,va,1450.06,1450.15,aligned
247,1,ny,1450.15,1450.27,aligned
247,2,treinaghyn,1450.33,1450.96,aligned
247,3,goll,1450.96,1451.23,aligned
247,4,er,1451.23,1451.32,aligned
247,5,tayrn,1451.32,1451.77,aligned
247,6,magh,1451.77,1452.10,aligned
247,7,lesh,1452.10,1452.34,aligned
247,8,sheean,1452.34,1452.79,aligned
247,9,myr,1452.79,1453.00,aligned
247,10,s'graihagh,1453.00,1453.66,aligned
247,11,as,1454.08,1454.26,aligned
247,12,va,1454.26,1454.41,aligned
247,13,mullagh,1454.41,1454.89,aligned
247,14,y,1454.89,1454.95,aligned
247,15,chishtey,1454.95,1455.37,aligned
247,16,ceaut,1455.40,1455.76,aligned
247,17,foshlit,1455.76,1456.39,aligned
248,0,liorish,1458.10,1458.43,aligned
248,1,y,1458.43,1458.49,aligned
248,2,traa,1458.49,1458.82,aligned
248,3,shoh,1458.82,1459.15,aligned
248,4,va,1459.15,1459.30,aligned
248,5,ny,1459.30,1459.39,aligned
248,6,jokshan,1459.39,1460.02,aligned
248,7,as,1460.23,1460.35,aligned
248,8,ocsyn,1460.35,1460.71,aligned
248,9,fakin,1460.71,1461.16,aligned
248,10,dy,1461.16,1461.28,aligned
248,11,row,1461.28,1461.43,aligned
248,12,ny,1461.43,1461.52,aligned
248,13,winchester,1461.52,1462.09,aligned
248,14,un,1462.09,1462.24,aligned
248,15,jeerit,1462.27,1462.75,aligned
248,16,orroo,1462.75,1463.02,aligned
248,17,as,1463.32,1463.50,aligned
248,18,fo,1463.50,1463.74,aligned
248,19,vyghinyn,1463.74,1464.49,aligned
248,20,chiarn,1464.49,1464.88,aligned
248,21,godalming,1464.91,1465.54,aligned
248,22,as,1465.54,1465.69,aligned
248,23,yn,1465.69,1465.84,aligned
248,24,erlhee,1465.84,1466.20,aligned
248,25,seward,1466.20,1466.65,aligned
249,0,er,1467.16,1467.28,aligned
249,1,chur,1467.28,1467.58,aligned
249,2,seose,1467.58,1468.06,aligned
249,3,as,1468.39,1468.51,aligned
249,4,cha,1468.51,1468.66,aligned
249,5,row,1468.66,1468.84,aligned
249,6,ad,1468.84,1468.96,aligned
249,7,shassoo,1468.96,1469.44,aligned
249,8,noi,1469.44,1469.74,aligned
249,9,oc,1469.74,1469.98,aligned
250,0,va'n,1470.97,1471.15,aligned
250,1,ghrian,1471.15,1471.66,aligned
250,2,bunnys,1471.69,1472.11,aligned
250,3,er,1472.11,1472.23,aligned
250,4,ngholl,1472.23,1472.44,aligned
250,5,sheese,1472.44,1472.95,aligned
250,6,er,1472.95,1473.04,aligned
250,7,mulleeyn,1473.07,1473.55,aligned
250,8,ny,1473.55,1473.64,aligned
250,9,sleityn,1473.64,1474.18,aligned
250,10,as,1474.72,1474.93,aligned
250,11,va,1474.93,1475.02,aligned
250,12,scaadooyn,1475.02,1475.92,aligned
250,13,y,1475.92,1475.98,aligned
250,14,clane,1476.01,1476.40,aligned
250,15,possan,1476.40,1476.91,aligned
250,16,ny,1477.18,1477.33,aligned
250,17,lhie,1477.33,1477.75,aligned
250,18,liauyr,1477.84,1478.26,aligned
250,19,erinagh,1478.26,1478.92,aligned
251,0,honnick,1480.30,1480.60,aligned
251,1,mee,1480.60,1480.81,aligned
251,2,y,1480.81,1480.90,aligned
251,3,count,1480.93,1481.32,aligned
251,4,ny,1481.56,1481.71,aligned
251,5,lhie,1481.71,1482.16,aligned
251,6,cheusthie,1482.16,1482.76,aligned
251,7,jehn,1482.76,1483.03,aligned
251,8,chishtey,1483.03,1483.54,aligned
251,9,er,1483.54,1483.66,aligned
251,10,yn,1483.66,1483.78,aligned
251,11,ooir,1483.78,1484.08,aligned
252,0,as,1484.95,1485.13,aligned
252,1,paart,1485.13,1485.46,aligned
252,2,jeh,1485.46,1485.85,aligned
252,3,ayns,1485.85,1486.18,aligned
252,4,tuittym,1486.27,1486.78,aligned
252,5,dy,1486.87,1486.96,aligned
252,6,garroo,1486.96,1487.41,aligned
252,7,veih'n,1487.41,1487.74,aligned
252,8,keird,1487.74,1488.16,aligned
252,9,er,1488.52,1488.64,aligned
252,10,skeayley,1488.64,1489.09,aligned
252,11,harrish,1489.09,1489.60,aligned
253,0,v'eh,1490.53,1490.74,aligned
253,1,jeeaghyn,1490.74,1491.34,aligned
253,2,cho,1491.37,1491.64,aligned
253,3,glass,1491.70,1492.27,aligned
253,4,as,1492.27,1492.45,aligned
253,5,baase,1492.45,1492.99,aligned
253,6,kiart,1493.50,1493.77,aligned
253,7,gollrish,1493.77,1494.13,aligned
253,8,jalloo,1494.13,1494.49,aligned
253,9,as,1494.49,1494.73,aligned
254,0,va,1496.56,1496.68,aligned
254,1,ny,1496.68,1496.77,aligned
254,2,sooillyn,1496.80,1497.28,aligned
254,3,jiargey,1497.28,1497.85,aligned
254,4,blakey,1498.21,1498.81,aligned
254,5,dy,1498.81,1498.93,aligned
254,6,fergagh,1498.93,1499.65,aligned
254,7,lesh,1499.65,1499.89,aligned
254,8,ry,1499.89,1499.98,aligned
254,9,hilley,1499.98,1500.43,aligned
254,10,gra,1500.43,1500.73,aligned
254,11,goanlyssagh,1501.00,1501.96,aligned
254,12,as,1502.05,1502.26,aligned
254,13,fys,1502.26,1502.53,aligned
254,14,aym,1502.53,1502.68,aligned
254,15,er,1502.68,1502.92,aligned
254,16,ro,1502.92,1503.22,aligned
254,17,vie,1503.22,1503.67,aligned
255,0,choud's,1504.84,1505.32,aligned
255,1,ren,1505.32,1505.47,aligned
255,2,mee,1505.53,1505.65,aligned
255,3,jiu,1505.65,1505.98,aligned
255,4,honnick,1506.70,1507.09,aligned
255,5,ny,1507.24,1507.33,aligned
255,6,sooillyn,1507.33,1508.11,aligned
255,7,ghrian,1508.32,1508.83,aligned
255,8,sinkeil,1508.86,1509.67,aligned
255,9,as,1510.15,1510.36,aligned
255,10,ren,1510.36,1510.66,aligned
255,11,yn,1510.66,1510.78,aligned
255,12,shilley,1510.78,1511.47,aligned
255,13,dy,1511.47,1511.65,aligned
255,14,ghuee,1511.65,1512.31,aligned
255,15,ayn,1512.31,1512.58,aligned
255,16,dou,1512.58,1512.91,aligned
255,17,chyndaa,1513.24,1513.78,aligned
255,18,gys,1513.78,1513.99,aligned
255,19,shilley,1513.99,1514.41,aligned
255,20,dy,1514.41,1514.56,aligned
255,21,varriaght,1514.56,1515.25,aligned
256,0,agh,1515.76,1516.09,aligned
256,1,ayns,1516.57,1516.81,aligned
256,2,tullagh,1516.93,1517.38,aligned
256,3,haink,1517.83,1518.10,aligned
257,0,va,1519.21,1519.30,aligned
257,1,leah,1519.30,1519.72,aligned
257,2,skyn,1519.72,1520.35,aligned
257,3,feer,1520.47,1520.86,aligned
257,4,vooar,1520.95,1521.25,aligned
257,5,jonathan,1521.25,1521.76,aligned
258,0,ren,1522.48,1522.60,aligned
258,1,mee,1522.60,1522.72,aligned
258,2,screeagh,1522.72,1523.47,aligned
258,3,choud's,1523.65,1524.01,aligned
258,4,honnick,1524.01,1524.34,aligned
258,5,mee,1524.34,1524.61,aligned
258,6,eh,1524.61,1524.79,aligned
258,7,giarrey,1524.94,1525.39,aligned
258,8,trooid,1525.51,1525.87,aligned
258,9,y,1525.87,1525.96,aligned
258,10,scoarnagh,1525.96,1526.71,aligned
258,11,chouds,1526.98,1527.40,aligned
258,12,ec,1527.40,1527.55,aligned
258,13,yn,1527.55,1527.64,aligned
258,14,un,1527.64,1527.82,aligned
258,15,shallid,1527.82,1528.30,aligned
258,16,ren,1528.51,1528.69,aligned
258,17,skyn,1528.69,1529.17,aligned
258,18,voee,1529.17,1529.56,aligned
258,19,mnr,1529.56,1529.71,aligned
258,20,moirys,1529.86,1530.37,aligned
258,21,thummey,1530.64,1531.00,aligned
258,22,stiagh,1531.00,1531.51,aligned
258,23,sy,1531.51,1531.69,aligned
258,24,chree,1531.69,1532.14,aligned
259,0,gollrish,1533.13,1533.58,aligned
259,1,mirril,1533.64,1534.21,aligned
259,2,agh,1534.81,1535.05,aligned
259,3,roish,1535.05,1535.56,aligned
259,4,ny,1535.56,1535.68,aligned
259,5,sooillyn,1535.68,1536.22,aligned
259,6,ain,1536.22,1536.46,aligned
259,7,hene,1536.46,1536.85,aligned
259,8,as,1537.33,1537.54,aligned
259,9,bunnys,1537.54,1537.99,aligned
259,10,ayns,1537.99,1538.26,aligned
259,11,yn,1538.26,1538.35,aligned
259,12,traa,1538.35,1538.77,aligned
259,13,son,1538.77,1539.04,aligned
259,14,tayrn,1539.04,1539.55,aligned
259,15,ennal,1539.55,1539.94,aligned
260,0,ren,1540.51,1541.02,aligned
260,1,y,1541.20,1541.23,aligned
260,2,clane,1541.32,1541.86,aligned
260,3,corp,1541.92,1542.40,aligned
260,4,molmaghey,1542.64,1543.63,aligned
260,5,gys,1543.63,1543.93,aligned
260,6,joan,1543.93,1544.47,aligned
260,7,as,1544.95,1545.16,aligned
260,8,hie,1545.16,1545.55,aligned
260,9,eh,1545.55,1545.73,aligned
260,10,ass,1545.82,1546.18,aligned
260,11,nyn,1546.21,1546.39,aligned
260,12,shilley,1546.39,1547.11,aligned
261,0,bee,1548.19,1548.61,aligned
261,1,taitnys,1548.79,1549.45,aligned
261,2,aym,1549.45,1549.69,aligned
261,3,choud's,1549.69,1550.23,aligned
261,4,ta,1550.23,1550.35,aligned
261,5,mee,1550.35,1550.62,aligned
261,6,bio,1550.80,1551.31,aligned
261,7,eer,1551.70,1552.12,aligned
261,8,ayns,1552.12,1552.45,aligned
261,9,y,1552.45,1552.48,aligned
261,10,tullagh,1552.60,1552.96,aligned
261,11,shen,1552.96,1553.47,aligned
261,12,jeant,1553.56,1553.89,aligned
261,13,feaysley,1553.89,1554.49,aligned
261,14,jerrinagh,1554.49,1555.18,aligned
262,0,syn,1555.45,1555.81,aligned
262,1,eddin,1555.93,1556.29,aligned
262,2,echey,1556.29,1556.71,aligned
262,3,va,1556.95,1557.13,aligned
262,4,cummey,1557.25,1557.67,aligned
262,5,dy,1557.67,1557.85,aligned
262,6,yee,1557.88,1558.42,aligned
262,7,jeh,1558.78,1559.08,aligned
262,8,lheid,1559.17,1559.50,aligned
262,9,ny,1559.50,1559.74,aligned
262,10,dod,1559.86,1560.13,aligned
262,11,mee,1560.13,1560.34,aligned
262,12,rieau,1560.34,1560.82,aligned
262,13,cur,1561.18,1561.48,aligned
262,14,sheiltynys,1561.48,1562.20,aligned
262,15,er,1562.20,1562.47,aligned
262,16,dy,1562.89,1563.01,aligned
262,17,beagh,1563.01,1563.43,aligned
262,18,eh,1563.43,1563.61,aligned
262,19,ny,1563.61,1563.73,aligned
262,20,lhie,1563.73,1564.09,aligned
262,21,ayns,1564.09,1564.30,aligned
262,22,shen,1564.30,1564.57,aligned
263,0,va,1566.58,1566.70,aligned
263,1,cashtal,1566.70,1567.21,aligned
263,2,dracula,1567.21,1567.78,aligned
263,3,nish,1567.78,1568.17,aligned
263,4,ny,1568.17,1568.32,aligned
263,5,hassoo,1568.32,1568.86,aligned
263,6,noi,1568.86,1569.13,aligned
263,7,yn,1569.13,1569.22,aligned
263,8,speyr,1569.22,1569.67,aligned
263,9,jiarg,1569.67,1570.24,aligned
263,10,as,1570.66,1570.84,aligned
263,11,va,1570.84,1570.99,aligned
263,12,dagh,1570.99,1571.44,aligned
263,13,clagh,1571.53,1572.10,aligned
263,14,jeh,1572.10,1572.40,aligned
263,15,ny,1572.40,1572.52,aligned
263,16,boallaghyn,1572.52,1573.12,aligned
263,17,caggee,1573.12,1573.72,aligned
263,18,brisht,1573.72,1574.14,aligned
263,19,echey,1574.14,1574.50,aligned
263,20,cummit,1574.92,1575.34,aligned
263,21,magh,1575.34,1575.76,aligned
263,22,ayns,1575.76,1576.03,aligned
263,23,soilshey,1576.03,1576.51,aligned
263,24,ny,1576.51,1576.69,aligned
264,0,da,1576.45,1576.51,aligned
264,1,ny,1576.51,1576.63,aligned
264,2,greiney,1576.63,1577.20,aligned
264,3,va,1577.47,1577.65,aligned
264,4,goll,1577.65,1577.95,aligned
264,5,ren,1579.93,1580.20,aligned
264,6,y,1580.20,1580.29,aligned
264,7,jokshan,1580.29,1580.86,aligned
264,8,as,1581.22,1581.43,aligned
264,9,adsyn,1581.43,1581.79,aligned
264,10,toiggal,1581.79,1582.33,aligned
264,11,dy,1582.33,1582.51,aligned
264,12,row,1582.51,1582.69,aligned
264,13,shin,1582.69,1583.14,aligned
264,14,ayns,1583.29,1583.59,aligned
264,15,aght,1583.59,1583.86,aligned
264,16,ennagh,1583.86,1584.43,aligned
264,17,yn,1584.43,1584.55,aligned
264,18,oyr,1584.55,1584.82,aligned
264,19,son,1584.82,1585.03,aligned
264,20,skellal,1585.03,1585.48,aligned
264,21,roish,1585.48,1585.84,aligned
264,22,yn,1585.84,1585.96,aligned
264,23,dooinney,1585.96,1586.29,aligned
264,24,marroo,1586.29,1586.68,aligned
265,0,chyndaa,1587.37,1588.03,aligned
265,1,gyn,1588.15,1588.36,aligned
265,2,fockle,1588.36,1588.87,aligned
265,3,as,1589.20,1589.38,aligned
265,4,ren,1589.38,1589.59,aligned
265,5,ad,1589.59,1589.74,aligned
265,6,markiagh,1589.74,1590.37,aligned
265,7,ersooyl,1590.37,1590.79,aligned
265,8,myr,1590.79,1590.97,aligned
265,9,dy,1590.97,1591.12,aligned
265,10,beagh,1591.12,1591.48,aligned
265,11,eh,1591.48,1591.57,aligned
265,12,son,1591.57,1591.78,aligned
265,13,y,1591.78,1591.87,aligned
265,14,vioys,1591.87,1592.35,aligned
265,15,oc,1592.35,1592.62,aligned
266,0,ren,1593.34,1593.52,aligned
266,1,adsyn,1593.52,1593.94,aligned
266,2,va,1593.94,1594.12,aligned
266,3,gyn,1594.12,1594.48,aligned
266,4,cabbyl,1594.48,1595.05,aligned
266,5,lheimmey,1595.38,1595.71,aligned
266,6,seose,1595.71,1596.10,aligned
266,7,er,1596.10,1596.19,aligned
266,8,y,1596.19,1596.25,aligned
266,9,lheid,1596.25,1596.52,aligned
266,10,y,1596.52,1596.61,aligned
266,11,vakin,1596.61,1597.09,aligned
266,12,as,1597.33,1597.51,aligned
266,13,dy,1597.51,1597.63,aligned
266,14,liooar,1597.63,1597.87,aligned
266,15,da,1597.87,1598.08,aligned
266,16,ny,1598.11,1598.23,aligned
266,17,markee,1598.23,1598.65,aligned
266,18,cabbyl,1598.65,1599.16,aligned
266,19,gyn,1599.16,1599.40,aligned
266,20,dy,1599.40,1599.52,aligned
266,21,hreigeil,1599.52,1600.03,aligned
266,22,ad,1600.03,1600.24,aligned
267,0,ren,1601.71,1602.16,aligned
267,1,ny,1602.19,1602.31,aligned
267,2,moddee,1602.31,1602.79,aligned
267,3,oaldey,1602.79,1603.33,aligned
267,4,va,1603.99,1604.17,aligned
267,5,e,1604.17,1604.23,aligned
267,6,hiarn,1604.26,1604.68,aligned
267,7,back,1604.68,1605.04,aligned
267,8,as,1605.04,1605.19,aligned
267,9,voayl,1605.19,1605.46,aligned
267,10,dy,1605.46,1605.58,aligned
267,11,sauchey,1605.58,1606.18,aligned
267,12,geiyrt,1606.66,1607.05,aligned
267,13,orroo,1607.05,1607.35,aligned
268,0,dy,1608.37,1608.46,aligned
268,1,row,1608.46,1608.64,aligned
268,2,shin,1608.64,1608.88,aligned
268,3,faagit,1608.88,1609.42,aligned
268,4,nyn,1609.42,1609.60,aligned
268,5,lomarcan,1609.60,1609.99,aligned
268,6,ren,1612.06,1612.30,aligned
268,7,mainshter,1612.30,1612.69,aligned
268,8,moirys,1612.69,1613.32,aligned
269,0,er,1613.62,1613.74,aligned
269,1,tuittym,1613.86,1614.46,aligned
269,2,gys,1614.52,1614.82,aligned
269,3,y,1614.82,1614.88,aligned
269,4,thalloo,1614.88,1615.33,aligned
269,5,ny,1616.17,1616.35,aligned
269,6,lieh,1616.35,1616.68,aligned
269,7,lhie,1616.71,1617.13,aligned
269,8,er,1617.13,1617.25,aligned
269,9,yn,1617.25,1617.37,aligned
269,10,un,1617.37,1617.55,aligned
269,11,ooylhien,1617.55,1617.79,aligned
269,12,echey,1617.79,1618.15,aligned
270,0,as,1619.35,1619.56,aligned
270,1,eh,1619.56,1619.86,aligned
270,2,cummal,1619.92,1620.43,aligned
270,3,e,1620.43,1620.52,aligned
270,4,laue,1620.52,1620.79,aligned
270,5,soit,1620.82,1621.36,aligned
270,6,er,1621.36,1621.51,aligned
270,7,y,1621.51,1621.57,aligned
270,8,lhiattee,1621.57,1622.08,aligned
270,9,va'n,1622.59,1622.80,aligned
270,10,fuill,1622.80,1623.25,aligned
270,11,foast,1623.25,1623.73,aligned
270,12,deayrtey,1623.73,1624.15,aligned
270,13,magh,1624.15,1624.45,aligned
270,14,trooid,1624.45,1624.72,aligned
270,15,ny,1624.72,1624.84,aligned
270,16,meir,1624.84,1625.11,aligned
270,17,echey,1625.11,1625.38,aligned
271,0,vrie,1626.73,1627.00,aligned
271,1,mee,1627.00,1627.18,aligned
271,2,da,1627.18,1627.51,aligned
271,3,er-yn-oyr,1627.87,1628.41,aligned
271,4,nagh,1628.41,1628.59,aligned
271,5,ren,1628.59,1628.77,aligned
271,6,ny,1628.77,1628.92,aligned
271,7,caghroo,1628.92,1629.40,aligned
271,8,casheric,1629.40,1629.91,aligned
271,9,cumrail,1629.91,1630.42,aligned
271,10,mee,1630.42,1630.57,aligned
271,11,nish,1630.57,1630.90,aligned
272,0,shen,1631.44,1632.07,aligned
272,1,neesht,1632.07,1632.49,aligned
272,2,ren,1632.49,1632.70,aligned
272,3,yn,1632.70,1632.85,aligned
272,4,daa,1632.85,1633.18,aligned
272,5,erlhee,1633.24,1633.90,aligned
273,0,ren,1634.92,1635.10,aligned
273,1,jonathan,1635.10,1635.64,aligned
273,2,gliooney,1635.64,1636.09,aligned
273,3,cheuchooylloo,1636.12,1636.75,aligned
273,4,jeh,1636.75,1637.14,aligned
273,5,as,1637.53,1637.71,aligned
273,6,ren,1637.71,1637.92,aligned
273,7,y,1637.92,1638.01,aligned
273,8,dooinney,1638.01,1638.46,aligned
273,9,gortit,1638.46,1639.09,aligned
273,10,cour,1639.39,1639.87,aligned
273,11,ny,1639.93,1640.08,aligned
273,12,lhie,1640.08,1640.56,aligned
273,13,y,1640.56,1640.65,aligned
273,14,chione,1640.65,1641.19,aligned
273,15,er,1641.19,1641.31,aligned
273,16,y,1641.31,1641.40,aligned
273,17,gheaylin,1641.40,1641.76,aligned
274,0,lesh,1643.41,1643.71,aligned
274,1,osney,1643.71,1644.19,aligned
274,2,ghow,1644.91,1645.18,aligned
274,3,eh,1645.18,1645.45,aligned
274,4,lesh,1645.63,1645.93,aligned
274,5,va,1646.35,1646.53,aligned
274,6,as,1646.53,1646.77,aligned
274,7,my,1647.22,1647.37,aligned
274,8,laue,1647.37,1647.73,aligned
274,9,ayns,1647.82,1648.06,aligned
274,10,shen,1648.06,1648.36,aligned
274,11,echey,1648.36,1648.75,aligned
274,12,va'n,1648.99,1649.17,aligned
274,13,neuvroighit,1649.17,1650.10,aligned
275,0,te,1651.09,1651.27,aligned
275,1,jeeaghyn,1651.30,1651.72,aligned
275,2,dy,1651.72,1651.84,aligned
275,3,ren,1651.84,1652.02,aligned
275,4,eh,1652.02,1652.11,aligned
275,5,fakin,1652.11,1652.59,aligned
275,6,angaaish,1652.59,1653.22,aligned
275,7,my,1653.22,1653.37,aligned
275,8,chree,1653.37,1653.73,aligned
275,9,syn,1653.73,1653.97,aligned
275,10,eddin,1653.97,1654.27,aligned
275,11,aym,1654.27,1654.39,aligned
276,0,erson,1655.08,1655.56,aligned
276,1,ren,1656.28,1656.49,aligned
276,2,eh,1656.49,1656.58,aligned
276,3,mongey,1656.58,1657.00,aligned
276,4,orrym,1657.00,1657.30,aligned
277,0,dooyrt,1659.16,1659.46,aligned
277,1,eh,1659.46,1659.76,aligned
277,2,cha,1660.63,1660.84,aligned
277,3,nel,1660.84,1661.17,aligned
277,4,mee,1661.17,1661.44,aligned
277,5,agh,1661.44,1661.65,aligned
277,6,maynrey,1661.65,1662.25,aligned
277,7,dy,1662.25,1662.40,aligned
277,8,row,1662.40,1662.64,aligned
277,9,mee,1662.64,1662.82,aligned
277,10,jiu,1662.82,1663.09,aligned
277,11,shiu,1663.09,1663.36,aligned
277,12,reesht,1663.36,1663.93,aligned
277,13,erbee,1663.93,1664.47,aligned
278,0,oh,1665.88,1665.94,aligned
278,1,yee,1666.00,1666.51,aligned
278,2,deiyr,1666.63,1667.02,aligned
278,3,dy,1667.02,1667.17,aligned
278,4,doaltattymagh,1667.17,1668.16,aligned
278,5,as,1668.52,1668.76,aligned
278,6,strepey,1669.06,1669.45,aligned
278,7,seose,1669.45,1669.81,aligned
278,8,dy,1669.81,1669.93,aligned
278,9,ve,1669.93,1670.14,aligned
278,10,ny,1670.14,1670.26,aligned
278,11,hoie,1670.26,1670.65,aligned
278,12,as,1670.65,1670.80,aligned
278,13,sheeyney,1670.89,1671.40,aligned
278,14,magh,1671.40,1671.73,aligned
278,15,mayr,1671.73,1672.03,aligned
278,16,orrym,1672.03,1672.39,aligned
279,0,v'eh,1672.99,1673.17,aligned
279,1,fieau,1673.17,1673.68,aligned
279,2,er,1673.68,1673.83,aligned
279,3,son,1673.83,1674.10,aligned
279,4,shoh,1674.10,1674.61,aligned
279,5,dy,1674.61,1674.76,aligned
279,6,gheddyn,1674.76,1675.09,aligned
279,7,baase,1675.09,1675.54,aligned
279,8,jeeagh,1675.54,1675.99,aligned
279,9,jeeagh,1676.20,1676.53,aligned
280,0,va'n,1678.00,1678.21,aligned
280,1,ghrian,1678.21,1678.57,aligned
280,2,nish,1678.57,1678.84,aligned
280,3,kiart,1678.84,1679.23,aligned
280,4,heese,1679.23,1679.59,aligned
280,5,er,1679.65,1679.83,aligned
280,6,mullagh,1679.83,1680.25,aligned
280,7,y,1680.25,1680.31,aligned
280,8,clieau,1680.31,1680.76,aligned
280,9,as,1681.21,1681.39,aligned
280,10,ren,1681.39,1681.69,aligned
280,11,ny,1681.69,1681.78,aligned
280,12,skellyn,1681.78,1682.35,aligned
280,13,jiargey,1682.35,1682.83,aligned
280,14,cheet,1682.86,1683.13,aligned
280,15,harrish,1683.13,1683.46,aligned
280,16,my,1683.46,1683.64,aligned
280,17,eddin,1683.64,1683.94,aligned
281,0,dy,1684.72,1684.84,aligned
281,1,row,1684.84,1685.05,aligned
281,2,eh,1685.05,1685.17,aligned
281,3,bio,1685.20,1685.53,aligned
281,4,trooid,1685.53,1685.83,aligned
281,5,sollys,1685.83,1686.34,aligned
281,6,rooshagh,1686.34,1686.94,aligned
282,0,lesh,1688.44,1688.74,aligned
282,1,un,1688.74,1689.01,aligned
282,2,vree,1689.13,1689.58,aligned
282,3,ren,1689.58,1689.94,aligned
282,4,ny,1689.94,1690.09,aligned
282,5,deiney,1690.09,1690.54,aligned
282,6,sinkeil,1690.54,1691.26,aligned
282,7,gys,1691.29,1691.47,aligned
282,8,ny,1691.47,1691.59,aligned
282,9,glioonagyn,1691.59,1692.22,aligned
282,10,oc,1692.22,1692.52,aligned
282,11,as,1692.82,1693.00,aligned
282,12,va,1693.00,1693.24,aligned
282,13,armee,1693.63,1694.23,aligned
282,14,injil,1694.59,1695.16,aligned
282,15,jeeaghyn,1695.28,1695.79,aligned
282,16,brishey,1696.09,1696.39,aligned
282,17,magh,1696.39,1696.75,aligned
282,18,ass,1696.75,1697.05,aligned
282,19,laue,1697.05,1697.29,aligned
282,20,choud's,1697.59,1697.95,aligned
282,21,ren,1697.95,1698.16,aligned
282,22,ny,1698.16,1698.25,aligned
282,23,sooillyn,1698.25,1698.67,aligned
283,0,blein,1698.46,1698.64,aligned
283,1,oc,1698.64,1698.82,aligned
283,2,geiyrt,1698.82,1699.24,aligned
283,3,er,1699.24,1699.39,aligned
283,4,y,1699.39,1699.45,aligned
283,5,vaaish,1699.45,1699.87,aligned
283,6,hene,1699.87,1700.02,aligned
283,7,magh,1700.11,1700.50,aligned
283,8,loayr,1701.25,1701.73,aligned
283,9,y,1701.73,1701.82,aligned
283,10,dooinney,1701.82,1702.45,aligned
283,11,vayns,1702.51,1702.87,aligned
283,12,raad,1702.87,1703.17,aligned
283,13,y,1703.17,1703.23,aligned
283,14,vaaish,1703.23,1703.83,aligned
284,0,nish,1704.67,1705.24,aligned
284,1,lhig,1705.66,1706.05,aligned
284,2,da,1706.20,1706.41,aligned
284,3,booise,1706.41,1706.83,aligned
284,4,ve,1706.89,1707.07,aligned
284,5,currit,1707.07,1707.55,aligned
284,6,gys,1707.55,1707.82,aligned
284,7,jee,1707.82,1708.36,aligned
284,8,nagh,1708.66,1708.84,aligned
284,9,row,1708.84,1709.08,aligned
284,10,ooilley,1709.14,1709.53,aligned
284,11,ayns,1709.53,1709.77,aligned
284,12,fardail,1709.77,1710.46,aligned
285,0,cha,1712.59,1712.74,aligned
285,1,nel,1712.74,1713.04,aligned
285,2,y,1713.04,1713.10,aligned
285,3,sniaghtey,1713.10,1713.70,aligned
285,4,ny,1713.70,1713.82,aligned
285,5,smoo,1713.82,1714.27,aligned
285,6,gyn,1714.33,1714.57,aligned
285,7,cron,1714.60,1715.14,aligned
285,8,baaish,1715.32,1715.83,aligned
285,9,ecksh,1715.83,1716.28,aligned
286,0,ta'n,1716.85,1717.09,aligned
286,1,mullagh,1717.09,1717.66,aligned
286,2,er,1718.11,1718.35,aligned
286,3,lheie,1718.47,1718.80,aligned
286,4,ersooyl,1718.83,1719.43,aligned
287,0,as,1721.50,1721.98,aligned
287,1,cho,1721.98,1722.19,aligned
287,2,sharroo,1722.19,1722.79,aligned
287,3,trimshey,1722.79,1723.30,aligned
287,4,lesh,1724.50,1724.74,aligned
287,5,mongey,1724.74,1725.34,aligned
287,6,as,1725.64,1725.82,aligned
287,7,ayns,1725.82,1726.12,aligned
287,8,tostid,1726.12,1726.75,aligned
288,0,hooar,1727.50,1727.83,aligned
288,1,eh,1727.83,1727.98,aligned
288,2,baase,1727.98,1728.58,aligned
288,3,ny,1729.33,1729.48,aligned
288,4,ghooinney,1729.51,1729.84,aligned
288,5,dooin,1729.84,1730.08,aligned
289,0,as,1731.76,1731.94,aligned
289,1,nish,1731.94,1732.24,aligned
289,2,note,1732.24,1732.66,aligned
289,3,liorish,1732.69,1733.14,aligned
289,4,jonathan,1733.14,1733.59,aligned
289,5,harker,1733.59,1734.07,aligned
290,0,shiaght,1735.30,1736.05,aligned
290,1,bleeaney,1736.05,1736.50,aligned
290,2,er,1736.50,1736.65,aligned
290,3,dy,1736.65,1736.89,aligned
290,4,henney,1736.89,1737.19,aligned
290,5,hie,1737.25,1737.43,aligned
290,6,shin,1737.43,1737.67,aligned
290,7,ooilley,1737.67,1738.00,aligned
290,8,trooid,1738.00,1738.27,aligned
290,9,ny,1738.27,1738.39,aligned
290,10,lossaghyn,1738.39,1738.93,aligned
291,0,as,1740.04,1740.19,aligned
291,1,ta'n,1740.19,1740.46,aligned
291,2,maynrys,1740.46,1741.06,aligned
291,3,jeh,1741.06,1741.27,aligned
291,4,paart,1741.27,1741.63,aligned
291,5,jin,1741.63,1741.90,aligned
291,6,neayr's,1741.90,1742.23,aligned
291,7,shen,1742.23,1742.80,aligned
291,8,y,1742.80,1742.95,aligned
291,9,lhien,1742.98,1743.43,aligned
292,0,lane,1743.94,1744.30,aligned
292,1,feeu,1744.33,1744.72,aligned
292,2,y,1744.72,1744.78,aligned
292,3,pian,1744.90,1745.26,aligned
292,4,ren,1745.35,1745.62,aligned
292,5,shin,1745.62,1745.83,aligned
292,6,surral,1745.86,1746.31,aligned
293,0,she,1747.57,1748.05,aligned
293,1,taitnys,1748.05,1748.71,aligned
293,2,smoo,1748.71,1749.10,aligned
293,3,da,1749.10,1749.31,aligned
293,4,as,1749.76,1750.00,aligned
293,5,dooys,1750.00,1750.48,aligned
293,6,dy,1750.96,1751.08,aligned
293,7,vel,1751.08,1751.44,aligned
293,8,laa,1751.68,1752.04,aligned
293,9,ruggyree,1752.04,1752.61,aligned
293,10,y,1752.61,1752.70,aligned
293,11,ghuilley,1752.70,1753.12,aligned
293,12,ain,1753.12,1753.51,aligned
293,13,yn,1753.90,1754.02,aligned
293,14,un,1754.14,1754.41,aligned
293,15,laa,1754.41,1754.71,aligned
293,16,as,1754.71,1754.92,aligned
293,17,shen,1754.92,1755.34,aligned
293,18,hooar,1755.82,1756.30,aligned
293,19,coointee,1756.36,1756.84,aligned
293,20,murrays,1756.84,1757.26,aligned
293,21,baase,1757.26,1757.77,aligned
294,0,ta'n,1759.27,1759.42,aligned
294,1,voir,1759.42,1759.72,aligned
294,2,echey,1759.72,1759.99,aligned
294,3,cummal,1760.05,1760.50,aligned
294,4,ta,1760.50,1760.62,aligned
294,5,fys,1760.62,1760.89,aligned
294,6,aym,1760.89,1761.04,aligned
294,7,er,1761.04,1761.34,aligned
294,8,y,1761.55,1761.64,aligned
294,9,credjue,1761.67,1762.18,aligned
294,10,follit,1762.18,1762.72,aligned
294,11,dy,1763.23,1763.32,aligned
294,12,vel,1763.32,1763.53,aligned
294,13,paart,1763.53,1763.89,aligned
294,14,jeh,1763.92,1764.22,aligned
294,15,annym,1764.25,1764.73,aligned
294,16,my,1764.73,1764.85,aligned
294,17,charrey,1764.85,1765.24,aligned
294,18,dunlop,1765.24,1765.69,aligned
294,19,ain,1765.69,1765.96,aligned
295,0,er,1766.53,1766.68,aligned
295,1,ngholl,1766.68,1766.98,aligned
295,2,stiagh,1766.98,1767.52,aligned
295,3,aynsyn,1767.52,1767.97,aligned
295,4,dooin,1769.74,1769.92,aligned
295,5,bart,1769.92,1770.34,aligned
295,6,dy,1770.34,1770.46,aligned
295,7,enmyn,1770.46,1770.82,aligned
295,8,echey,1770.82,1771.09,aligned
295,9,co-chiangley,1771.09,1771.84,aligned
295,10,possan,1771.84,1772.26,aligned
295,11,beg,1772.26,1772.62,aligned
295,12,dy,1772.62,1772.74,aligned
295,13,gheiney,1772.74,1773.16,aligned
295,14,cooidjagh,1773.16,1773.76,aligned
296,0,agh,1774.69,1774.84,aligned
296,1,she,1774.84,1775.02,aligned
296,2,ta,1775.83,1775.95,aligned
296,3,shin,1775.95,1776.13,aligned
296,4,gra,1776.13,1776.46,aligned
296,5,rish,1776.46,1776.79,aligned
297,0,sy,1778.77,1778.92,aligned
297,1,tourey,1778.92,1779.25,aligned
297,2,mleeaney,1779.25,1779.73,aligned
297,3,hie,1779.76,1779.94,aligned
297,4,shin,1779.94,1780.18,aligned
297,5,turrys,1780.18,1780.66,aligned
297,6,gys,1780.66,1780.90,aligned
297,7,transylvanianagh,1780.90,1781.86,aligned
298,0,as,1782.67,1782.85,aligned
298,1,hie,1782.85,1783.09,aligned
298,2,shin,1783.09,1783.39,aligned
298,3,harrish,1783.39,1784.02,aligned
298,4,aarn,1784.02,1784.41,aligned
298,5,colloo,1784.50,1784.98,aligned
298,6,va,1785.34,1785.70,aligned
298,7,as,1786.18,1786.39,aligned
298,8,ta,1786.39,1786.69,aligned
298,9,bingyn,1787.08,1787.56,aligned
298,10,cum,1787.89,1788.13,aligned
298,11,lane,1788.13,1788.55,aligned
298,12,dy,1788.58,1788.70,aligned
298,13,chooinaghtyn,1788.70,1789.30,aligned
298,14,breeoil,1789.30,1790.11,aligned
298,15,as,1790.59,1790.77,aligned
298,16,agglagh,1790.77,1791.40,aligned
299,0,v'eh,1792.66,1792.87,aligned
299,1,bunnys,1792.87,1793.41,aligned
299,2,neu,1793.44,1793.89,aligned
299,3,phossible,1794.01,1794.70,aligned
300,0,dy,1795.24,1795.36,aligned
300,1,chredjal,1795.36,1795.87,aligned
300,2,dy,1795.87,1796.02,aligned
300,3,row,1796.02,1796.26,aligned
300,4,ny,1796.26,1796.38,aligned
300,5,reddyn,1796.41,1796.86,aligned
300,6,ta,1796.86,1797.04,aligned
300,7,shin,1797.04,1797.31,aligned
300,8,er,1797.31,1797.40,aligned
300,9,nakin,1797.40,1798.06,aligned
300,10,lesh,1798.36,1798.54,aligned
300,11,ny,1798.54,1798.66,aligned
300,12,sooillyn,1798.66,1799.14,aligned
300,13,ain,1799.14,1799.35,aligned
300,14,hene,1799.35,1799.71,aligned
301,0,as,1800.31,1800.43,aligned
301,1,er,1800.43,1800.58,aligned
301,2,chlashtyn,1800.58,1801.24,aligned
301,3,lesh,1801.54,1801.69,aligned
301,4,ny,1801.69,1801.81,aligned
301,5,cleayshyn,1801.81,1802.32,aligned
301,6,ain,1802.32,1802.50,aligned
301,7,hene,1802.50,1802.83,aligned
302,0,ny,1803.67,1803.82,aligned
302,1,nheeghyn,1803.82,1804.66,aligned
302,2,feer,1805.02,1805.68,aligned
302,3,breeoil,1806.04,1806.67,aligned
303,0,va,1808.11,1808.23,aligned
303,1,dagh,1808.32,1808.74,aligned
303,2,monney,1808.74,1809.13,aligned
303,3,jeh,1809.13,1809.43,aligned
303,4,ooilley,1809.52,1809.88,aligned
303,5,v'ayn,1809.88,1810.51,aligned
304,0,v'eh,1811.44,1811.59,aligned
304,1,dollit,1811.65,1812.07,aligned
304,2,magh,1812.07,1812.61,aligned
304,3,va'n,1814.14,1814.35,aligned
304,4,cashtal,1814.35,1815.07,aligned
304,5,ny,1815.07,1815.25,aligned
304,6,hassoo,1815.28,1815.97,aligned
304,7,myr,1815.97,1816.30,aligned
304,8,roie,1816.30,1816.87,aligned
304,9,troggit,1817.35,1817.89,aligned
304,10,er,1817.89,1818.07,aligned
304,11,ard,1818.07,1818.49,aligned
304,12,erskyn,1818.73,1819.21,aligned
304,13,reesht,1819.21,1819.60,aligned
304,14,dy,1819.66,1819.75,aligned
304,15,fadane,1819.75,1820.32,aligned
305,0,tra,1821.88,1822.12,aligned
305,1,ren,1822.12,1822.30,aligned
305,2,shin,1822.30,1822.57,aligned
305,3,roshtyn,1822.57,1823.11,aligned
305,4,thie,1823.11,1823.56,aligned
305,5,va,1823.92,1824.01,aligned
305,6,shin,1824.01,1824.22,aligned
305,7,loayrt,1824.22,1824.76,aligned
305,8,jeh,1824.88,1825.09,aligned
305,9,ny,1825.09,1825.21,aligned
305,10,shenn,1825.21,1825.72,aligned
305,11,laair,1825.72,1826.05,aligned
306,0,orroo,1826.89,1827.28,aligned
306,1,dod,1827.28,1827.55,aligned
306,2,shin,1827.55,1827.76,aligned
306,3,ooilley,1827.76,1828.06,aligned
306,4,jeeaghyn,1828.06,1828.42,aligned
306,5,back,1828.42,1828.99,aligned
306,6,gyn,1829.11,1829.41,aligned
306,7,meehreishteil,1829.41,1830.40,aligned
307,0,erson,1831.09,1831.48,aligned
307,1,ta,1831.48,1831.66,aligned
307,2,godalming,1831.66,1832.32,aligned
307,3,as,1832.32,1832.47,aligned
307,4,seward,1832.47,1832.92,aligned
307,5,ny,1832.92,1833.04,aligned
307,6,neesht,1833.04,1833.37,aligned
307,7,poost,1833.37,1833.79,aligned
307,8,dy,1833.79,1833.91,aligned
307,9,maynrey,1833.91,1834.39,aligned
308,0,ghow,1835.80,1836.13,aligned
308,1,mee,1836.13,1836.43,aligned
308,2,ny,1836.61,1836.85,aligned
308,3,pabyryn,1836.85,1837.42,aligned
308,4,veihn,1837.42,1837.69,aligned
308,5,chishtey,1837.69,1838.14,aligned
308,6,lajer,1838.14,1838.71,aligned
308,7,ayn,1838.83,1839.16,aligned
308,8,t'ad,1839.16,1839.40,aligned
308,9,er,1839.40,1839.52,aligned
308,10,ve,1839.55,1840.00,aligned
308,11,neayr's,1840.27,1840.57,aligned
308,12,haink,1840.57,1840.78,aligned
308,13,shin,1840.78,1840.96,aligned
308,14,back,1840.99,1841.29,aligned
308,15,cho,1841.29,1841.50,aligned
308,16,foddey,1841.50,1841.95,aligned
308,17,er,1841.95,1842.10,aligned
309,0,v'eh,1843.45,1843.63,aligned
309,1,cur,1843.66,1843.90,aligned
309,2,yindys,1843.90,1844.47,aligned
309,3,orrin,1844.47,1844.83,aligned
309,4,ayns,1844.83,1845.07,aligned
309,5,y,1845.07,1845.10,aligned
309,6,clane,1845.16,1845.55,aligned
309,7,bart,1845.55,1845.94,aligned
309,8,dy,1845.94,1846.03,aligned
309,9,stoo,1846.03,1846.54,aligned
309,10,ass,1846.87,1847.20,aligned
309,11,recortys,1847.35,1848.04,aligned
309,12,jeant,1848.04,1848.40,aligned
309,13,s'goan,1848.85,1849.42,aligned
309,14,ta,1849.42,1849.57,aligned
309,15,documad,1849.57,1850.14,aligned
309,16,bunneydagh,1850.14,1850.92,aligned
310,0,veg,1851.79,1852.21,aligned
310,1,agh,1852.63,1853.08,aligned
310,2,mooarane,1853.20,1854.07,aligned
310,3,dy,1854.22,1854.37,aligned
310,4,ghraih,1854.37,1854.70,aligned
310,5,scrieu,1854.70,1855.21,aligned
311,0,erlhimmey,1855.93,1856.32,aligned
311,1,jeh,1856.32,1856.53,aligned
311,2,ny,1856.53,1856.68,aligned
311,3,lioaryn,1856.68,1857.07,aligned
311,4,not,1857.13,1857.46,aligned
311,5,veih,1857.46,1857.70,aligned
311,6,traa,1857.70,1858.06,aligned
311,7,sanmee,1858.06,1858.69,aligned
311,8,jeh,1858.69,1858.96,aligned
311,9,meen,1858.96,1859.20,aligned
311,10,as,1859.20,1859.44,aligned
311,11,seward,1859.44,1859.92,aligned
311,12,as,1860.10,1860.22,aligned
311,13,jeem-pene,1860.22,1860.88,aligned
311,14,as,1861.15,1861.30,aligned
311,15,my,1861.30,1861.57,aligned
312,0,van,1861.99,1862.17,aligned
312,1,helsing,1862.17,1862.68,aligned
312,2,s'goan,1863.79,1864.57,aligned
312,3,oddagh,1864.87,1865.29,aligned
312,4,shin,1865.29,1865.68,aligned
312,5,shirrey,1865.68,1866.16,aligned
312,6,er,1866.16,1866.37,aligned
312,7,peiagh,1866.37,1866.79,aligned
312,8,erbee,1866.79,1867.21,aligned
312,9,dy,1867.21,1867.36,aligned
312,10,hoiaghey,1867.36,1867.78,aligned
312,11,jeusyn,1867.78,1868.29,aligned
312,12,shoh,1868.29,1868.83,aligned
312,13,myr,1869.13,1869.28,aligned
312,14,prowalys,1869.28,1870.06,aligned
312,15,jeh,1870.42,1870.63,aligned
312,16,skeeal,1870.63,1871.32,aligned
312,17,cho,1871.38,1871.62,aligned
312,18,keoie,1871.62,1872.10,aligned
313,0,hug,1873.33,1873.60,aligned
313,1,van,1873.72,1873.90,aligned
313,2,helsing,1873.90,1874.29,aligned
313,3,coontey,1874.29,1874.71,aligned
313,4,cooie,1874.77,1875.13,aligned
313,5,jeh,1875.13,1875.49,aligned
313,6,chouds,1875.79,1876.30,aligned
313,7,dooyrt,1876.30,1876.66,aligned
313,8,eh,1876.66,1876.90,aligned
313,9,as,1877.29,1877.47,aligned
313,10,y,1877.47,1877.56,aligned
313,11,guilley,1877.56,1877.92,aligned
313,12,ain,1877.98,1878.31,aligned
313,13,er,1878.31,1878.49,aligned
313,14,e,1878.49,1878.55,aligned
313,15,ghlioon,1878.55,1879.00,aligned
314,0,cha,1879.48,1879.84,aligned
314,1,nel,1879.84,1880.14,aligned
314,2,shin,1880.14,1880.53,aligned
314,3,geearree,1880.53,1880.95,aligned
314,4,prowalys,1880.95,1881.67,aligned
314,5,cha,1882.15,1882.30,aligned
314,6,nel,1882.30,1882.54,aligned
314,7,shin,1882.54,1882.78,aligned
314,8,shirrey,1882.78,1883.23,aligned
314,9,peiagh,1883.23,1883.65,aligned
314,10,erbee,1883.65,1884.07,aligned
314,11,dy,1884.07,1884.22,aligned
314,12,chredjal,1884.22,1884.58,aligned
314,13,shin,1884.58,1884.85,aligned
315,0,bee,1886.35,1886.50,aligned
315,1,fys,1886.50,1886.86,aligned
315,2,ec,1886.86,1887.04,aligned
315,3,y,1887.04,1887.13,aligned
315,4,ghuilley,1887.13,1887.46,aligned
315,5,shiaulley,1887.46,1888.06,aligned
315,6,ennagh,1888.06,1888.72,aligned
315,7,cre,1889.14,1889.68,aligned
315,8,cho,1889.71,1889.95,aligned
315,9,daaney,1890.07,1890.61,aligned
315,10,as,1890.64,1890.82,aligned
315,11,dunnal,1890.91,1891.33,aligned
315,12,y,1891.33,1891.39,aligned
315,13,ven,1891.39,1891.75,aligned
315,14,ta'n,1891.75,1891.99,aligned
315,15,voir,1891.99,1892.35,aligned
315,16,echey,1892.35,1892.65,aligned
316,0,hannah,1893.70,1894.03,aligned
316,1,ta,1894.18,1894.33,aligned
316,2,fys,1894.33,1894.63,aligned
316,3,echey,1894.63,1894.93,aligned
316,4,er,1894.93,1895.17,aligned
316,5,y,1895.17,1895.23,aligned
316,6,chiarail,1895.23,1895.65,aligned
316,7,villish,1895.65,1896.10,aligned
316,8,as,1896.10,1896.25,aligned
316,9,graihagh,1896.25,1896.76,aligned
316,10,eck,1896.76,1897.00,aligned
317,0,ny,1897.81,1897.93,aligned
317,1,sanmee,1897.93,1898.62,aligned
317,2,neear,1898.71,1898.98,aligned
317,3,toiggal,1899.10,1899.55,aligned
317,4,yn,1899.55,1899.73,aligned
317,5,aght,1899.73,1900.21,aligned
318,0,va,1900.66,1900.81,aligned
318,1,kuse,1900.81,1901.17,aligned
318,2,dy,1901.17,1901.26,aligned
318,3,gheiney,1901.26,1901.71,aligned
318,4,wheesh,1901.74,1902.10,aligned
318,5,graihagh,1902.10,1902.61,aligned
318,6,urree,1902.61,1902.97,aligned
318,7,s'lhoys,1903.45,1904.11,aligned
318,8,dou,1904.11,1904.47,aligned
318,9,jannoo,1904.59,1905.25,aligned
318,10,mooarane,1905.49,1906.33,aligned
318,11,ass,1906.66,1906.96,aligned
318,12,y,1906.96,1907.05,aligned
318,13,lieh,1907.05,1907.50,aligned
319,0,jonathan,1909.15,1909.66,aligned
319,1,harker,1909.66,1910.23,aligned
319,2,yn,1911.67,1911.94,aligned
319,3,jerrey,1911.94,1912.51,aligned
320,0,as,1919.17,1919.50,aligned
320,1,myr,1919.53,1919.65,aligned
320,2,shoh,1919.65,1919.98,aligned
320,3,shen,1919.98,1920.22,aligned
320,4,eh,1920.22,1920.58,aligned
320,5,jerrey,1920.58,1920.94,aligned
320,6,yn,1920.94,1921.00,aligned
320,7,chyndaays,1921.15,1921.72,aligned
320,8,ain,1921.72,1921.93,aligned
320,9,sy,1921.93,1922.11,aligned
320,10,ghaelg,1922.11,1922.41,aligned
320,11,jeh,1922.41,1922.65,aligned
320,12,dracula,1922.65,1923.19,aligned
320,13,liorish,1923.19,1923.55,aligned
320,14,bram,1923.55,1923.85,aligned
320,15,stoker,1923.85,1924.42,aligned
321,0,myr,1925.08,1925.20,aligned
321,1,shoh,1925.20,1925.59,aligned
321,2,bee,1925.59,1925.80,aligned
321,3,red,1925.80,1926.04,aligned
321,4,ennagh,1926.04,1926.37,aligned
321,5,elley,1926.37,1926.70,aligned
321,6,ernynson,1926.70,1927.21,aligned
321,7,ayns,1927.21,1927.39,aligned
321,8,claare,1927.39,1927.72,aligned
321,9,ny,1927.72,1927.81,aligned
321,10,gael,1927.81,1928.20,aligned
321,11,eddyr,1928.35,1928.56,aligned
321,12,she,1928.59,1928.89,aligned
321,13,bee,1928.89,1929.07,aligned
321,14,eh,1929.07,1929.16,aligned
321,15,mysh,1929.16,1929.34,aligned
321,16,shiaght,1929.34,1929.70,aligned
321,17,beeym,1929.70,1930.06,aligned
321,18,fastyr,1930.39,1930.81,aligned
321,19,beg,1930.90,1931.08,aligned
321,20,yn,1931.08,1931.17,aligned
321,21,doonee,1931.26,1931.65,aligned
321,22,sy,1931.98,1932.13,aligned
321,23,traa,1932.13,1932.46,aligned
321,24,ryheet,1932.46,1932.88,aligned
322,0,mie,1934.38,1934.56,aligned
322,1,dy,1934.56,1934.68,aligned
322,2,liooar,1934.68,1934.92,aligned
322,3,er,1935.10,1935.16,aligned
322,4,shen,1935.16,1935.52,aligned
322,5,ta,1935.52,1935.64,aligned
322,6,shin,1935.64,1935.85,aligned
322,7,er,1935.85,1935.97,aligned
322,8,jeet,1935.97,1936.27,aligned
322,9,gys,1936.27,1936.48,aligned
322,10,jerrey,1936.48,1936.84,aligned
322,11,focklioar,1936.90,1937.32,aligned
322,12,shoh,1937.32,1937.74,aligned
322,13,as,1938.04,1938.43,aligned
322,14,myr,1938.49,1938.61,aligned
322,15,shoh,1938.61,1938.97,aligned
322,16,veih,1939.03,1939.21,aligned
322,17,abbyr,1939.24,1939.51,aligned
322,18,shen,1939.51,1939.75,aligned
322,19,reesht,1939.75,1940.11,aligned
322,20,slane,1940.41,1940.77,aligned
322,21,lhiu,1940.77,1941.01,aligned
323,0,vees,1947.01,1947.13,aligned
323,1,ennys,1947.13,1947.43,aligned
323,2,join,1948.27,1948.51,aligned
323,3,us,1949.05,1949.14,aligned
323,4,right,1949.56,1949.86,aligned
323,5,now,1949.86,1950.25,aligned
323,6,with,1950.46,1950.61,aligned
323,7,shoh,1950.61,1950.82,aligned
323,8,as,1950.82,1950.91,aligned
323,9,ooilley,1951.00,1951.36,aligned
323,10,soobbyr,1951.54,1951.78,aligned
323,11,as,1951.84,1952.08,aligned
323,12,broadwaynt,1952.59,1953.28,aligned
323,13,un,1953.97,1954.15,aligned
323,14,more,1954.15,1954.33,aligned
323,15,band,1954.33,1954.63,aligned
323,16,with,1954.63,1954.87,aligned
324,0,the,1956.79,1956.88,aligned
324,1,island,1957.24,1957.48,aligned
324,2,is,1957.84,1957.96,aligned
324,3,twenty,1957.96,1958.23,aligned
324,4,tree,1958.23,1958.41,aligned
324,5,pound,1958.41,1958.62,aligned
324,6,nod,1958.71,1958.92,aligned
324,7,oo,1958.92,1959.01,aligned
325,0,mee,1960.87,1960.99,aligned
325,1,lhiam,1960.99,1961.14,aligned
325,2,dy,1962.46,1962.52,aligned
325,3,hie,1962.73,1962.97,aligned
325,4,as,1962.97,1963.06,aligned
325,5,feed,1963.15,1963.33,aligned
325,6,adsyn,1963.33,1963.69,aligned
326,0,vees,1967.74,1967.86,aligned
326,1,in,1968.49,1968.64,aligned
326,2,douglas,1968.64,1969.09,aligned
326,3,ramsey,1969.18,1969.51,aligned
326,4,yn,1969.51,1969.66,aligned
326,5,phurt,1969.66,1969.90,aligned
326,6,aerin,1969.90,1970.32,aligned
326,7,shoh,1971.10,1971.52,aligned
326,8,dooyrt,1971.52,1971.82,aligned
326,9,eh,1973.47,1973.59,aligned
