line,idx,word,start,end,status
0,0,radio,0.55,0.94,aligned
0,1,podcast,0.94,1.81,aligned
0,2,power,2.05,2.41,aligned
0,3,baie,2.41,2.71,aligned
0,4,shoh,2.71,3.25,aligned
1,0,abbyr,8.59,8.89,aligned
1,1,shen,8.89,9.25,aligned
1,2,reesht,9.25,9.64,aligned
1,3,ta'n,9.64,9.79,aligned
1,4,creayley,10.09,10.42,aligned
1,5,shoh,10.42,10.81,aligned
1,6,as,11.14,11.35,aligned
1,7,ayns,11.35,11.62,aligned
1,8,yn,11.68,11.74,aligned
2,0,clashtyn,12.40,13.03,aligned
2,1,meeryn,13.15,13.39,aligned
2,2,sy,13.90,14.08,aligned
2,3,ghaelg,14.08,14.41,aligned
2,4,va,14.62,14.68,aligned
2,5,ry,14.68,14.77,aligned
2,6,chlashtyn,14.77,15.25,aligned
2,7,ayns,15.25,15.43,aligned
2,8,shiartanse,15.43,16.00,aligned
2,9,dy,16.03,16.12,aligned
2,10,chlaareyn,16.12,16.45,aligned
2,11,radio,16.69,17.05,aligned
2,12,vannin,17.05,17.44,aligned
2,13,er,17.44,17.59,aligned
2,14,yn,17.59,17.65,aligned
2,15,chiaghtin,17.71,18.19,aligned
3,0,fastyr,24.55,25.06,aligned
3,1,jelune,25.06,25.66,aligned
3,2,er,25.66,25.78,aligned
3,3,radio,25.78,26.11,aligned
3,4,vannin,26.11,26.44,aligned
3,5,am,26.86,26.92,aligned
3,6,threejeig,27.01,27.52,aligned
3,7,sheyadhoght,27.52,28.33,aligned
3,8,ayns,28.33,28.57,aligned
3,9,traa,28.57,28.87,aligned
3,10,dy,28.87,28.96,aligned
3,11,liooar,28.96,29.35,aligned
4,0,va,29.95,30.07,aligned
4,1,meer,30.07,30.49,aligned
4,2,ass,30.58,30.91,aligned
4,3,pargys,30.91,31.48,aligned
4,4,caillt,31.48,31.93,aligned
4,5,ain,31.93,32.20,aligned
4,6,reesht,32.20,32.59,aligned
4,7,as,32.95,33.13,aligned
4,8,juan,33.13,33.46,aligned
4,9,y,33.46,33.52,aligned
4,10,geill,33.52,33.88,aligned
4,11,lhaih,34.15,34.57,aligned
4,12,yn,34.57,34.69,aligned
4,13,da'n,34.69,35.05,aligned
4,14,shen,35.05,35.38,aligned
4,15,ernynson,35.38,36.10,aligned
5,0,as,41.47,41.68,aligned
5,1,myr,41.68,41.83,aligned
5,2,shoh,41.83,42.25,aligned
5,3,satan,42.25,42.85,aligned
5,4,reaghit,43.60,44.23,aligned
5,5,veih,44.44,44.71,aligned
5,6,yn,44.71,44.89,aligned
5,7,pian,45.07,45.58,aligned
5,8,hug,45.58,45.91,aligned
5,9,ad,45.91,46.18,aligned
5,10,da,46.60,46.99,aligned
6,0,ren,47.62,47.89,aligned
6,1,getlagh,47.89,48.67,aligned
6,2,gys,48.91,49.18,aligned
6,3,dagh,49.27,49.63,aligned
6,4,boayn,49.78,50.29,aligned
7,0,heshaght,51.19,51.64,aligned
7,1,cooie,51.91,52.33,aligned
7,2,dy,53.08,53.17,aligned
7,3,reill,53.17,53.62,aligned
7,4,ad,53.62,53.80,aligned
7,5,seose,53.80,54.46,aligned
7,6,ayns,54.55,54.85,aligned
7,7,cree,54.97,55.42,aligned
8,0,as,56.26,56.53,aligned
8,1,ginsh,56.53,56.92,aligned
8,2,dou,57.34,57.70,aligned
8,3,cren,58.54,58.84,aligned
8,4,aght,58.84,59.26,aligned
9,0,ta,60.13,60.28,aligned
9,1,cleiy,60.28,60.76,aligned
9,2,loshtey,62.32,63.04,aligned
9,3,lesh,63.04,63.43,aligned
9,4,corree,63.49,63.97,aligned
9,5,noidys,64.12,64.93,aligned
9,6,nieu,65.29,65.74,aligned
10,0,v'eh,67.24,67.42,aligned
10,1,kiarit,67.42,67.96,aligned
10,2,nish,68.08,68.65,aligned
10,3,gyn,68.98,69.28,aligned
10,4,jerkal,69.28,69.82,aligned
10,5,rish,69.82,70.21,aligned
10,6,pardoon,70.21,70.84,aligned
11,0,agh,72.73,72.88,aligned
11,1,fakin,72.94,73.51,aligned
11,2,miall,73.60,74.08,aligned
11,3,er,74.08,74.23,aligned
11,4,vrishey,74.23,74.71,aligned
11,5,trooid,74.71,75.10,aligned
11,6,y,75.10,75.19,aligned
11,7,vean,75.19,75.61,aligned
12,0,veih,76.30,76.57,aligned
12,1,oaie,76.63,77.05,aligned
12,2,gys,77.11,77.41,aligned
12,3,cooyl,77.53,77.98,aligned
12,4,er,78.79,78.94,aligned
12,5,astyr,78.94,79.51,aligned
13,0,da,80.95,81.16,aligned
13,1,hroopyn,81.28,81.82,aligned
13,2,hene,81.82,82.21,aligned
13,3,myrgeddin,83.35,84.01,aligned
14,0,yn,84.55,84.73,aligned
14,1,voyrn,84.85,85.36,aligned
14,2,chlea,85.66,86.26,aligned
14,3,toshiaght,86.59,87.07,aligned
14,4,cur,87.13,87.40,aligned
14,5,cooyl,87.40,87.85,aligned
15,0,thousaneyn,88.96,89.86,aligned
15,1,roie,89.86,90.28,aligned
15,2,er,90.28,90.40,aligned
15,3,chea,90.40,91.00,aligned
15,4,roish,91.15,91.60,aligned
15,5,uriel,91.84,92.26,aligned
16,0,hug,93.58,93.82,aligned
16,1,corree,93.97,94.48,aligned
16,2,skianyn,94.48,95.23,aligned
16,3,bio,95.32,95.71,aligned
17,0,da'n,96.67,96.94,aligned
17,1,kione,96.94,97.60,aligned
17,2,dy,98.14,98.29,aligned
17,3,heet,98.32,98.74,aligned
17,4,ayns,98.74,99.07,aligned
17,5,siyr,99.07,99.49,aligned
17,6,dy,99.49,99.64,aligned
17,7,chooney,99.64,100.12,aligned
17,8,lhieu,100.12,100.51,aligned
18,0,as,102.22,102.49,aligned
18,1,myr,102.49,102.79,aligned
18,2,v'eh,102.79,103.06,aligned
18,3,cheet,103.06,103.51,aligned
18,4,miall,103.78,104.20,aligned
18,5,noo,104.26,104.65,aligned
18,6,haink,104.65,105.01,aligned
18,7,seose,105.01,105.58,aligned
18,8,ny,105.61,105.76,aligned
18,9,whail,105.79,106.27,aligned
19,0,lesh,107.17,107.50,aligned
19,1,lheid,107.59,108.01,aligned
19,2,ny,108.10,108.31,aligned
19,3,goan,108.31,108.73,aligned
19,4,shoh,108.73,109.42,aligned
20,0,cur,110.08,110.44,aligned
20,1,da,110.44,110.80,aligned
20,2,jesh,110.80,111.52,aligned
20,3,o,114.07,114.34,aligned
20,4,vac-ny-moyrn,114.34,115.42,aligned
21,0,ny,116.08,116.20,aligned
21,1,smooin,116.20,116.74,aligned
21,2,ee,116.74,116.95,aligned
21,3,dy,116.95,117.13,aligned
21,4,scapail,117.13,118.00,aligned
21,5,my,118.00,118.24,aligned
21,6,laue's,118.24,118.75,aligned
21,7,feiy-laa,118.75,119.62,aligned
22,0,mish,120.79,121.24,aligned
22,1,s'loys,121.33,121.99,aligned
22,2,nish,122.17,122.62,aligned
22,3,cumrail,123.04,123.70,aligned
23,0,ayns,124.45,124.72,aligned
23,1,mean,124.75,125.23,aligned
23,2,dty,125.23,125.38,aligned
23,3,hiyr,125.38,125.83,aligned
23,4,dy,126.64,126.79,aligned
23,5,hrial,126.94,127.48,aligned
23,6,nee,127.90,128.29,aligned
23,7,oo'n,128.41,128.95,aligned
23,8,jee,128.98,129.52,aligned
23,9,ooilley-niartal,130.00,130.99,aligned
23,10,pooaragh,130.99,131.74,aligned
24,0,ny,132.28,132.43,aligned
24,1,nagh,132.43,132.94,aligned
24,2,nee,132.94,133.27,aligned
24,3,vible,135.22,135.67,aligned
24,4,dooyrt,135.76,136.06,aligned
24,5,y,136.06,136.15,aligned
24,6,noid,136.15,136.51,aligned
25,0,gys,137.38,137.59,aligned
25,1,dty,137.59,137.74,aligned
25,2,arrish,137.80,138.31,aligned
25,3,yiow,138.31,138.58,aligned
25,4,uss,138.58,138.82,aligned
25,5,fys,139.09,139.48,aligned
25,6,er,139.75,139.87,aligned
25,7,mooads,139.87,140.56,aligned
25,8,my,140.56,140.74,aligned
25,9,phooar,140.74,141.34,aligned
26,0,as,142.06,142.27,aligned
26,1,nagh,142.27,142.60,aligned
26,2,vel,142.72,142.99,aligned
26,3,mee,142.99,143.23,aligned
26,4,goaill,143.23,143.65,aligned
26,5,rish,143.74,144.22,aligned
26,6,pooar,144.37,144.73,aligned
26,7,er-my-skyn,144.73,145.54,aligned
27,0,ny,147.49,147.61,aligned
27,1,goan,147.70,148.09,aligned
27,2,cha,148.09,148.24,aligned
27,3,row,148.24,148.57,aligned
27,4,ny,148.63,148.78,aligned
27,5,sleih,148.78,149.50,aligned
28,0,nagh,150.01,150.31,aligned
28,1,row,150.31,150.67,aligned
28,2,ny,150.67,150.88,aligned
28,3,cliwenyn,150.88,151.69,aligned
28,4,freggyrt,151.69,152.32,aligned
28,5,noi,152.53,152.86,aligned
28,6,ry,152.86,153.04,aligned
28,7,hoi,153.10,153.46,aligned
29,0,as,154.39,154.63,aligned
29,1,cha,154.63,154.75,aligned
29,2,row,154.75,155.11,aligned
29,3,schlei,155.17,155.95,aligned
29,4,laccal,156.28,156.70,aligned
29,5,er,156.70,156.91,aligned
29,6,y,156.91,157.00,aligned
29,7,jees,157.00,157.60,aligned
30,0,cuin,158.32,158.74,aligned
30,1,dy,158.74,158.95,aligned
30,2,endeil,158.95,159.73,aligned
30,3,as,160.15,160.36,aligned
30,4,cuin,160.45,160.90,aligned
30,5,dy,160.96,161.05,aligned
30,6,ghoaill,161.05,161.44,aligned
30,7,vondeish,161.44,162.46,aligned
31,0,my,163.87,164.02,aligned
31,1,veagh,164.02,164.59,aligned
31,2,oard,164.71,165.13,aligned
31,3,caadee,165.25,165.97,aligned
31,4,ve,166.57,166.78,aligned
31,5,dagh,166.78,167.20,aligned
31,6,builley,167.38,167.89,aligned
31,7,cloiet,167.98,168.55,aligned
32,0,buirroogh,169.33,169.96,aligned
32,1,myr,170.08,170.35,aligned
32,2,taarnagh,170.35,171.19,aligned
32,3,ass,171.82,172.09,aligned
32,4,mean,172.15,172.60,aligned
33,0,drillinyn,174.79,175.51,aligned
33,1,dy,175.87,175.99,aligned
33,2,aile,175.99,176.41,aligned
33,3,lheim,176.68,176.98,aligned
33,4,veih,177.10,177.34,aligned
33,5,ny,177.34,177.46,aligned
33,6,foyryn,177.46,178.15,aligned
33,7,geyre,178.24,178.66,aligned
34,0,as,181.63,181.90,aligned
34,1,soilshagh,181.93,182.65,aligned
34,2,ayns,182.71,183.01,aligned
34,3,yn,183.01,183.16,aligned
34,4,aer,183.16,183.46,aligned
34,5,mastey,185.05,185.62,aligned
34,6,dagh,185.62,186.07,aligned
34,7,yindys,186.13,186.64,aligned
34,8,dy,186.76,186.85,aligned
34,9,jagh,186.88,187.33,aligned
34,10,rieau,187.33,187.87,aligned
34,11,er,187.87,188.05,aligned
34,12,fakin,188.05,188.62,aligned
34,13,ayns,188.98,189.28,aligned
34,14,niau,189.37,189.82,aligned
34,15,n'er,189.91,190.15,aligned
34,16,laare,190.15,190.69,aligned
35,0,ny,191.47,191.62,aligned
35,1,jeh,191.62,192.10,aligned
35,2,dy,192.31,192.46,aligned
35,3,ren,192.46,192.79,aligned
35,4,shin,192.79,193.15,aligned
35,5,clashtyn,193.15,193.90,aligned
36,0,cha,195.04,195.16,aligned
36,1,vel,195.16,195.43,aligned
36,2,un,195.43,195.73,aligned
36,3,red,195.73,196.06,aligned
36,4,dy,196.78,196.87,aligned
36,5,voddym,196.87,197.26,aligned
36,6,smooinaght,197.26,198.04,aligned
37,0,ta,199.03,199.18,aligned
37,1,feeu,199.18,199.63,aligned
37,2,son,199.63,200.02,aligned
37,3,sambyl,200.02,200.65,aligned
37,4,ny,201.46,201.61,aligned
37,5,mac-soyley,201.61,202.51,aligned
37,6,cair,202.54,202.96,aligned
38,0,dy,204.22,204.37,aligned
38,1,hoiagh,204.40,204.91,aligned
38,2,magh,204.91,205.30,aligned
38,3,gys,205.30,205.57,aligned
38,4,tushtey,205.66,206.26,aligned
38,5,cair,206.26,206.59,aligned
38,6,sheelnaue,206.59,207.46,aligned
39,0,yn,208.00,208.15,aligned
39,1,aggle,208.15,208.69,aligned
39,2,baash,208.69,209.47,aligned
39,3,yn,209.71,209.83,aligned
39,4,atchim,209.83,210.37,aligned
39,5,as,210.58,210.79,aligned
39,6,y,210.79,210.88,aligned
39,7,creau,210.88,211.42,aligned
40,0,orroo,212.95,213.34,aligned
40,1,greim,213.40,213.82,aligned
40,2,dy,214.45,214.54,aligned
40,3,akin,214.63,215.11,aligned
40,4,lheid,215.11,215.59,aligned
40,5,y,215.59,215.68,aligned
40,6,shilley,215.68,216.25,aligned
41,0,as,217.39,217.63,aligned
41,1,y,217.63,217.75,aligned
41,2,daa,217.75,218.17,aligned
41,3,phooar,218.17,218.62,aligned
41,4,shoh,218.62,219.13,aligned
41,5,caggey's,219.22,220.03,aligned
41,6,streeu,220.03,220.57,aligned
41,7,ry-cheilley,220.57,221.29,aligned
42,0,juan,228.01,228.34,aligned
42,1,y,228.34,228.40,aligned
42,2,geill,228.40,228.73,aligned
42,3,as,229.60,229.72,aligned
42,4,er,229.72,229.87,aligned
42,5,yn,229.87,229.99,aligned
42,6,oyr,229.99,230.14,aligned
42,7,dy,230.14,230.26,aligned
42,8,row,230.26,230.44,aligned
42,9,eh,230.44,230.50,aligned
43,0,er,231.04,231.28,aligned
43,1,cassette,231.37,231.85,aligned
43,2,sheyad,232.39,232.90,aligned
43,3,te,233.41,233.71,aligned
43,4,bunnys,233.71,234.07,aligned
43,5,ec,234.07,234.22,aligned
43,6,y,234.22,234.31,aligned
43,7,jerrey,234.31,234.64,aligned
43,8,jeh'n,234.64,234.94,aligned
43,9,traa,234.94,235.27,aligned
43,10,shen,235.27,235.72,aligned
43,11,as,236.08,236.26,aligned
43,12,cha,236.26,236.41,aligned
43,13,nel,236.41,236.68,aligned
43,14,agh,236.68,236.89,aligned
43,15,un,236.89,237.16,aligned
43,16,gheyrey,237.16,237.58,aligned
43,17,er-mayrn,237.58,238.09,aligned
43,18,as,238.48,238.60,aligned
43,19,ta,238.60,238.69,aligned
43,20,shen,238.69,238.99,aligned
43,21,cheet,238.99,239.14,aligned
43,22,gys,239.23,239.38,aligned
43,23,jerrey,239.38,239.68,aligned
43,24,ayns,239.68,239.89,aligned
43,25,mean,239.89,240.19,aligned
43,26,y,240.19,240.28,aligned
43,27,raa,240.28,240.70,aligned
43,28,myr,241.15,241.27,aligned
44,0,myr,241.06,241.27,aligned
44,1,shoh,241.27,241.60,aligned
44,2,bee,241.81,241.96,aligned
44,3,caa,241.96,242.17,aligned
44,4,dooin,242.17,242.35,aligned
44,5,clashtyn,242.35,242.80,aligned
44,6,shen,242.80,243.10,aligned
44,7,y,243.10,243.19,aligned
44,8,nah,243.19,243.46,aligned
44,9,cheayrt,243.46,243.88,aligned
45,0,fastyr,245.38,245.86,aligned
45,1,beg,245.86,246.13,aligned
45,2,jerdein,246.13,246.82,aligned
45,3,ta,246.82,247.00,aligned
45,4,shiaght,247.00,247.42,aligned
45,5,laa,247.42,247.66,aligned
45,6,ry,247.66,247.78,aligned
45,7,chlashtyn,247.78,248.29,aligned
46,0,rollick,256.45,256.96,aligned
46,1,mygeayrt,256.96,257.53,aligned
46,2,keeill,257.53,257.86,aligned
46,3,vaghal,257.86,258.40,aligned
46,4,jannoo,258.40,258.79,aligned
46,5,seose,258.79,259.09,aligned
46,6,bunnys,259.15,259.60,aligned
46,7,kiare,259.69,260.17,aligned
46,8,akeryn,260.26,260.89,aligned
46,9,sy,261.28,261.43,aligned
46,10,lhing,261.43,261.67,aligned
46,11,shoh,261.67,262.00,aligned
46,12,shegin,262.00,262.27,aligned
46,13,dooin,262.27,262.45,aligned
46,14,gra,262.45,262.81,aligned
46,15,neesht,262.81,263.05,aligned
46,16,dy,263.14,263.20,aligned
46,17,vel,263.20,263.35,aligned
46,18,shen,263.35,263.71,aligned
46,19,beggan,263.71,264.16,aligned
46,20,ny,264.16,264.28,aligned
46,21,smoo,264.28,264.61,aligned
47,0,dy,265.39,265.51,aligned
47,1,lieh,265.51,265.96,aligned
47,2,cre,267.04,267.28,aligned
47,3,erbee,267.28,267.49,aligned
47,4,yn,267.49,267.61,aligned
47,5,aght,267.61,267.79,aligned
47,6,t'ou,267.79,268.00,aligned
47,7,towshan,268.06,268.51,aligned
48,0,feer,269.89,270.16,aligned
48,1,urree,270.16,270.64,aligned
48,2,as,271.39,271.54,aligned
48,3,shen,271.54,271.81,aligned
48,4,er-yn-oyr,271.81,272.26,aligned
48,5,nagh,272.26,272.47,aligned
48,6,nee,272.53,272.86,aligned
48,7,close,272.95,273.31,aligned
48,8,ny,273.31,273.43,aligned
48,9,killagh,273.43,273.91,aligned
48,10,va,273.91,273.97,aligned
48,11,ayn,273.97,274.15,aligned
48,12,hoshiaght,274.15,274.72,aligned
48,13,agh,275.08,275.41,aligned
48,14,va'n,275.41,275.62,aligned
48,15,ard,275.62,275.83,aligned
48,16,shen,275.83,276.16,aligned
48,17,jannoo,276.16,276.46,aligned
48,18,seose,276.46,276.82,aligned
48,19,mannishter,276.85,277.51,aligned
49,0,s'cosoylagh,278.26,279.10,aligned
49,1,eh,279.10,279.28,aligned
49,2,dy,279.28,279.40,aligned
49,3,row,279.40,279.55,aligned
49,4,yn,279.55,279.67,aligned
49,5,cheeill,279.67,280.00,aligned
49,6,hene,280.06,280.36,aligned
49,7,troggit,280.36,280.87,aligned
49,8,syn,280.87,281.11,aligned
49,9,ynnyd,281.11,281.41,aligned
49,10,va,281.41,281.53,aligned
49,11,shenn,281.53,282.01,aligned
49,12,cheeill,282.01,282.34,aligned
49,13,hoshiaght,282.37,282.94,aligned
50,0,agh,283.45,283.78,aligned
50,1,sy,283.78,284.02,aligned
50,2,rullick,284.02,284.38,aligned
50,3,nish,285.10,285.55,aligned
50,4,ta,285.88,286.06,aligned
50,5,kialteenyn,286.06,286.78,aligned
50,6,beggey,286.78,287.14,aligned
50,7,elley,287.14,287.47,aligned
50,8,ayn,287.47,287.80,aligned
51,0,sy,289.09,289.24,aligned
51,1,rullick,289.24,289.57,aligned
51,2,neesht,289.57,289.96,aligned
51,3,er,289.96,290.14,aligned
51,4,cheu,290.14,290.47,aligned
51,5,yiass,290.47,290.95,aligned
51,6,ny,290.95,291.07,aligned
51,7,killey,291.07,291.58,aligned
51,8,ta,291.94,292.06,aligned
51,9,troggal,292.06,292.60,aligned
51,10,erlheh,292.60,293.23,aligned
51,11,as,293.56,293.74,aligned
51,12,va,293.74,293.86,aligned
51,13,shen,293.86,294.31,aligned
51,14,jeant,294.40,294.76,aligned
51,15,dy,294.76,294.85,aligned
51,16,choadey,294.85,295.30,aligned
51,17,ny,295.30,295.42,aligned
51,18,shenn,295.45,295.90,aligned
51,19,croshyn,295.90,296.47,aligned
51,20,va,296.47,296.62,aligned
51,21,ry,296.62,296.71,aligned
51,22,gheddyn,296.74,297.10,aligned
51,23,ynrican,297.58,298.00,aligned
51,24,mygeayrt,298.00,298.42,aligned
51,25,y,298.42,298.48,aligned
51,26,cheeayl,298.48,298.84,aligned
51,27,as,298.84,298.99,aligned
51,28,yn,298.99,299.08,aligned
52,0,son,298.93,299.14,aligned
52,1,rullick,299.14,299.65,aligned
52,2,agh,299.65,299.89,aligned
52,3,ooilley,300.04,300.31,aligned
52,4,mygeayrt,300.31,300.73,aligned
52,5,y,300.73,300.79,aligned
52,6,skylley,300.79,301.33,aligned
53,0,as,301.96,302.20,aligned
53,1,va,302.20,302.35,aligned
53,2,currit,302.35,302.68,aligned
53,3,lesh,302.68,302.98,aligned
53,4,dy,302.98,303.13,aligned
53,5,yannoo,303.13,303.37,aligned
53,6,seose,303.37,303.70,aligned
53,7,yn,303.70,303.79,aligned
53,8,tashtey,303.79,304.33,aligned
53,9,smoo,304.33,304.66,aligned
53,10,dy,304.66,304.81,aligned
53,11,chionn,304.81,305.17,aligned
53,12,croshyn,305.17,305.74,aligned
53,13,syn,305.74,305.98,aligned
53,14,ellan,305.98,306.37,aligned
54,0,ta,307.03,307.18,aligned
54,1,chaglym,307.18,307.69,aligned
54,2,ayns,307.69,307.81,aligned
54,3,skylley,307.81,308.17,aligned
54,4,maghal,308.17,308.65,aligned
54,5,jannoo,308.98,309.25,aligned
54,6,seose,309.25,309.58,aligned
54,7,mysh,309.64,309.85,aligned
54,8,yn,309.85,309.94,aligned
54,9,trass,309.94,310.39,aligned
54,10,ayrn,310.39,310.78,aligned
54,11,jeh,310.78,311.08,aligned
54,12,ooilley,311.11,311.41,aligned
54,13,ny,311.41,311.53,aligned
54,14,croshyn,311.53,312.01,aligned
54,15,syn,312.01,312.25,aligned
54,16,ellan,312.25,312.61,aligned
55,0,ta,318.46,318.58,aligned
55,1,shin,318.58,318.79,aligned
55,2,cheet,318.79,319.09,aligned
55,3,er,319.09,319.33,aligned
55,4,moghrey,319.42,319.75,aligned
55,5,bardagh,319.99,320.65,aligned
55,6,she,321.19,321.55,aligned
55,7,agh,321.64,322.03,aligned
55,8,dy,322.03,322.15,aligned
55,9,yannoo,322.15,322.45,aligned
55,10,ymmyd,322.45,322.69,aligned
55,11,jeh,322.69,322.93,aligned
55,12,fockleyn,322.93,323.65,aligned
55,13,as,323.65,323.86,aligned
55,14,raaghyn,323.86,324.31,aligned
55,15,dy,324.76,324.82,aligned
55,16,hoilshaghey,324.82,325.24,aligned
55,17,magh,325.24,325.51,aligned
55,18,red,325.51,325.69,aligned
55,19,ennagh,325.69,326.05,aligned
55,20,da,326.05,326.17,aligned
55,21,sleih,326.17,326.59,aligned
55,22,elley,326.59,327.01,aligned
56,0,dy,328.09,328.15,aligned
56,1,mennick,328.15,328.51,aligned
56,2,sy,328.51,328.66,aligned
56,3,vagher,328.66,328.96,aligned
56,4,dagh,328.96,329.32,aligned
56,5,foddee,329.32,329.62,aligned
56,6,nagh,329.62,329.74,aligned
56,7,vel,329.74,329.89,aligned
56,8,cooishyn,329.89,330.31,aligned
56,9,ry,330.31,330.46,aligned
56,10,hoiggal,330.46,330.76,aligned
56,11,chelleeragh,330.76,331.60,aligned
56,12,agh,332.05,332.35,aligned
56,13,syn,332.35,332.56,aligned
56,14,aght,332.56,332.80,aligned
56,15,ta,332.80,332.92,aligned
56,16,ny,332.92,333.01,aligned
56,17,fockleyn,333.01,333.67,aligned
56,18,as,333.67,333.82,aligned
56,19,raaghyn,333.91,334.36,aligned
56,20,goll,334.36,334.60,aligned
56,21,er-oaie,334.60,335.23,aligned
56,22,t'ad,335.62,335.80,aligned
56,23,jannoo,335.80,336.13,aligned
56,24,seose,336.13,336.52,aligned
57,0,dty,337.48,337.66,aligned
57,1,ain,337.72,338.14,aligned
57,2,as,338.56,338.74,aligned
57,3,ayns,338.74,338.95,aligned
57,4,aght,338.95,339.28,aligned
57,5,t'ad,339.28,339.52,aligned
57,6,niartaghey,339.52,340.30,aligned
57,7,y,340.30,340.36,aligned
57,8,cheilley,340.36,340.87,aligned
57,9,as,341.23,341.41,aligned
57,10,fy,341.41,341.56,aligned
57,11,yerrey,341.56,341.98,aligned
57,12,ta'n,341.98,342.19,aligned
57,13,bun,342.19,342.46,aligned
57,14,jeu,342.46,342.79,aligned
57,15,cheet,342.79,343.09,aligned
57,16,magh,343.09,343.42,aligned
57,17,ass,343.42,343.87,aligned
58,0,as,344.44,344.74,aligned
58,1,ta,344.74,344.89,aligned
58,2,jannoo,344.89,345.22,aligned
58,3,seose,345.22,345.61,aligned
58,4,jalloo,345.67,346.15,aligned
58,5,jeh,346.15,346.51,aligned
58,6,shallid,346.66,347.17,aligned
58,7,erlheh,347.17,347.77,aligned
58,8,dy,348.04,348.16,aligned
58,9,ennaghtyn,348.16,348.76,aligned
58,10,er,348.76,348.91,aligned
58,11,lheh,348.91,349.33,aligned
58,12,ta,349.66,349.78,aligned
58,13,soilshaghey,349.78,350.29,aligned
58,14,magh,350.29,350.59,aligned
58,15,dooin,350.59,350.83,aligned
58,16,red,350.83,351.04,aligned
58,17,ennagh,351.04,351.40,aligned
58,18,bunneydagh,351.40,352.24,aligned
58,19,dyn,352.24,352.48,aligned
58,20,ve,352.48,352.75,aligned
58,21,ain,352.75,353.02,aligned
58,22,hene,353.02,353.41,aligned
58,23,dyn,353.74,353.92,aligned
58,24,ve,353.92,354.16,aligned
58,25,ain,354.16,354.40,aligned
58,26,ooilley,354.40,354.79,aligned
59,0,ren,355.99,356.32,aligned
59,1,william,356.53,356.83,aligned
59,2,wordsworth,356.83,357.40,aligned
59,3,screeu,357.40,357.82,aligned
59,4,mychione,357.82,358.30,aligned
59,5,yn,358.30,358.39,aligned
59,6,aght,358.39,358.66,aligned
59,7,va'n,358.66,358.90,aligned
59,8,bardagh,358.90,359.50,aligned
59,9,goll,359.50,359.71,aligned
59,10,er,359.71,359.83,aligned
59,11,jannoo,359.83,360.19,aligned
59,12,echey,360.19,360.52,aligned
60,0,dooyrt,361.45,361.69,aligned
60,1,eh,361.87,362.02,aligned
60,2,ta,362.86,363.01,aligned
60,3,mee,363.01,363.19,aligned
60,4,er,363.19,363.28,aligned
60,5,ghra,363.40,363.70,aligned
60,6,dy,363.70,363.82,aligned
60,7,vel,363.82,364.00,aligned
60,8,bardagh,364.00,364.87,aligned
60,9,ny,365.05,365.20,aligned
60,10,roie,365.20,365.53,aligned
60,11,harrish,365.53,366.07,aligned
60,12,gyn,366.13,366.31,aligned
60,13,tort,366.31,366.73,aligned
60,14,jeh,366.73,367.00,aligned
60,15,ennaghtyn,367.03,367.60,aligned
60,16,niartal,367.60,368.17,aligned
61,0,ta'n,369.07,369.28,aligned
61,1,bun,369.28,369.52,aligned
61,2,jeh,369.52,369.85,aligned
61,3,ry,369.85,369.97,aligned
61,4,gheddyn,369.97,370.39,aligned
61,5,ass,370.39,370.69,aligned
61,6,ennaghtyn,370.75,371.59,aligned
61,7,as,371.59,371.80,aligned
61,8,cooinaghtyn,371.80,372.22,aligned
61,9,orroo,372.22,372.55,aligned
61,10,ayns,372.55,372.76,aligned
61,11,kiunys,372.76,373.33,aligned
62,0,ta,374.23,374.35,aligned
62,1,sorch,374.35,374.65,aligned
62,2,smooinaghtyn,374.65,375.16,aligned
62,3,goll,375.16,375.40,aligned
62,4,er,375.40,375.52,aligned
62,5,jannoo,375.52,375.94,aligned
62,6,er,375.94,376.09,aligned
62,7,ny,376.09,376.24,aligned
62,8,ennaghtyn,376.24,376.96,aligned
62,9,derrey,377.32,377.74,aligned
62,10,liorish,377.83,378.13,aligned
62,11,sorch,378.13,378.49,aligned
62,12,dy,378.49,378.61,aligned
62,13,freggyrt,378.61,379.18,aligned
62,14,ta'n,379.63,379.84,aligned
62,15,kiunys,379.84,380.56,aligned
62,16,ny,380.62,380.77,aligned
62,17,veggan,380.86,381.34,aligned
62,18,as,381.34,381.49,aligned
62,19,ny,381.49,381.61,aligned
62,20,veggan,381.61,382.15,aligned
62,21,lheie,382.45,382.81,aligned
62,22,ersooyl,382.81,383.41,aligned
63,0,as,384.19,384.37,aligned
63,1,dy,384.37,384.49,aligned
63,2,ennaghtyn,384.52,385.27,aligned
63,3,gollroosyn,385.63,386.14,aligned
63,4,roie,386.14,386.74,aligned
63,5,va,386.74,386.86,aligned
63,6,goll,386.86,387.10,aligned
63,7,er,387.10,387.19,aligned
63,8,sursmooinaghtyn,387.22,387.97,aligned
63,9,er,387.97,388.24,aligned
63,10,ny,388.69,388.81,aligned
63,11,veggan,388.81,389.35,aligned
63,12,as,389.35,389.50,aligned
63,13,ny,389.50,389.65,aligned
63,14,veggan,389.65,390.07,aligned
63,15,er,390.07,390.31,aligned
63,16,ny,390.31,390.49,aligned
63,17,yientyn,390.49,391.03,aligned
64,0,as,391.54,391.69,aligned
64,1,t'eh,391.69,391.87,aligned
64,2,dy,391.87,391.99,aligned
64,3,feer,391.99,392.38,aligned
64,4,ayns,392.38,392.62,aligned
64,5,shen,392.62,392.95,aligned
64,6,syn,392.95,393.19,aligned
64,7,aigney,393.19,393.67,aligned
65,0,shiaght,395.74,396.19,aligned
65,1,laa,396.19,396.61,aligned
65,2,as,397.21,397.36,aligned
65,3,y,397.36,397.45,aligned
65,4,nah,397.45,397.75,aligned
65,5,cheayrt,397.75,398.17,aligned
65,6,bee,398.17,398.35,aligned
65,7,shen,398.35,398.65,aligned
65,8,yn,398.65,398.74,aligned
65,9,chlaare,398.74,399.10,aligned
65,10,sjerree,399.10,399.61,aligned
65,11,sy,399.61,399.76,aligned
65,12,straih,399.76,400.27,aligned
65,13,shoh,400.27,400.72,aligned
66,0,as,402.16,402.46,aligned
66,1,myr,402.46,402.58,aligned
66,2,shoh,402.58,402.85,aligned
66,3,gys,402.85,403.03,aligned
66,4,jamys,403.03,403.39,aligned
66,5,jeheiney,403.39,403.96,aligned
66,6,fastyr,404.47,404.89,aligned
66,7,jeheiney,404.89,405.46,aligned
66,8,er,405.46,405.58,aligned
66,9,radio,405.58,405.97,aligned
66,10,vannin,405.97,406.27,aligned
66,11,am,406.57,406.69,aligned
66,12,threejeig,406.69,407.23,aligned
66,13,sheyadhoght,407.23,408.01,aligned
67,0,ta,408.73,408.82,aligned
67,1,jamys,408.82,409.18,aligned
67,2,kinry,409.18,409.66,aligned
67,3,briaght,409.69,410.11,aligned
67,4,mychione,410.11,410.56,aligned
67,5,pooar,410.71,411.04,aligned
67,6,er,411.31,411.58,aligned
67,7,ny,411.73,411.85,aligned
67,8,purtyn,411.85,412.36,aligned
67,9,er,412.36,412.69,aligned
68,0,mychione,413.23,413.59,aligned
68,1,bwaagyn,413.59,414.25,aligned
68,2,as,414.73,415.12,aligned
68,3,ta,415.21,415.36,aligned
68,4,three,415.36,415.60,aligned
68,5,coraaghyn,415.60,416.20,aligned
68,6,ry-chlashtyn,416.20,416.80,aligned
68,7,sy,416.80,416.98,aligned
68,8,trass,416.98,417.37,aligned
68,9,ayrn,417.37,417.73,aligned
68,10,quoi,418.06,418.39,aligned
68,11,vees,418.42,418.63,aligned
68,12,loayrt,418.63,419.05,aligned
69,0,fastyr,426.37,426.94,aligned
69,1,jeheiney,427.96,428.71,aligned
69,2,myr,429.10,429.28,aligned
69,3,ta,429.28,429.46,aligned
69,4,fys,429.46,429.76,aligned
69,5,eu,429.76,430.06,aligned
69,6,ta,430.06,430.18,aligned
69,7,mee,430.18,430.36,aligned
69,8,sheein,430.36,430.84,aligned
70,0,yn,431.56,431.77,aligned
70,1,nah,431.77,432.19,aligned
70,2,laa,432.19,432.61,aligned
70,3,as,432.61,432.76,aligned
70,4,feed,432.76,433.15,aligned
70,5,mee,433.60,434.11,aligned
70,6,sjerree,434.11,434.77,aligned
70,7,yn,434.77,434.86,aligned
70,8,ouyr,434.86,435.46,aligned
71,0,ayns,436.06,436.30,aligned
71,1,y,436.30,436.33,aligned
71,2,who,436.36,436.54,aligned
71,3,is,436.54,436.66,aligned
71,4,ain,436.66,437.08,aligned
71,5,yn,437.92,438.04,aligned
71,6,chiaghtin,438.04,438.52,aligned
71,7,shoh,438.52,438.94,aligned
71,8,ta,438.94,439.09,aligned
71,9,shin,439.09,439.24,aligned
71,10,er,439.24,439.33,aligned
71,11,ve,439.33,439.45,aligned
71,12,jannoo,439.45,439.66,aligned
71,13,quoi,439.66,439.90,aligned
71,14,son,439.90,440.26,aligned
71,15,tammylt,440.26,440.74,aligned
71,16,neesht,440.74,441.28,aligned
71,17,as,441.64,441.85,aligned
71,18,ta,441.85,442.00,aligned
71,19,mish,442.00,442.42,aligned
72,0,commish,443.83,444.19,aligned
72,1,goaill,444.19,444.52,aligned
72,2,taitnys,444.52,445.36,aligned
72,3,ayn,446.11,446.62,aligned
73,0,ta,447.52,447.61,aligned
73,1,mee,447.61,447.76,aligned
73,2,treishteil,447.76,448.27,aligned
73,3,dy,448.27,448.81,aligned
73,4,laik,448.81,449.11,aligned
73,5,lhiuish,449.11,449.71,aligned
73,6,jannoo,449.83,450.19,aligned
73,7,queeylyn,450.31,450.76,aligned
73,8,neesht,451.18,451.66,aligned
74,0,ayns,452.44,452.77,aligned
74,1,y,452.77,452.86,aligned
74,2,whaiyl,452.89,453.25,aligned
74,3,as,453.25,453.31,aligned
74,4,ayns,454.54,454.93,aligned
74,5,y,454.93,454.99,aligned
74,6,whaiyl,455.02,455.35,aligned
74,7,as,455.35,455.41,aligned
75,0,past,456.46,457.21,aligned
75,1,oddagh,459.55,459.85,aligned
75,2,oo,459.85,459.94,aligned
75,3,gra,459.94,460.36,aligned
76,0,my,462.19,462.37,aligned
76,1,ayr,462.37,462.64,aligned
76,2,as,463.54,463.72,aligned
76,3,veagh,463.72,463.96,aligned
76,4,shen,463.96,464.23,aligned
76,5,kiart,464.23,464.59,aligned
76,6,dy,464.59,464.68,aligned
76,7,liooar,464.68,464.92,aligned
76,8,neesht,464.92,465.40,aligned
77,0,as,466.00,466.21,aligned
77,1,ta,466.33,466.51,aligned
77,2,daa,466.51,467.11,aligned
77,3,ylrey,467.20,467.56,aligned
77,4,ec,467.56,467.80,aligned
77,5,yn,467.80,467.89,aligned
77,6,ockle,467.89,468.22,aligned
77,7,shoh,468.22,468.61,aligned
78,0,foddee,469.54,469.90,aligned
78,1,oo,469.90,469.99,aligned
78,2,gra,469.99,470.47,aligned
78,3,paart,470.92,471.67,aligned
78,4,lesh,472.12,472.60,aligned
79,0,keyl,477.01,477.61,aligned
79,1,peisht,478.45,479.11,aligned
79,2,red,479.32,479.50,aligned
79,3,ennagh,479.50,479.80,aligned
79,4,myr,479.80,479.98,aligned
79,5,shen,479.98,480.31,aligned
79,6,ny,480.76,480.91,aligned
79,7,purtyn,480.91,481.48,aligned
80,0,lhiah,481.87,482.02,aligned
80,1,shen,482.02,482.29,aligned
80,2,kiart,482.29,482.59,aligned
80,3,dy,482.59,482.68,aligned
80,4,liooar,482.68,482.89,aligned
80,5,neesht,482.89,483.19,aligned
80,6,neesht,483.31,483.58,aligned
80,7,erlhiam,483.91,484.21,aligned
80,8,dy,484.21,484.33,aligned
80,9,vel,484.33,484.60,aligned
80,10,paart,484.60,485.23,aligned
81,0,un,485.50,485.65,aligned
81,1,jees,485.65,485.92,aligned
81,2,oc,485.92,486.13,aligned
81,3,rygheddyn,486.13,486.61,aligned
81,4,cha,486.64,487.12,aligned
81,5,nel,487.12,487.27,aligned
81,6,mee,487.27,487.36,aligned
81,7,er,487.36,487.48,aligned
81,8,yeeaghyn,487.48,487.81,aligned
81,9,son,488.11,488.35,aligned
81,10,tammylt,488.35,488.77,aligned
81,11,agh,489.16,489.34,aligned
81,12,son,489.34,489.49,aligned
81,13,shickyrys,489.49,489.94,aligned
81,14,ta,489.94,490.09,aligned
81,15,paart,490.09,490.72,aligned
82,0,yn,494.98,495.13,aligned
82,1,james,495.13,495.49,aligned
82,2,whilst,495.49,495.73,aligned
82,3,my,495.76,495.91,aligned
82,4,ta,495.91,496.30,aligned
82,5,mee,496.30,496.45,aligned
82,6,er,496.45,496.57,aligned
82,7,yarrood,496.57,497.11,aligned
82,8,bwaagyn,501.28,502.06,aligned
83,0,dy,502.66,502.75,aligned
83,1,jarroo,502.75,503.23,aligned
83,2,bwaagyn,503.71,504.49,aligned
83,3,cha,505.78,505.87,aligned
83,4,nel,505.87,506.02,aligned
83,5,mee,506.02,506.14,aligned
83,6,shickyr,506.14,506.50,aligned
83,7,cre,506.50,506.80,aligned
83,8,wheesh,506.83,507.25,aligned
84,0,dy,508.75,508.84,aligned
84,1,hushtey,508.84,509.35,aligned
84,2,tou,509.35,509.77,aligned
84,3,bwaagyn,511.00,511.75,aligned
84,4,yannoo,511.96,512.26,aligned
85,0,ny,513.43,513.64,aligned
85,1,shen,514.33,514.78,aligned
85,2,agh,515.77,516.07,aligned
85,3,bee,516.55,516.70,aligned
85,4,tree,516.70,517.18,aligned
85,5,queshtionyn,517.18,517.84,aligned
85,6,ain,517.84,518.23,aligned
85,7,mychione,518.59,519.25,aligned
85,8,oc,519.40,519.67,aligned
85,9,shen,519.67,520.09,aligned
86,0,as,522.19,522.46,aligned
86,1,yn,522.46,522.70,aligned
86,2,trass,522.70,523.12,aligned
86,3,ayrn,523.12,523.48,aligned
86,4,jehn,523.48,523.78,aligned
86,5,quiss,523.78,524.17,aligned
86,6,cre'n,524.59,525.04,aligned
86,7,choraa,525.04,525.70,aligned
86,8,as,525.82,526.03,aligned
86,9,ta,526.03,526.18,aligned
86,10,shin,526.18,526.51,aligned
86,11,er,526.51,526.63,aligned
86,12,n'yannoo,526.63,526.96,aligned
86,13,shen,526.96,527.35,aligned
86,14,son,527.56,527.86,aligned
86,15,paart,527.86,528.22,aligned
86,16,dy,528.22,528.37,aligned
86,17,hiaghtinyn,528.37,528.94,aligned
86,18,neesht,528.94,529.42,aligned
87,0,shen,529.99,530.20,aligned
87,1,yn,530.20,530.47,aligned
87,2,yn,530.62,530.74,aligned
87,3,ayrn,530.74,531.01,aligned
87,4,share,531.01,531.28,aligned
87,5,lhiam,531.28,531.58,aligned
87,6,beeym,531.58,531.97,aligned
87,7,nee,532.39,532.51,aligned
87,8,shiu,532.51,532.69,aligned
87,9,clashtyn,532.69,533.14,aligned
87,10,tree,533.14,533.47,aligned
87,11,creaghyn,533.47,534.10,aligned
87,12,as,534.10,534.40,aligned
87,13,t'eh,534.40,534.61,aligned
87,14,feer,534.61,534.91,aligned
87,15,aashagh,534.91,535.42,aligned
87,16,cha,535.42,535.75,aligned
87,17,lhiass,535.75,536.05,aligned
87,18,doo,536.05,536.23,aligned
87,19,agh,536.23,536.44,aligned
87,20,gra,536.44,536.80,aligned
87,21,quoi,537.22,537.52,aligned
87,22,t'ou,537.52,537.76,aligned
87,23,loayrt,537.79,538.30,aligned
88,0,quoi,539.56,539.80,aligned
88,1,yn,539.80,540.10,aligned
88,2,choraa,540.10,540.61,aligned
88,3,ta,541.18,541.30,aligned
88,4,shiu,541.30,541.72,aligned
88,5,clashtyn,541.81,542.32,aligned
89,0,mie,543.76,544.12,aligned
89,1,dy,544.12,544.18,aligned
89,2,liooar,544.18,544.45,aligned
89,3,hooar,545.23,545.44,aligned
89,4,mee,545.44,545.77,aligned
89,5,meayll,545.77,546.07,aligned
90,0,tammylt,547.09,547.39,aligned
90,1,beg,547.39,547.69,aligned
90,2,er,547.69,547.81,aligned
90,3,dy,547.81,547.99,aligned
90,4,henney,547.99,548.26,aligned
90,5,shin,551.26,552.13,aligned
90,6,dy,552.40,552.52,aligned
90,7,chooilley,552.52,552.79,aligned
90,8,pheiagh,552.79,553.21,aligned
90,9,ta,553.21,553.39,aligned
90,10,gobbragh,553.39,554.05,aligned
91,0,ec,554.95,555.28,aligned
91,1,radio,555.55,556.09,aligned
91,2,vannin,556.09,556.60,aligned
91,3,cur,557.23,557.44,aligned
91,4,shin,557.44,557.71,aligned
91,5,ayns,557.71,557.95,aligned
91,6,cooinaghtyn,557.95,558.58,aligned
92,0,jeh,559.18,559.48,aligned
92,1,cre,559.48,559.78,aligned
92,2,lhisagh,559.78,560.20,aligned
92,3,shin,560.20,560.53,aligned
92,4,jannoo,560.53,560.98,aligned
92,5,my,561.70,561.94,aligned
92,6,eu,561.97,562.33,aligned
93,0,y,562.87,562.96,aligned
93,1,venrein,562.96,563.89,aligned
93,2,benrein,564.13,564.97,aligned
94,0,sostyn,566.89,567.49,aligned
94,1,benrein,568.09,568.57,aligned
94,2,hostyn,568.57,569.05,aligned
94,3,baase,569.05,569.62,aligned
95,0,so,570.76,571.21,aligned
95,1,ta,571.30,571.45,aligned
95,2,mee,571.45,571.60,aligned
95,3,sheein,571.60,572.05,aligned
95,4,dy,572.05,572.23,aligned
95,5,vel,572.23,572.44,aligned
95,6,ee,572.44,572.74,aligned
95,7,er,573.49,573.61,aligned
95,8,ve,573.61,573.88,aligned
95,9,ayns,573.88,574.36,aligned
95,10,drogh,574.57,575.11,aligned
95,11,laynt,575.11,575.62,aligned
95,12,vel,575.62,575.92,aligned
96,0,v'eh,578.95,579.10,aligned
96,1,foast,579.10,579.37,aligned
96,2,bio,579.37,579.76,aligned
96,3,my,579.76,579.88,aligned
96,4,ta,579.88,580.18,aligned
96,5,mee,580.21,580.42,aligned
96,6,er,580.42,580.48,aligned
96,7,chlashtyn,580.48,580.84,aligned
96,8,red,580.84,580.99,aligned
96,9,erbee,580.99,581.20,aligned
96,10,elley,581.20,581.50,aligned
96,11,agh,581.80,582.19,aligned
97,0,t'eh,582.97,583.15,aligned
97,1,gra,583.15,583.54,aligned
97,2,dy,583.54,583.90,aligned
97,3,t'eh,585.13,585.28,aligned
97,4,gra,585.28,585.61,aligned
97,5,dy,585.61,585.73,aligned
97,6,nheign,585.73,586.06,aligned
97,7,dooin,586.06,586.24,aligned
97,8,scuirr,586.24,586.96,aligned
97,9,as,587.41,587.83,aligned
98,0,er,589.15,589.33,aligned
98,1,kiaull,589.33,589.93,aligned
98,2,voish,590.08,590.41,aligned
98,3,pleadeilys,590.50,591.25,aligned
98,4,da,591.25,591.49,aligned
98,5,yee,591.52,592.12,aligned
99,0,dy,593.77,593.89,aligned
99,1,chiaull,593.89,594.40,aligned
99,2,kiaull,596.05,596.62,aligned
100,0,kiune,597.67,598.21,aligned
100,1,as,598.21,598.51,aligned
100,2,classicagh,599.08,599.89,aligned
100,3,ta,599.89,600.04,aligned
100,4,mee,600.04,600.28,aligned
100,5,sheein,600.28,600.76,aligned
101,0,as,601.42,601.60,aligned
101,1,t'eh,601.60,601.75,aligned
101,2,gra,601.75,602.05,aligned
101,3,dy,602.05,602.23,aligned
101,4,bee,602.23,602.74,aligned
101,5,claareeyn,602.92,604.15,aligned
102,0,cadjin,604.66,605.23,aligned
102,1,aym,605.74,606.07,aligned
102,2,currit,607.48,607.93,aligned
102,3,ry,607.93,608.08,aligned
102,4,lhiattee,608.08,608.56,aligned
102,5,son,608.56,608.74,aligned
102,6,mysh,608.74,608.95,aligned
102,7,jeih,608.98,609.55,aligned
102,8,laa,609.58,610.15,aligned
103,0,ta,613.00,613.15,aligned
103,1,chouds,613.21,613.60,aligned
103,2,nagh,613.60,613.84,aligned
103,3,row,614.68,614.92,aligned
103,4,ee,614.92,615.07,aligned
103,5,baase,615.07,615.52,aligned
103,6,chouds,615.52,616.00,aligned
103,7,ta,616.15,616.30,aligned
103,8,shin,616.30,616.75,aligned
103,9,bio,616.75,617.20,aligned
103,10,beemayd,617.20,617.62,aligned
103,11,kiart,617.62,617.89,aligned
103,12,dy,617.89,617.95,aligned
103,13,liooar,617.95,618.19,aligned
103,14,sy,618.19,618.34,aligned
103,15,nanny,618.34,618.61,aligned
103,16,brishey,618.61,619.00,aligned
103,17,e,619.00,619.09,aligned
104,0,airh,622.96,623.56,aligned
104,1,ny,623.68,623.86,aligned
104,2,paart,623.86,624.28,aligned
104,3,aym,624.28,624.43,aligned
104,4,er,624.43,624.82,aligned
104,5,yn,626.08,626.32,aligned
104,6,jees,626.47,626.80,aligned
104,7,jeu,626.80,627.07,aligned
104,8,shen,627.07,627.40,aligned
104,9,kiart,627.40,627.73,aligned
104,10,dy,627.73,627.85,aligned
104,11,liooar,627.85,628.21,aligned
104,12,as,628.30,628.69,aligned
105,0,er,630.01,630.13,aligned
105,1,lhiam,630.13,630.58,aligned
105,2,well,631.12,631.33,aligned
105,3,t'eh,631.33,631.54,aligned
105,4,licklee,631.57,632.26,aligned
105,5,dy,632.26,632.47,aligned
105,6,daink,632.47,632.98,aligned
106,0,paartyn,634.15,634.84,aligned
106,1,dy,634.96,635.08,aligned
106,2,ve,635.08,635.53,aligned
106,3,ny,636.07,636.22,aligned
106,4,jean,636.25,636.94,aligned
107,0,ny,639.88,640.06,aligned
107,1,sanmee,640.06,640.63,aligned
107,2,nyannoo,641.26,641.62,aligned
107,3,yn,644.47,644.59,aligned
108,0,nuyoo,645.64,646.09,aligned
108,1,cheead,646.09,646.39,aligned
108,2,jeig,646.39,646.84,aligned
108,3,t'eh,647.98,648.19,aligned
108,4,licklee,648.19,648.52,aligned
108,5,dy,648.52,648.64,aligned
108,6,nee,648.64,648.82,aligned
108,7,partan,648.82,649.42,aligned
108,8,haink,649.42,649.90,aligned
108,9,dy,650.23,650.35,aligned
108,10,ve,650.35,650.53,aligned
108,11,myr,650.53,650.71,aligned
109,0,ny,651.79,651.91,aligned
109,1,persist,651.91,652.54,aligned
109,2,son,653.59,653.89,aligned
109,3,ta,653.98,654.10,aligned
109,4,shin,654.10,654.37,aligned
109,5,bunnys,654.37,654.85,aligned
109,6,er,654.85,655.21,aligned
109,7,yarrood,655.21,655.84,aligned
110,0,yn,656.80,657.01,aligned
110,1,cooyl,659.83,660.28,aligned
111,0,nagh,661.03,661.21,aligned
111,1,vel,661.21,661.45,aligned
111,2,nish,661.45,661.87,aligned
111,3,ta,667.21,667.54,aligned
111,4,ny,667.54,667.69,aligned
111,5,iu,667.69,667.93,aligned
112,0,ayns,668.98,669.25,aligned
112,1,purt,669.25,669.88,aligned
112,2,puirt,670.33,670.90,aligned
112,3,aer,671.02,671.47,aligned
112,4,schappal,671.92,672.79,aligned
113,0,ayns,673.90,674.11,aligned
113,1,amsterdam,674.14,675.10,aligned
113,2,dy,676.09,676.24,aligned
113,3,agglagh,676.24,676.90,aligned
114,0,ersooyl,678.55,679.03,aligned
114,1,erbee,683.44,683.77,aligned
114,2,aym,683.77,684.01,aligned
115,0,t'ad,685.30,685.66,aligned
115,1,iuasal,686.71,687.22,aligned
115,2,t'ad,687.46,687.64,aligned
115,3,jannoo,687.64,687.97,aligned
115,4,ymmyd,687.97,688.30,aligned
115,5,jeu,688.36,688.81,aligned
116,0,ny,689.68,689.86,aligned
116,1,ta,689.86,690.31,aligned
116,2,currit,691.09,691.36,aligned
116,3,dys,691.48,691.63,aligned
116,4,obbyr,691.63,691.99,aligned
116,5,foddee,691.99,692.38,aligned
117,0,eg,693.46,693.76,aligned
117,1,peter,693.76,694.45,aligned
117,2,schappal,694.45,695.08,aligned
117,3,ayns,695.41,695.65,aligned
117,4,amsterdam,695.65,696.43,aligned
118,0,dy,697.15,697.30,aligned
118,1,agglagh,697.30,697.93,aligned
118,2,as,698.47,698.92,aligned
118,3,ushagyn,699.70,700.18,aligned
118,4,elley,700.18,700.57,aligned
118,5,ersooyl,700.93,701.41,aligned
119,0,myr,702.97,703.12,aligned
119,1,ta,703.12,703.30,aligned
119,2,fys,703.30,703.57,aligned
119,3,eu,703.57,703.78,aligned
119,4,dy,705.94,706.06,aligned
119,5,vel,706.06,706.42,aligned
119,6,dy,706.69,706.75,aligned
119,7,vod,706.75,707.08,aligned
119,8,ushagyn,707.14,707.77,aligned
120,0,ve,709.03,709.57,aligned
120,1,gaueagh,709.75,710.62,aligned
120,2,da,710.92,711.43,aligned
121,0,etlanyn,711.94,712.63,aligned
121,1,son,714.85,715.21,aligned
121,2,foddee,715.39,715.87,aligned
121,3,ad,715.87,716.02,aligned
121,4,ve,716.02,716.56,aligned
122,0,er,717.91,718.15,aligned
122,1,nyn,718.15,718.75,aligned
122,2,gioall,718.81,719.32,aligned
122,3,stiagh,719.59,720.34,aligned
123,0,ayns,720.91,721.33,aligned
123,1,jeshaghtyn,721.84,722.92,aligned
123,2,ny,723.13,723.31,aligned
123,3,poleenyn,723.31,723.94,aligned
124,0,ass,725.74,726.22,aligned
124,1,jannoo,726.40,726.97,aligned
124,2,skielley,727.51,728.38,aligned
124,3,mooar,728.38,728.92,aligned
125,0,daue,729.43,729.85,aligned
125,1,v'ad,730.69,730.87,aligned
125,2,as,730.93,731.11,aligned
125,3,v'ad,731.11,731.29,aligned
125,4,shen,731.32,731.74,aligned
125,5,myr,731.92,732.19,aligned
125,6,vees,732.19,732.34,aligned
125,7,shiu,732.34,732.55,aligned
125,8,sheiltyn,732.55,733.12,aligned
125,9,ve,733.42,733.75,aligned
125,10,danjeyragh,733.75,734.68,aligned
125,11,dy,734.68,734.80,aligned
125,12,liooar,734.80,735.19,aligned
126,0,vel,737.17,737.29,aligned
126,1,shiu,737.29,737.53,aligned
126,2,rieau,737.53,737.74,aligned
126,3,er,737.74,737.89,aligned
126,4,nakin,737.89,738.37,aligned
126,5,yn,738.37,738.70,aligned
126,6,yn,739.30,739.45,aligned
126,7,well,739.66,740.17,aligned
126,8,yn,740.26,740.38,aligned
126,9,er,740.38,740.68,aligned
126,10,chlashtyn,740.68,741.49,aligned
126,11,jeh,741.49,742.00,aligned
126,12,yn,742.30,742.51,aligned
126,13,etlan,742.69,743.20,aligned
126,14,shen,743.20,743.65,aligned
127,0,va,745.15,745.27,aligned
127,1,lhieggit,745.27,745.90,aligned
127,2,ayns,746.50,747.01,aligned
127,3,new,747.13,747.40,aligned
127,4,york,747.40,748.09,aligned
128,0,ren,749.11,749.23,aligned
128,1,ad,749.23,749.32,aligned
128,2,jannoo,749.35,749.65,aligned
128,3,fillym,749.65,750.04,aligned
128,4,mychione,750.04,750.61,aligned
128,5,c'red,752.62,752.98,aligned
128,6,ta'n,756.43,756.64,aligned
128,7,fockle,756.64,757.06,aligned
128,8,shen,757.06,757.36,aligned
128,9,son,757.36,757.75,aligned
129,0,ta,760.18,760.51,aligned
129,1,ushagyn,760.57,761.14,aligned
129,2,dy,763.06,763.24,aligned
129,3,iuie,763.24,763.87,aligned
129,4,ta,764.17,764.32,aligned
129,5,mee,764.32,764.47,aligned
129,6,smooinaghtyn,764.47,765.13,aligned
130,0,as,765.79,766.24,aligned
130,1,hie,766.90,767.35,aligned
130,2,eh,767.95,768.31,aligned
130,3,ooilley,768.46,768.97,aligned
130,4,ny,768.97,769.15,aligned
130,5,jeshaghtyn,769.15,769.96,aligned
130,6,echey,770.17,770.53,aligned
131,0,as,771.43,771.67,aligned
131,1,myr,771.76,772.00,aligned
131,2,shen,772.00,772.36,aligned
131,3,begin,772.45,772.96,aligned
131,4,da,772.96,773.50,aligned
132,0,immanagh,775.54,776.20,aligned
132,1,yn,776.35,776.47,aligned
132,2,etlan,776.47,777.01,aligned
132,3,goaill,778.12,778.69,aligned
132,4,thalloo,778.78,779.32,aligned
133,0,ayns,779.89,780.16,aligned
133,1,syn,780.16,780.40,aligned
133,2,awin,780.76,781.15,aligned
133,3,hudson,781.15,781.66,aligned
133,4,my,783.31,783.67,aligned
133,5,oddys,783.67,784.18,aligned
133,6,mayd,784.18,784.54,aligned
133,7,gra,784.96,785.41,aligned
133,8,goaill,785.77,786.07,aligned
133,9,taggloo,786.10,786.49,aligned
133,10,rish,786.49,787.03,aligned
133,11,shen,787.27,787.81,aligned
134,0,son,788.92,789.28,aligned
134,1,haink,789.67,789.97,aligned
134,2,ad,789.97,790.09,aligned
134,3,neose,790.09,790.54,aligned
134,4,ayns,790.57,790.78,aligned
134,5,mean,790.78,791.32,aligned
134,6,yn,791.47,791.56,aligned
134,7,awin,791.56,791.92,aligned
135,0,agh,792.70,793.03,aligned
135,1,cha,793.39,793.48,aligned
135,2,dooar,793.48,793.72,aligned
135,3,peiagh,793.72,793.99,aligned
135,4,erbee,793.99,794.20,aligned
135,5,baase,794.20,794.71,aligned
135,6,nish,796.33,796.75,aligned
135,7,soilshee-ym,796.75,797.44,aligned
135,8,filmynyn,797.44,797.98,aligned
135,9,jannoo,797.98,798.28,aligned
135,10,mychione,798.28,798.70,aligned
135,11,shen,798.70,798.94,aligned
135,12,lesh,798.94,799.18,aligned
135,13,tom,799.18,799.39,aligned
135,14,hanks,799.39,799.81,aligned
136,0,ta,802.48,802.60,aligned
136,1,fys,802.60,802.84,aligned
136,2,eu,802.84,803.02,aligned
136,3,cre'n,803.47,803.77,aligned
136,4,fa,803.77,804.07,aligned
136,5,oddys,804.07,804.61,aligned
136,6,ushag,804.73,805.30,aligned
137,0,ve,805.99,806.29,aligned
137,1,gaueagh,806.32,807.01,aligned
137,2,da,807.01,807.37,aligned
137,3,etlanyn,807.37,807.91,aligned
137,4,erlheh,808.69,809.23,aligned
137,5,ushagyn,809.35,809.92,aligned
137,6,mooarey,809.92,810.40,aligned
137,7,lheid,810.58,810.94,aligned
137,8,as,810.94,811.36,aligned
138,0,oddys,812.35,812.68,aligned
138,1,ve,812.68,812.92,aligned
138,2,mooar,813.58,813.82,aligned
138,3,erskyn,813.82,814.15,aligned
138,4,towse,814.15,814.51,aligned
138,5,paart,814.60,814.84,aligned
138,6,jeu,814.84,815.11,aligned
139,0,so,815.92,816.13,aligned
139,1,cre,816.13,816.40,aligned
139,2,nagh,816.40,816.55,aligned
139,3,beeym,816.55,816.97,aligned
139,4,t'ad,818.83,819.07,aligned
139,5,er,819.07,819.25,aligned
139,6,chur,819.25,819.61,aligned
139,7,gys,819.64,819.85,aligned
139,8,ymmyd,819.85,820.21,aligned
139,9,ayns,820.45,820.81,aligned
139,10,schappal,820.81,821.47,aligned
139,11,ayns,821.65,821.83,aligned
139,12,amsterdam,821.83,822.49,aligned
139,13,dy,822.49,822.67,aligned
139,14,agglagh,822.67,823.27,aligned
139,15,ad,823.27,823.48,aligned
139,16,ersooyl,823.57,824.02,aligned
140,0,voish,825.40,825.58,aligned
140,1,y,825.58,825.67,aligned
140,2,phurt,825.67,826.03,aligned
140,3,eh,826.03,826.30,aligned
140,4,jees,828.16,828.58,aligned
141,0,cre'n,830.08,830.74,aligned
141,1,purt,830.74,831.13,aligned
141,2,aer,831.13,831.64,aligned
141,3,ayns,832.00,832.21,aligned
141,4,mannin,832.21,832.75,aligned
142,0,hie,833.89,834.19,aligned
142,1,eh,834.19,834.34,aligned
142,2,dooney,834.34,834.85,aligned
142,3,ayns,835.12,835.36,aligned
142,4,nuy,835.36,835.66,aligned
142,5,cheead,835.66,835.96,aligned
142,6,jeig,835.96,836.41,aligned
142,7,shiaght-jeig,836.80,837.64,aligned
142,8,as,837.64,837.79,aligned
142,9,feed,837.79,838.18,aligned
143,0,va,839.71,839.89,aligned
143,1,enmyssit,839.92,840.46,aligned
143,2,er,840.73,840.88,aligned
143,3,screeudeyr,840.88,842.14,aligned
144,0,so,845.71,845.86,aligned
144,1,va,845.86,846.07,aligned
144,2,paart,846.07,846.40,aligned
144,3,aaron,846.40,847.00,aligned
144,4,ayns,847.00,847.18,aligned
144,5,mannin,847.18,847.57,aligned
144,6,keayrt,847.57,847.84,aligned
144,7,dy,847.84,848.02,aligned
144,8,row,848.02,848.29,aligned
144,9,dooint,848.62,848.98,aligned
144,10,nish,848.98,849.46,aligned
144,11,ve,849.82,850.06,aligned
144,12,dooint,850.06,850.60,aligned
144,13,ayns,851.05,851.23,aligned
144,14,shiaght-jeig,851.23,851.86,aligned
144,15,as,851.86,852.01,aligned
144,16,feed,852.01,852.34,aligned
145,0,agh,853.60,853.78,aligned
145,1,v'eh,853.78,853.96,aligned
145,2,enmyssit,853.96,854.68,aligned
145,3,tra,854.89,855.19,aligned
145,4,v'eh,855.19,855.40,aligned
145,5,foast,855.40,855.73,aligned
145,6,ayn,855.73,856.15,aligned
146,0,er,856.84,857.02,aligned
146,1,screeu,857.02,857.83,aligned
146,2,deyr,857.83,858.46,aligned
146,3,cre,859.03,859.18,aligned
146,4,quoi,859.36,859.81,aligned
146,5,va,863.05,863.29,aligned
146,6,shen,863.29,863.68,aligned
147,0,as,864.22,864.43,aligned
147,1,cre'n,864.91,865.27,aligned
147,2,fa,865.27,865.81,aligned
147,3,veagh,867.91,868.39,aligned
147,4,paart,868.57,868.81,aligned
147,5,ta,868.81,869.14,aligned
147,6,enmyssit,869.14,869.80,aligned
147,7,er,869.86,870.22,aligned
148,0,screeudeyr,870.73,871.75,aligned
148,1,main,873.40,873.64,aligned
148,2,diu,873.64,873.97,aligned
148,3,nagh,874.15,874.42,aligned
148,4,row,874.42,874.72,aligned
148,5,nagh,875.11,875.32,aligned
148,6,vel,875.32,875.56,aligned
148,7,paart,875.56,875.92,aligned
148,8,ayms,875.92,876.64,aligned
149,0,vel,877.15,877.39,aligned
149,1,fastyr,877.39,877.75,aligned
149,2,enmyssit,877.78,878.26,aligned
149,3,cloieder,878.50,878.98,aligned
149,4,bluckan-coshey,878.98,879.73,aligned
150,0,as,880.30,880.45,aligned
150,1,fer,880.45,880.69,aligned
150,2,elley,880.69,880.99,aligned
150,3,ayns,880.99,881.38,aligned
150,4,lerphoyll,881.86,882.61,aligned
150,5,enmyssit,882.70,883.21,aligned
150,6,da,883.21,883.60,aligned
151,0,raanagh,884.32,885.19,aligned
151,1,so,885.37,885.73,aligned
151,2,cha,886.09,886.21,aligned
151,3,nel,886.21,886.36,aligned
151,4,eh,886.36,886.57,aligned
151,5,quaagh,886.60,886.93,aligned
151,6,shen,886.93,887.20,aligned
152,0,free,888.70,889.21,aligned
152,1,va'n,890.80,890.98,aligned
152,2,chied,890.98,891.52,aligned
153,0,y,892.93,893.05,aligned
153,1,clagh,893.11,893.71,aligned
153,2,pooarit,894.25,894.91,aligned
154,0,liorish,896.41,896.80,aligned
154,1,ny,896.80,896.89,aligned
154,2,braaraghyn,896.89,897.43,aligned
154,3,veihn,897.52,897.88,aligned
154,4,fys,898.12,898.36,aligned
154,5,eu,898.36,898.51,aligned
154,6,er,898.51,898.69,aligned
154,7,shen,898.69,898.96,aligned
154,8,ayns,899.23,899.44,aligned
154,9,nuy,899.44,899.71,aligned
154,10,cheead,899.71,899.98,aligned
154,11,jeig,899.98,900.31,aligned
154,12,as,900.31,900.46,aligned
154,13,three,900.46,900.82,aligned
155,0,er,902.80,903.01,aligned
155,1,ny,903.01,903.19,aligned
155,2,yannoo,903.19,903.82,aligned
155,3,faggys,903.97,904.66,aligned
155,4,da,904.66,905.05,aligned
156,0,balley,905.80,906.34,aligned
156,1,ayns,906.79,907.03,aligned
156,2,carolina,907.03,907.87,aligned
156,3,twoaie,907.87,908.38,aligned
157,0,so,910.69,911.02,aligned
157,1,tra,911.65,911.98,aligned
157,2,ren,911.98,912.19,aligned
157,3,ny,912.19,912.34,aligned
157,4,braaraghyn,912.34,913.03,aligned
157,5,veihn,913.03,913.48,aligned
158,0,getlagh,915.97,916.66,aligned
158,1,son,916.66,916.90,aligned
158,2,y,916.90,916.99,aligned
158,3,chied,916.99,917.29,aligned
158,4,cheayrt,917.29,917.71,aligned
158,5,ayns,919.12,919.60,aligned
158,6,etlan,919.75,920.32,aligned
158,7,pooarit,920.41,921.13,aligned
159,0,lesh,922.93,923.44,aligned
159,1,bree,923.53,924.13,aligned
159,2,ayn,924.82,925.24,aligned
160,0,ec,925.90,926.11,aligned
160,1,etlan,926.17,926.83,aligned
160,2,t'ou,927.10,927.37,aligned
160,3,goll,927.85,928.18,aligned
160,4,lesh,928.18,928.66,aligned
160,5,bree,928.75,929.26,aligned
161,0,vannee,931.24,932.02,aligned
161,1,agh,932.11,932.53,aligned
161,2,lesh,933.01,933.31,aligned
161,3,jeshaght,933.31,933.91,aligned
161,4,lhig,934.03,934.18,aligned
161,5,dooin,934.18,934.39,aligned
161,6,gra,934.39,934.81,aligned
162,0,ecclus,936.28,936.79,aligned
162,1,pooarit,936.88,937.45,aligned
162,2,ren,940.00,940.24,aligned
162,3,ad,940.24,940.36,aligned
162,4,jannoo,940.36,940.72,aligned
162,5,eh,940.72,941.08,aligned
163,0,faggys,942.40,942.97,aligned
163,1,dy,942.97,943.12,aligned
163,2,liooar,943.12,943.54,aligned
163,3,da,943.54,944.05,aligned
163,4,balley,944.26,944.74,aligned
163,5,ennagh,944.74,945.34,aligned
163,6,ayns,945.70,945.94,aligned
163,7,carolina,945.94,946.81,aligned
163,8,twoaie,946.81,947.26,aligned
164,0,cre'n,948.25,948.73,aligned
164,1,balley,949.36,949.81,aligned
164,2,va,950.26,950.41,aligned
164,3,shen,950.41,950.80,aligned
165,0,reesht,954.91,955.27,aligned
165,1,nane,955.27,955.54,aligned
165,2,jees,955.54,955.81,aligned
165,3,as,955.81,955.93,aligned
165,4,tree,955.93,956.23,aligned
165,5,reesht,956.23,956.74,aligned
165,6,cren,958.42,958.96,aligned
165,7,cana,958.96,959.41,aligned
165,8,beeym,959.41,959.80,aligned
165,9,t'ad,959.80,960.04,aligned
165,10,giu,960.04,960.37,aligned
166,0,ec,961.24,961.48,aligned
166,1,paart,961.48,961.90,aligned
166,2,er,961.90,962.08,aligned
166,3,faggys,962.11,962.77,aligned
166,4,da,963.13,963.64,aligned
166,5,amsterdam,963.64,964.27,aligned
166,6,dy,964.48,964.63,aligned
166,7,agglagh,964.63,965.29,aligned
166,8,ersooyl,965.35,966.28,aligned
167,0,bea,967.69,967.78,aligned
167,1,ayns,967.78,968.08,aligned
167,2,mannin,968.08,968.65,aligned
167,3,v'ad,968.65,968.83,aligned
167,4,doont,968.83,969.40,aligned
167,5,shiaght-jeig,970.15,970.96,aligned
167,6,as,970.96,971.11,aligned
167,7,feed,971.11,971.50,aligned
168,0,va,972.19,972.40,aligned
168,1,enmyssit,972.43,973.09,aligned
168,2,er,973.18,973.39,aligned
168,3,screeudeyr,973.39,974.47,aligned
169,0,as,977.08,977.41,aligned
169,1,va'n,980.29,980.50,aligned
169,2,chied,980.50,980.80,aligned
169,3,ecclus,980.80,981.25,aligned
169,4,pooarit,981.25,981.85,aligned
170,0,jeant,983.50,983.98,aligned
170,1,faggys,984.49,985.06,aligned
170,2,da,985.06,985.48,aligned
170,3,yn,985.57,985.72,aligned
170,4,valley,985.72,986.20,aligned
170,5,shoh,986.20,986.65,aligned
170,6,cre'n,986.68,987.07,aligned
170,7,balley,987.07,987.58,aligned
170,8,ta,987.82,987.94,aligned
170,9,shin,987.94,988.15,aligned
170,10,loayrt,988.15,988.39,aligned
170,11,mychione,988.39,988.87,aligned
171,0,keeayll,990.31,990.61,aligned
171,1,shiu,990.61,990.91,aligned
171,2,my,990.91,991.06,aligned
171,3,ta,991.06,991.18,aligned
171,4,shiu,991.18,991.36,aligned
171,5,geaishtagh,991.36,991.96,aligned
171,6,three,992.98,993.37,aligned
171,7,queshtionyn,993.40,993.97,aligned
171,8,mychione,994.27,994.72,aligned
171,9,paart,994.72,995.47,aligned
172,0,va,996.28,996.37,aligned
172,1,paart,996.37,996.73,aligned
172,2,ta'n,996.73,996.91,aligned
172,3,ayr,996.91,997.27,aligned
172,4,ta'n,998.56,998.89,aligned
172,5,jees,999.16,999.55,aligned
172,6,jeu,999.55,999.79,aligned
172,7,shen,999.79,1000.18,aligned
172,8,mie,1000.18,1000.54,aligned
172,9,dy,1000.54,1000.60,aligned
172,10,liooar,1000.60,1000.93,aligned
173,0,fer,1002.10,1002.34,aligned
173,1,jeu,1002.34,1002.58,aligned
173,2,ny,1002.58,1002.70,aligned
173,3,shinney,1002.70,1003.15,aligned
173,4,na,1003.36,1003.45,aligned
173,5,fer,1003.51,1003.78,aligned
173,6,elley,1003.78,1004.11,aligned
174,0,haink,1005.01,1005.34,aligned
174,1,paartyn,1005.55,1006.12,aligned
174,2,dy,1006.12,1006.27,aligned
174,3,ve,1006.27,1006.51,aligned
174,4,ny,1006.51,1007.17,aligned
174,5,sanmee,1008.37,1008.79,aligned
175,0,cre,1009.99,1010.41,aligned
175,1,ny,1010.41,1010.50,aligned
175,2,beiyn,1010.50,1011.01,aligned
175,3,t'ad,1011.46,1011.73,aligned
175,4,giuas,1011.97,1012.30,aligned
176,0,ec,1013.80,1013.98,aligned
176,1,paart,1013.98,1014.37,aligned
176,2,da,1014.37,1014.73,aligned
176,3,schappal,1014.85,1015.54,aligned
176,4,faggys,1015.90,1016.32,aligned
176,5,da,1016.32,1016.50,aligned
176,6,amsterdam,1016.50,1017.10,aligned
176,7,dy,1017.46,1017.58,aligned
176,8,agglagh,1017.58,1018.18,aligned
177,0,ersooyl,1019.26,1019.77,aligned
177,1,well,1020.58,1020.79,aligned
177,2,honnick,1020.79,1021.03,aligned
177,3,mee,1021.03,1021.21,aligned
177,4,shoh,1021.21,1021.57,aligned
178,0,er,1022.11,1022.29,aligned
178,1,naightyn,1022.29,1022.95,aligned
178,2,vees,1023.22,1023.73,aligned
178,3,ee,1023.73,1024.00,aligned
178,4,yn,1024.81,1024.93,aligned
178,5,chiaghtin,1024.93,1025.38,aligned
178,6,shoh,1025.38,1025.74,aligned
178,7,skeeal,1026.04,1026.67,aligned
179,0,mychione,1027.81,1028.59,aligned
179,1,cour,1030.45,1030.75,aligned
179,2,muckyn,1030.75,1031.29,aligned
180,0,ayns,1032.34,1032.64,aligned
180,1,yn,1033.57,1033.72,aligned
180,2,ec,1034.08,1034.38,aligned
180,3,y,1035.43,1035.49,aligned
180,4,thalloo,1035.49,1036.00,aligned
180,5,ergerrey,1036.21,1036.78,aligned
180,6,da,1036.78,1037.05,aligned
180,7,as,1037.05,1037.23,aligned
180,8,ayns,1037.23,1037.53,aligned
180,9,y,1037.53,1037.59,aligned
180,10,phurt,1037.59,1037.95,aligned
180,11,aer,1037.95,1038.43,aligned
181,0,v'ad,1039.84,1040.14,aligned
181,1,v'ad,1040.80,1041.04,aligned
181,2,shugyr,1042.96,1043.35,aligned
181,3,beat,1043.35,1043.80,aligned
182,0,ayns,1045.45,1045.72,aligned
182,1,ny,1045.72,1045.84,aligned
182,2,magheryn,1045.84,1046.29,aligned
182,3,shen,1046.29,1046.77,aligned
182,4,as,1048.39,1048.75,aligned
182,5,erreish,1049.02,1049.50,aligned
182,6,daue,1049.59,1050.01,aligned
183,0,y,1052.98,1053.04,aligned
183,1,fa,1053.13,1053.61,aligned
183,2,fuinney,1054.12,1054.69,aligned
183,3,ny,1055.05,1055.23,aligned
184,0,tim,1057.09,1057.39,aligned
184,1,jymmoosagh,1057.63,1058.65,aligned
184,2,yn,1059.13,1059.25,aligned
184,3,shugyr,1059.25,1059.67,aligned
184,4,beiyt,1059.67,1060.09,aligned
185,0,ren,1061.41,1061.59,aligned
185,1,ad,1061.59,1061.74,aligned
185,2,cur,1061.74,1062.01,aligned
185,3,ny,1062.01,1062.13,aligned
185,4,muckyn,1062.13,1062.46,aligned
185,5,ayns,1062.79,1063.03,aligned
185,6,ny,1063.03,1063.15,aligned
185,7,magheryn,1063.15,1063.57,aligned
185,8,shoh,1063.57,1063.99,aligned
186,0,ass,1065.37,1065.70,aligned
186,1,myr,1065.82,1066.06,aligned
186,2,ta,1066.06,1066.24,aligned
186,3,fys,1066.24,1066.51,aligned
186,4,eu,1066.51,1066.72,aligned
186,5,my,1067.80,1067.92,aligned
186,6,ta,1067.92,1068.10,aligned
186,7,shiu,1068.10,1068.25,aligned
186,8,rieau,1068.25,1068.46,aligned
186,9,er,1068.46,1068.58,aligned
187,0,er,1068.91,1069.09,aligned
187,1,nakin,1069.09,1069.51,aligned
187,2,muc,1069.51,1069.84,aligned
187,3,ayns,1070.71,1070.92,aligned
187,4,magher,1070.92,1071.34,aligned
187,5,t'ad,1071.34,1071.64,aligned
187,6,jannoo,1071.64,1072.15,aligned
188,0,t'ad,1073.53,1073.77,aligned
188,1,jannoo,1073.77,1074.46,aligned
188,2,brock,1076.71,1077.19,aligned
189,0,agglagh,1078.09,1078.78,aligned
189,1,jeeaghyn,1078.78,1079.08,aligned
189,2,thalloo,1079.08,1079.47,aligned
189,3,t'ad,1080.10,1080.49,aligned
189,4,gee,1080.73,1081.21,aligned
189,5,dy,1081.54,1081.66,aligned
189,6,chooilley,1081.66,1082.02,aligned
189,7,red,1082.02,1082.44,aligned
190,0,oddagh,1083.55,1084.15,aligned
190,1,ve,1084.24,1084.48,aligned
190,2,eeit,1084.54,1084.93,aligned
190,3,ayns,1085.98,1086.25,aligned
190,4,y,1086.25,1086.31,aligned
190,5,thalloo,1086.31,1086.73,aligned
190,6,chyndaa,1087.12,1087.84,aligned
190,7,rieau,1087.84,1088.35,aligned
190,8,harrish,1088.47,1088.95,aligned
191,0,mygeayrt,1090.12,1090.75,aligned
191,1,as,1091.71,1091.89,aligned
191,2,chyndaa,1091.89,1092.46,aligned
191,3,ooilley,1092.46,1092.82,aligned
191,4,yn,1092.82,1092.91,aligned
191,5,ooir,1092.91,1093.36,aligned
191,6,mygeayrt,1093.66,1094.11,aligned
191,7,as,1094.38,1094.56,aligned
191,8,cha,1094.56,1094.68,aligned
191,9,laik,1094.68,1094.95,aligned
191,10,lesh,1094.95,1095.22,aligned
191,11,ny,1095.22,1095.34,aligned
191,12,bioee,1095.37,1095.73,aligned
191,13,shoh,1095.73,1096.15,aligned
191,14,edyr,1096.15,1096.42,aligned
191,15,son,1096.69,1097.05,aligned
191,16,t'ad,1097.35,1097.59,aligned
191,17,gee,1097.59,1098.19,aligned
191,18,yn,1098.61,1098.73,aligned
191,19,fer,1098.73,1099.24,aligned
192,0,myr,1100.89,1101.01,aligned
192,1,shen,1101.01,1101.28,aligned
192,2,ta,1101.28,1101.46,aligned
192,3,ny,1101.46,1101.58,aligned
192,4,muckyn,1101.58,1102.00,aligned
192,5,gagglaghey,1102.48,1103.14,aligned
192,6,ad,1103.14,1103.29,aligned
192,7,ersooyl,1103.38,1103.80,aligned
193,0,cre'n,1107.49,1107.97,aligned
193,1,paart,1107.97,1108.30,aligned
193,2,ta,1108.30,1108.60,aligned
193,3,jees,1108.60,1109.17,aligned
193,4,ayns,1109.50,1109.68,aligned
193,5,mannin,1109.68,1110.13,aligned
194,0,hie,1110.91,1111.36,aligned
194,1,er,1111.36,1111.57,aligned
194,2,dooney,1111.57,1112.05,aligned
194,3,ayns,1113.43,1113.64,aligned
194,4,shiaght-jeig,1113.64,1114.27,aligned
194,5,as,1114.27,1114.42,aligned
194,6,feed,1114.42,1114.78,aligned
194,7,va,1114.78,1114.99,aligned
194,8,enmyssit,1115.02,1115.59,aligned
194,9,er,1115.68,1115.86,aligned
194,10,screeudeyr,1115.86,1117.00,aligned
195,0,now,1120.15,1120.51,aligned
195,1,hooar,1120.75,1120.96,aligned
195,2,mee,1120.96,1121.11,aligned
195,3,paart,1121.38,1121.68,aligned
195,4,dy,1121.68,1121.86,aligned
195,5,reayrtyn,1121.86,1122.43,aligned
195,6,er,1122.52,1122.67,aligned
195,7,feysht,1122.67,1123.00,aligned
195,8,but,1123.00,1123.12,aligned
195,9,lhie,1123.42,1123.78,aligned
196,0,hooar,1125.25,1125.46,aligned
196,1,shiu,1125.46,1125.67,aligned
196,2,ooilley,1125.67,1126.00,aligned
196,3,shen,1126.00,1126.39,aligned
196,4,hall,1128.07,1128.40,aligned
196,5,caine,1128.46,1129.15,aligned
197,0,cre'n,1130.50,1130.80,aligned
197,1,oyr,1130.80,1131.10,aligned
197,2,veagh,1131.10,1131.67,aligned
197,3,paart,1132.36,1132.63,aligned
197,4,ta,1132.63,1132.96,aligned
197,5,enmyssit,1132.99,1133.62,aligned
197,6,ersyn,1133.83,1134.31,aligned
198,0,well,1135.42,1135.72,aligned
198,1,van,1135.72,1136.11,aligned
198,2,ve,1136.47,1136.71,aligned
198,3,ardghooagh,1136.71,1137.46,aligned
198,4,dy,1137.46,1137.55,aligned
198,5,liooar,1137.55,1137.97,aligned
199,0,un,1138.84,1139.17,aligned
199,1,ling,1140.10,1140.46,aligned
199,2,echey,1140.46,1140.91,aligned
199,3,choud's,1141.33,1141.66,aligned
199,4,v'eh,1141.66,1141.87,aligned
199,5,bio,1141.87,1142.41,aligned
200,0,ta,1143.37,1143.52,aligned
200,1,mee,1143.52,1143.64,aligned
200,2,er,1143.64,1143.73,aligned
200,3,chlashtyn,1143.73,1144.42,aligned
200,4,dy,1144.51,1144.63,aligned
200,5,row,1144.63,1144.93,aligned
200,6,ny,1146.04,1146.22,aligned
200,7,lioaryn,1146.22,1146.64,aligned
200,8,echey,1146.64,1146.88,aligned
200,9,ny,1146.88,1147.09,aligned
201,0,chalse,1148.41,1148.74,aligned
201,1,nixon,1148.74,1149.13,aligned
201,2,myr,1149.16,1149.31,aligned
201,3,sampleyr,1149.31,1149.82,aligned
201,4,ny,1150.69,1150.81,aligned
201,5,shlee,1150.81,1151.23,aligned
201,6,jeu,1151.23,1151.53,aligned
201,7,creckit,1151.56,1152.10,aligned
201,8,ansherbee,1152.28,1152.91,aligned
202,0,as,1155.22,1155.46,aligned
202,1,v'eh,1155.46,1155.64,aligned
202,2,beaghey,1155.64,1156.06,aligned
202,3,ayns,1156.06,1156.24,aligned
202,4,mannin,1156.24,1156.63,aligned
202,5,cha,1156.66,1156.75,aligned
202,6,nee,1156.75,1156.93,aligned
202,7,manninagh,1156.93,1157.62,aligned
202,8,ve,1157.62,1157.89,aligned
202,9,my,1157.89,1158.01,aligned
202,10,ta,1158.01,1158.43,aligned
202,11,agh,1158.43,1158.67,aligned
202,12,v'eh,1158.67,1159.12,aligned
202,13,cummal,1159.18,1159.60,aligned
202,14,ayns,1159.60,1159.81,aligned
202,15,shoh,1159.81,1160.08,aligned
202,16,son,1160.08,1160.32,aligned
202,17,tammylt,1160.32,1160.83,aligned
203,0,as,1161.43,1161.67,aligned
203,1,va,1161.67,1162.18,aligned
203,2,v'eh,1162.54,1162.78,aligned
203,3,cummal,1162.78,1163.17,aligned
203,4,ayns,1163.17,1163.53,aligned
203,5,aym,1163.53,1163.89,aligned
203,6,cashtal,1164.37,1164.85,aligned
203,7,greebey,1164.85,1165.36,aligned
203,8,ta,1165.36,1165.54,aligned
203,9,mee,1165.54,1165.96,aligned
203,10,smooinaghtyn,1166.35,1167.01,aligned
204,0,agh,1167.64,1167.91,aligned
204,1,vagher,1167.91,1168.33,aligned
204,2,thalloo,1168.33,1168.81,aligned
204,3,echey,1168.81,1169.20,aligned
204,4,ayns,1170.22,1170.43,aligned
204,5,skyll,1170.43,1170.70,aligned
204,6,andreays,1170.70,1171.39,aligned
205,0,yn,1172.32,1172.44,aligned
205,1,thollee,1172.44,1172.77,aligned
205,2,shoh,1172.77,1172.92,aligned
205,3,ayns,1172.92,1173.13,aligned
205,4,skyll,1173.13,1173.28,aligned
205,5,andreays,1173.28,1173.91,aligned
205,6,cha,1173.91,1174.03,aligned
205,7,nee,1174.03,1174.18,aligned
205,8,skylley,1174.18,1174.60,aligned
205,9,chreest,1174.63,1174.99,aligned
205,10,ny,1174.99,1175.11,aligned
205,11,h-ayrey,1175.11,1175.47,aligned
206,0,cha,1176.31,1176.40,aligned
206,1,nel,1176.40,1176.67,aligned
206,2,ain,1176.67,1176.91,aligned
206,3,jus,1177.03,1177.36,aligned
206,4,jeeragh,1178.89,1179.61,aligned
206,5,ayns,1179.61,1179.79,aligned
206,6,skyll,1179.79,1180.03,aligned
206,7,andreays,1180.03,1180.93,aligned
206,8,faggys,1181.26,1181.74,aligned
206,9,da,1181.74,1181.89,aligned
206,10,cardiagh,1181.92,1182.76,aligned
206,11,skeerey,1182.79,1183.42,aligned
206,12,shen,1183.42,1183.81,aligned
207,0,y,1184.86,1184.92,aligned
207,1,thalloo,1184.92,1185.31,aligned
207,2,echey,1185.31,1185.64,aligned
207,3,part,1187.08,1187.41,aligned
207,4,y,1187.41,1187.47,aligned
207,5,varryn,1187.47,1187.95,aligned
207,6,as,1188.40,1188.64,aligned
207,7,va'n,1188.64,1188.88,aligned
207,8,paart,1188.88,1189.21,aligned
207,9,er,1189.21,1189.45,aligned
207,10,troggit,1189.45,1189.99,aligned
207,11,er,1190.05,1190.23,aligned
207,12,thalloo,1190.23,1190.68,aligned
207,13,va,1190.68,1191.01,aligned
207,14,leshyn,1191.01,1191.49,aligned
207,15,va,1191.91,1192.03,aligned
207,16,keayrt,1192.03,1192.33,aligned
207,17,leshyn,1192.33,1192.75,aligned
208,0,cha,1196.17,1196.32,aligned
208,1,row,1196.32,1196.53,aligned
208,2,ayn,1196.53,1196.92,aligned
208,3,rish,1196.95,1197.16,aligned
208,4,foddey,1197.16,1197.55,aligned
208,5,dy,1197.55,1197.70,aligned
208,6,hraa,1197.70,1198.15,aligned
208,7,as,1199.14,1199.32,aligned
208,8,v'eh,1199.32,1199.44,aligned
208,9,smooinit,1199.44,1199.92,aligned
208,10,ec,1199.92,1200.07,aligned
208,11,yn,1200.07,1200.16,aligned
208,12,traa,1200.16,1200.46,aligned
208,13,shen,1200.46,1200.73,aligned
208,14,dy,1200.73,1200.85,aligned
208,15,voddagh,1200.85,1201.24,aligned
208,16,daa,1201.24,1201.57,aligned
208,17,fer,1201.57,1201.84,aligned
208,18,ta,1201.84,1202.08,aligned
208,19,er,1202.08,1202.20,aligned
208,20,ve,1202.20,1202.44,aligned
208,21,ec,1202.44,1202.59,aligned
208,22,yn,1202.59,1202.68,aligned
208,23,ennym,1202.68,1203.07,aligned
209,0,fer,1203.73,1204.03,aligned
209,1,ec,1204.03,1204.18,aligned
209,2,roonysvaie,1204.18,1204.99,aligned
209,3,yinnagh,1205.44,1205.77,aligned
209,4,shirveish,1205.77,1206.31,aligned
209,5,yn,1206.31,1206.43,aligned
209,6,jiass,1206.43,1206.97,aligned
210,0,ass,1207.69,1208.02,aligned
210,1,hall,1208.17,1208.41,aligned
210,2,caine,1208.44,1209.04,aligned
210,3,yinnagh,1209.52,1209.85,aligned
210,4,shirveishyn,1209.85,1210.57,aligned
210,5,twoaie,1210.57,1210.99,aligned
211,0,as,1212.46,1212.70,aligned
211,1,va,1212.70,1212.79,aligned
211,2,paart,1212.79,1213.09,aligned
211,3,dy,1213.09,1213.18,aligned
211,4,leih,1213.18,1213.36,aligned
211,5,gra,1213.36,1213.75,aligned
211,6,dy,1214.14,1214.23,aligned
211,7,row,1214.23,1214.59,aligned
211,8,keayn,1214.68,1215.40,aligned
212,0,ny,1216.15,1216.30,aligned
212,1,share,1216.30,1216.78,aligned
212,2,na,1217.08,1217.29,aligned
212,3,roonysvaie,1217.29,1217.98,aligned
212,4,son,1218.64,1218.91,aligned
212,5,dy,1218.91,1219.03,aligned
212,6,row,1219.03,1219.27,aligned
212,7,yn,1219.27,1219.42,aligned
212,8,thalloo,1219.42,1219.96,aligned
212,9,na,1219.96,1220.11,aligned
212,10,v'eh,1220.35,1220.95,aligned
212,11,ayns,1221.16,1221.37,aligned
212,12,shen,1221.37,1221.76,aligned
213,0,as,1223.26,1223.47,aligned
213,1,dy,1223.65,1223.77,aligned
213,2,row,1223.77,1223.98,aligned
213,3,roonysvaie,1224.13,1224.70,aligned
213,4,mennick,1224.70,1225.27,aligned
213,5,coodit,1225.51,1226.14,aligned
214,0,ayns,1226.74,1227.01,aligned
214,1,kay,1227.01,1227.61,aligned
214,2,as,1227.94,1228.09,aligned
214,3,t'eh,1228.09,1228.24,aligned
214,4,foast,1228.24,1228.54,aligned
214,5,myr,1228.54,1228.69,aligned
214,6,shen,1228.69,1228.96,aligned
214,7,y,1228.96,1229.02,aligned
214,8,laa,1229.02,1229.26,aligned
214,9,t'ayn,1229.26,1229.59,aligned
214,10,jiu,1229.59,1229.86,aligned
215,0,va,1231.00,1231.12,aligned
215,1,sleih,1231.12,1231.48,aligned
215,2,cur,1231.99,1232.17,aligned
215,3,raaue,1232.17,1232.53,aligned
215,4,mychione,1232.53,1232.95,aligned
215,5,jin,1232.95,1233.31,aligned
215,6,tra,1233.55,1233.76,aligned
215,7,va,1233.76,1234.03,aligned
215,8,hoshiaght,1234.27,1234.66,aligned
215,9,jeant,1234.66,1235.05,aligned
216,0,agh,1236.82,1237.12,aligned
216,1,ny-yeih,1237.60,1238.20,aligned
216,2,ayns,1238.32,1238.56,aligned
216,3,fouyr,1238.56,1238.86,aligned
216,4,jeh,1238.86,1239.07,aligned
216,5,roonysvaie,1239.07,1239.85,aligned
217,0,v'eh,1240.66,1240.99,aligned
217,1,t'eh,1241.68,1241.83,aligned
217,2,foddey,1241.83,1242.22,aligned
217,3,sniessey,1242.22,1242.70,aligned
217,4,da,1242.70,1242.88,aligned
217,5,doolish,1242.88,1243.33,aligned
217,6,ass,1243.33,1243.51,aligned
217,7,ny,1243.51,1243.63,aligned
217,8,sassey,1243.63,1244.11,aligned
217,9,da,1244.11,1244.41,aligned
218,0,dy,1245.04,1245.31,aligned
218,1,gholl,1245.76,1246.03,aligned
218,2,dys,1246.03,1246.21,aligned
218,3,doolish,1246.21,1246.69,aligned
218,4,voish,1246.75,1246.93,aligned
218,5,shen,1246.93,1247.32,aligned
219,0,er,1247.86,1248.01,aligned
219,1,raad,1248.01,1248.34,aligned
219,2,yiarn,1248.34,1248.76,aligned
219,3,as,1248.76,1248.94,aligned
219,4,er,1248.94,1249.12,aligned
219,5,y,1249.12,1249.21,aligned
219,6,as,1249.99,1250.14,aligned
219,7,reddyn,1250.14,1250.35,aligned
219,8,myr,1250.35,1250.53,aligned
219,9,shen,1250.53,1250.77,aligned
220,0,veagh,1252.36,1252.63,aligned
220,1,eh,1252.63,1252.78,aligned
220,2,er,1252.78,1252.99,aligned
220,3,ve,1252.99,1253.17,aligned
220,4,doillee,1253.17,1253.65,aligned
220,5,goll,1253.83,1254.04,aligned
220,6,dys,1254.04,1254.34,aligned
220,7,dys,1254.52,1254.67,aligned
220,8,doolish,1254.67,1255.21,aligned
221,0,voish,1255.81,1256.23,aligned
221,1,skyll,1257.91,1258.27,aligned
221,2,andreays,1258.27,1259.05,aligned
222,0,so,1260.13,1260.64,aligned
222,1,shen,1260.64,1260.94,aligned
222,2,eh,1260.94,1261.33,aligned
222,3,hall,1262.20,1262.50,aligned
222,4,caine,1262.53,1262.95,aligned
223,0,three,1264.39,1264.84,aligned
223,1,eisht,1264.84,1265.38,aligned
223,2,va'n,1266.49,1266.70,aligned
223,3,chied,1266.70,1267.24,aligned
223,4,etlys,1267.60,1268.20,aligned
223,5,pooarit,1268.29,1268.89,aligned
224,0,liorish,1269.76,1270.18,aligned
224,1,ny,1270.18,1270.30,aligned
224,2,braaraghyn,1270.30,1270.96,aligned
224,3,veihlt,1270.96,1271.47,aligned
224,4,ayns,1271.95,1272.16,aligned
224,5,nuy,1272.16,1272.37,aligned
224,6,cheead,1272.37,1272.61,aligned
224,7,jeig,1272.61,1272.85,aligned
224,8,as,1272.85,1273.00,aligned
224,9,three,1273.00,1273.42,aligned
224,10,er,1273.78,1273.96,aligned
224,11,ny,1273.96,1274.08,aligned
224,12,yannoo,1274.11,1274.41,aligned
224,13,faggys,1274.41,1274.98,aligned
224,14,da,1274.98,1275.37,aligned
225,0,balley,1276.21,1276.72,aligned
225,1,ayns,1277.83,1278.04,aligned
225,2,y,1278.07,1278.10,aligned
225,3,twoaie,1278.46,1279.12,aligned
226,0,ta,1279.72,1279.84,aligned
226,1,fys,1279.96,1280.17,aligned
226,2,eu,1280.17,1280.32,aligned
226,3,ooilley,1280.32,1280.56,aligned
226,4,shoh,1280.68,1281.01,aligned
226,5,dyn,1281.01,1281.19,aligned
226,6,dooyt,1281.19,1281.52,aligned
226,7,ny,1282.00,1282.09,aligned
226,8,kitty,1282.15,1282.51,aligned
226,9,hoght,1282.54,1282.84,aligned
227,0,agh,1285.15,1285.51,aligned
227,1,va,1286.26,1286.41,aligned
227,2,mee,1286.41,1286.56,aligned
227,3,lhaih,1286.56,1286.89,aligned
227,4,muickey,1286.89,1287.34,aligned
227,5,yannoo,1287.61,1287.88,aligned
227,6,jee,1288.18,1288.57,aligned
227,7,ta,1288.75,1288.90,aligned
227,8,mee,1288.93,1289.11,aligned
227,9,scrieu,1289.11,1289.50,aligned
227,10,ny,1289.50,1289.62,aligned
227,11,queshtionyn,1289.65,1290.16,aligned
228,0,as,1291.30,1291.66,aligned
228,1,dooyrt,1292.17,1292.47,aligned
228,2,eh,1292.47,1292.62,aligned
228,3,shen,1292.65,1293.22,aligned
228,4,dy,1293.22,1293.34,aligned
228,5,vel,1293.34,1293.52,aligned
228,6,kitty,1293.52,1293.94,aligned
229,0,yn,1294.69,1294.81,aligned
229,1,balley,1294.81,1295.35,aligned
229,2,mysh,1295.59,1295.95,aligned
229,3,kiare,1295.95,1296.37,aligned
229,4,veih,1296.85,1297.18,aligned
230,0,as,1300.09,1300.36,aligned
230,1,dy,1300.42,1300.51,aligned
230,2,row,1300.51,1300.96,aligned
230,3,yn,1301.17,1301.35,aligned
230,4,etlagh,1301.44,1302.04,aligned
230,5,jeant,1302.10,1302.49,aligned
230,6,ayns,1302.58,1302.88,aligned
230,7,kiaull,1303.18,1303.48,aligned
230,8,devil,1303.48,1303.87,aligned
230,9,hills,1303.93,1304.47,aligned
231,0,agh,1306.18,1306.39,aligned
231,1,cha,1306.39,1306.48,aligned
231,2,row,1306.48,1306.69,aligned
231,3,balley,1306.69,1307.14,aligned
231,4,erbee,1307.14,1307.44,aligned
231,5,ayns,1307.44,1307.62,aligned
231,6,shen,1307.62,1307.95,aligned
231,7,ec,1308.76,1308.91,aligned
231,8,yn,1308.91,1309.09,aligned
231,9,traa,1309.21,1309.60,aligned
231,10,va,1309.60,1309.81,aligned
231,11,ny,1309.81,1309.93,aligned
231,12,braaraghyn,1309.93,1310.50,aligned
231,13,veihn,1310.50,1310.89,aligned
232,0,jannoo,1312.87,1313.20,aligned
232,1,ny,1313.23,1313.77,aligned
232,2,chied,1313.77,1314.25,aligned
232,3,etlagh,1314.76,1315.27,aligned
233,0,so,1317.13,1317.31,aligned
233,1,she,1317.31,1317.61,aligned
233,2,kied,1317.67,1317.88,aligned
233,3,kitty,1317.88,1318.24,aligned
233,4,hoght,1318.27,1318.63,aligned
233,5,van,1318.63,1318.81,aligned
233,6,balley,1318.81,1319.20,aligned
233,7,sniessey,1319.20,1319.71,aligned
234,0,ta,1320.55,1320.67,aligned
234,1,shiu,1320.67,1320.85,aligned
234,2,kiart,1320.85,1321.18,aligned
234,3,now,1321.18,1321.39,aligned
234,4,hooar,1321.39,1321.57,aligned
234,5,mee,1321.57,1321.75,aligned
234,6,toot,1321.75,1322.05,aligned
234,7,mysh,1322.05,1322.20,aligned
234,8,keayrtee,1322.20,1322.59,aligned
235,0,as,1324.18,1324.45,aligned
235,1,t'eh,1326.49,1326.67,aligned
235,2,gra,1326.67,1327.06,aligned
236,0,jeh,1327.54,1327.72,aligned
236,1,kiangley,1327.72,1328.14,aligned
236,2,dy,1328.14,1328.26,aligned
236,3,skeeal,1328.26,1328.83,aligned
236,4,mychione,1329.67,1330.27,aligned
237,0,lightens,1331.83,1332.52,aligned
237,1,pleat,1332.52,1333.03,aligned
237,2,c'red,1334.29,1334.50,aligned
237,3,ta,1334.50,1334.65,aligned
237,4,shin,1334.65,1334.86,aligned
237,5,gra,1334.86,1335.16,aligned
237,6,roo,1335.16,1335.34,aligned
237,7,ayns,1335.34,1335.55,aligned
237,8,shoh,1335.55,1335.91,aligned
238,0,va,1338.61,1338.70,aligned
238,1,shin,1338.70,1338.91,aligned
238,2,gra,1338.91,1339.15,aligned
238,3,mnr,1339.18,1339.57,aligned
238,4,roo,1339.87,1340.11,aligned
238,5,cha,1340.14,1340.23,aligned
238,6,nel,1340.23,1340.38,aligned
238,7,mee,1340.38,1340.53,aligned
238,8,cooinaghtyn,1340.53,1340.89,aligned
238,9,nish,1340.89,1341.13,aligned
238,10,t'ad,1341.13,1341.40,aligned
238,11,gra,1341.43,1341.82,aligned
238,12,ayns,1341.82,1342.06,aligned
238,13,baarle,1342.06,1342.48,aligned
239,0,just,1344.31,1344.64,aligned
239,1,rishyn,1344.64,1345.03,aligned
239,2,pleat,1345.03,1345.78,aligned
239,3,ayns,1347.37,1347.64,aligned
239,4,e,1347.64,1347.73,aligned
239,5,hie,1347.76,1348.00,aligned
239,6,oo,1348.00,1348.18,aligned
240,0,as,1349.38,1349.62,aligned
240,1,hug,1349.83,1350.07,aligned
240,2,ad,1350.07,1350.22,aligned
240,3,etlan,1353.37,1354.06,aligned
241,0,etlan,1354.93,1355.47,aligned
241,1,na,1355.68,1355.83,aligned
241,2,ny,1355.98,1356.10,aligned
241,3,braaraghyn,1356.10,1356.73,aligned
241,4,reiht,1356.73,1357.15,aligned
242,0,yn,1357.78,1358.05,aligned
242,1,sleih,1358.47,1358.92,aligned
242,2,eh,1358.92,1359.01,aligned
242,3,shen,1359.01,1359.19,aligned
242,4,yn,1359.19,1359.31,aligned
242,5,ennym,1359.31,1359.61,aligned
242,6,echey,1359.61,1360.00,aligned
243,0,er,1361.05,1361.29,aligned
243,1,y,1361.29,1361.38,aligned
243,2,mnr,1361.41,1361.89,aligned
243,3,agh,1363.39,1363.75,aligned
243,4,eh,1363.75,1363.93,aligned
243,5,as,1363.99,1364.17,aligned
244,0,ta,1364.89,1365.04,aligned
244,1,banney,1365.04,1365.61,aligned
244,2,geiyrt,1367.62,1368.10,aligned
244,3,er,1368.10,1368.46,aligned
244,4,gra,1368.85,1369.30,aligned
245,0,ohio,1369.78,1370.44,aligned
245,1,birth,1370.44,1370.80,aligned
245,2,place,1370.80,1371.22,aligned
245,3,v'eshyn,1371.46,1372.06,aligned
246,0,agh,1373.50,1373.86,aligned
246,1,ta'n,1374.88,1375.12,aligned
246,2,bannaght,1375.12,1375.66,aligned
246,3,yn,1375.78,1375.93,aligned
247,0,ta,1377.76,1377.94,aligned
247,1,phobble,1377.94,1378.39,aligned
247,2,ain,1378.39,1378.63,aligned
247,3,son,1378.63,1378.87,aligned
247,4,bannee,1378.87,1379.23,aligned
247,5,eh,1379.23,1379.35,aligned
247,6,ee,1381.39,1381.87,aligned
247,7,lheeah,1382.89,1383.37,aligned
247,8,red,1384.03,1384.18,aligned
247,9,ennagh,1384.18,1384.51,aligned
247,10,myr,1384.51,1384.69,aligned
247,11,shen,1384.69,1385.08,aligned
247,12,cullee,1385.08,1385.65,aligned
247,13,cullee,1386.01,1386.40,aligned
247,14,ain,1386.40,1386.61,aligned
247,15,neesht,1386.61,1386.91,aligned
248,0,phaam,1387.93,1388.41,aligned
248,1,ec,1389.46,1389.61,aligned
248,2,kione,1389.67,1390.54,aligned
248,3,er,1390.69,1391.08,aligned
249,0,yn,1392.61,1392.79,aligned
249,1,etlan,1392.88,1393.39,aligned
249,2,tee,1396.27,1396.72,aligned
249,3,tee,1397.20,1397.77,aligned
249,4,ec,1397.92,1398.22,aligned
250,0,toshiaght,1399.03,1399.75,aligned
250,1,yn,1400.29,1400.47,aligned
250,2,etlan,1400.83,1401.22,aligned
251,0,myr,1402.00,1402.18,aligned
251,1,dy,1402.18,1402.30,aligned
251,2,beagh,1402.30,1402.60,aligned
251,3,eh,1402.60,1402.66,aligned
251,4,goll,1402.69,1403.05,aligned
251,5,er,1403.23,1403.50,aligned
251,6,y,1403.62,1403.71,aligned
251,7,raad,1403.71,1404.25,aligned
251,8,aggairagh,1404.31,1405.00,aligned
252,0,my,1405.87,1406.02,aligned
252,1,choamrey,1406.29,1406.74,aligned
252,2,nagh,1406.74,1407.01,aligned
252,3,vel,1407.01,1407.19,aligned
252,4,mish,1407.19,1407.37,aligned
252,5,toiggal,1407.37,1407.76,aligned
252,6,son,1408.12,1408.27,aligned
252,7,cha,1408.30,1408.39,aligned
252,8,nel,1408.39,1408.57,aligned
252,9,monney,1408.57,1408.87,aligned
252,10,fys,1409.05,1409.26,aligned
252,11,aym,1409.26,1409.47,aligned
252,12,mychione,1409.47,1410.01,aligned
253,0,ooilley,1410.61,1410.88,aligned
253,1,shoh,1410.88,1411.27,aligned
253,2,cre'n,1411.72,1412.02,aligned
253,3,fa,1412.02,1412.41,aligned
253,4,t'ou,1412.41,1412.86,aligned
253,5,hie,1412.86,1413.16,aligned
253,6,oo,1413.16,1413.43,aligned
253,7,yn,1413.91,1414.06,aligned
253,8,boayl,1414.06,1414.57,aligned
253,9,vagher,1414.57,1415.17,aligned
254,0,ecclus,1416.43,1417.09,aligned
254,1,ruggit,1417.33,1417.84,aligned
254,2,cre'n,1419.07,1419.31,aligned
254,3,oyr,1419.31,1419.49,aligned
254,4,t'eh,1419.49,1419.70,aligned
254,5,gra,1419.70,1420.00,aligned
254,6,shen,1420.00,1420.33,aligned
254,7,nee,1420.45,1420.63,aligned
254,8,keayrtee,1420.63,1420.99,aligned
254,9,ginsh,1420.99,1421.32,aligned
254,10,dou,1421.32,1421.53,aligned
254,11,cha,1421.86,1421.95,aligned
254,12,nel,1421.95,1422.13,aligned
254,13,mee,1422.13,1422.25,aligned
254,14,toiggal,1422.25,1422.55,aligned
254,15,dy,1422.55,1422.61,aligned
254,16,row,1423.03,1423.24,aligned
254,17,ny,1423.24,1423.36,aligned
254,18,braaraghyn,1423.36,1423.90,aligned
254,19,vaik,1423.90,1424.20,aligned
254,20,voish,1424.20,1424.44,aligned
254,21,e,1424.44,1424.50,aligned
254,22,hie,1424.53,1424.74,aligned
254,23,oo,1424.74,1424.92,aligned
255,0,ny,1425.79,1425.91,aligned
255,1,red,1425.91,1426.06,aligned
255,2,ennagh,1426.09,1426.36,aligned
255,3,myr,1426.36,1426.54,aligned
255,4,shen,1426.54,1426.78,aligned
255,5,insh,1428.22,1428.46,aligned
255,6,dou,1428.46,1428.70,aligned
255,7,son,1428.70,1428.91,aligned
255,8,ta,1428.91,1429.06,aligned
255,9,mee,1429.06,1429.18,aligned
255,10,laccal,1429.18,1429.42,aligned
255,11,fys,1429.42,1429.72,aligned
255,12,ve,1429.72,1429.87,aligned
255,13,aym,1429.87,1430.08,aligned
256,0,shen,1432.99,1433.29,aligned
256,1,ooilley,1433.29,1433.50,aligned
256,2,ny,1433.50,1433.62,aligned
256,3,queshtionyn,1433.62,1434.25,aligned
256,4,giare,1434.88,1435.15,aligned
256,5,fa,1435.51,1435.90,aligned
256,6,feer,1436.23,1436.44,aligned
256,7,vie,1436.44,1436.77,aligned
257,0,s'mie,1437.52,1437.85,aligned
257,1,shin,1437.85,1438.12,aligned
257,2,bwaagyn,1439.26,1440.04,aligned
258,0,lurg,1441.12,1441.33,aligned
258,1,shoh,1441.33,1441.75,aligned
258,2,agh,1442.29,1442.44,aligned
258,3,ta'n,1442.44,1442.65,aligned
258,4,neesht,1443.01,1443.28,aligned
258,5,ta,1443.28,1443.40,aligned
258,6,katy,1443.40,1443.79,aligned
258,7,gra,1443.79,1444.24,aligned
259,0,dy,1444.93,1445.05,aligned
259,1,row,1445.05,1445.23,aligned
259,2,ad,1445.23,1445.35,aligned
259,3,troggit,1445.35,1445.98,aligned
259,4,ayns,1446.25,1446.52,aligned
259,5,e,1446.52,1446.64,aligned
259,6,hie,1446.67,1446.88,aligned
259,7,oo,1446.88,1447.09,aligned
259,8,as,1447.45,1447.72,aligned
259,9,va,1447.72,1448.05,aligned
259,10,nane,1448.14,1448.41,aligned
259,11,jeu,1448.41,1448.62,aligned
259,12,ruggit,1448.62,1449.04,aligned
259,13,ayns,1449.04,1449.19,aligned
259,14,shen,1449.19,1449.40,aligned
259,15,neesht,1449.40,1449.79,aligned
259,16,alice,1449.88,1450.24,aligned
259,17,well,1450.27,1450.42,aligned
259,18,ta,1450.42,1450.57,aligned
259,19,shen,1450.57,1450.84,aligned
259,20,jannoo,1450.84,1451.08,aligned
259,21,keeayll,1451.08,1451.50,aligned
259,22,dou,1451.59,1451.80,aligned
259,23,nish,1451.80,1452.10,aligned
259,24,ta,1452.10,1452.22,aligned
259,25,mee,1452.22,1452.37,aligned
259,26,toiggal,1452.37,1452.67,aligned
259,27,eh,1452.67,1452.76,aligned
260,0,feer,1453.66,1453.90,aligned
260,1,vie,1453.90,1454.23,aligned
260,2,feer,1454.50,1454.74,aligned
260,3,vie,1454.74,1455.10,aligned
260,4,bwaagyn,1455.31,1456.06,aligned
261,0,shen,1457.80,1458.28,aligned
261,1,ny,1458.37,1458.58,aligned
261,2,huitt,1458.61,1459.33,aligned
261,3,ny,1460.14,1460.50,aligned
262,0,ny,1461.10,1461.22,aligned
262,1,reddyn,1462.90,1463.17,aligned
262,2,myr,1463.17,1463.35,aligned
262,3,shen,1463.35,1463.62,aligned
262,4,as,1464.01,1464.19,aligned
263,0,y,1471.39,1471.51,aligned
263,1,ten,1473.61,1473.94,aligned
264,0,cha,1475.23,1475.56,aligned
264,1,nel,1475.56,1475.71,aligned
264,2,mee,1475.71,1475.83,aligned
264,3,shickyr,1475.83,1476.10,aligned
264,4,mychione,1476.10,1476.46,aligned
264,5,shen,1476.46,1476.82,aligned
264,6,reddyn,1478.38,1478.65,aligned
264,7,myr,1478.65,1478.80,aligned
264,8,shen,1478.83,1479.04,aligned
264,9,my,1479.04,1479.19,aligned
265,0,kiare,1480.39,1480.81,aligned
265,1,queshtan,1480.90,1481.35,aligned
265,2,kiare,1481.35,1481.83,aligned
265,3,cre'n,1481.89,1482.22,aligned
265,4,sorch,1482.22,1482.70,aligned
265,5,dy,1482.76,1482.88,aligned
266,0,fockle,1484.65,1485.22,aligned
266,1,bwoirrin,1485.22,1485.82,aligned
266,2,bwaag,1486.96,1487.65,aligned
267,0,yn,1489.66,1489.75,aligned
267,1,ta,1489.90,1490.02,aligned
267,2,mee,1490.02,1490.20,aligned
267,3,credjal,1490.20,1490.65,aligned
267,4,eie,1495.12,1495.48,aligned
267,5,ta,1495.54,1495.84,aligned
268,0,sorch,1496.59,1497.01,aligned
268,1,dy,1497.01,1497.16,aligned
268,2,waag,1497.16,1497.76,aligned
268,3,ta,1498.51,1498.72,aligned
268,4,jeant,1498.72,1499.26,aligned
268,5,jeh,1499.47,1499.86,aligned
268,6,yiarn,1499.89,1500.58,aligned
269,0,crapley,1501.12,1501.66,aligned
269,1,dagh,1501.66,1502.08,aligned
269,2,va,1504.15,1504.33,aligned
269,3,enmyssit,1504.33,1505.02,aligned
269,4,er,1505.14,1505.59,aligned
269,5,yn,1505.80,1505.92,aligned
269,6,dooinney,1505.92,1506.34,aligned
269,7,y,1506.34,1506.37,aligned
269,8,chroo,1506.40,1506.85,aligned
269,9,ad,1506.85,1507.15,aligned
270,0,sy,1508.41,1508.56,aligned
270,1,cre'n,1508.62,1508.95,aligned
270,2,sorch,1508.95,1509.55,aligned
270,3,dy,1509.61,1509.73,aligned
270,4,waag,1509.73,1510.33,aligned
270,5,t'ad,1510.69,1510.87,aligned
270,6,jeant,1510.87,1511.23,aligned
270,7,jeh,1511.23,1511.47,aligned
270,8,yiarn,1511.47,1511.98,aligned
270,9,crapley,1512.34,1512.82,aligned
270,10,dagh,1512.82,1513.36,aligned
271,0,va,1514.98,1515.28,aligned
271,1,enmyssit,1515.37,1515.88,aligned
271,2,thie,1516.30,1516.63,aligned
271,3,enmyssit,1516.63,1517.17,aligned
271,4,er,1517.29,1517.50,aligned
271,5,y,1517.50,1517.59,aligned
271,6,dooinney,1517.59,1518.01,aligned
271,7,y,1518.01,1518.04,aligned
271,8,chroo,1518.07,1518.70,aligned
272,0,ee,1519.42,1519.81,aligned
272,1,lhisagh,1519.93,1520.35,aligned
272,2,shen,1520.56,1521.10,aligned
272,3,ve,1521.10,1521.49,aligned
273,0,sy,1522.93,1523.14,aligned
273,1,ta,1523.14,1523.32,aligned
273,2,bwaagyn,1523.32,1523.86,aligned
273,3,ayn,1523.86,1524.31,aligned
273,4,as,1524.43,1524.58,aligned
273,5,ta,1524.58,1524.73,aligned
273,6,shiu,1524.73,1524.91,aligned
273,7,er,1524.91,1525.00,aligned
273,8,nakin,1525.00,1525.42,aligned
273,9,ad,1525.42,1525.57,aligned
273,10,dyn,1525.57,1525.78,aligned
273,11,dooyt,1525.78,1526.05,aligned
273,12,mygeayrt,1526.05,1526.53,aligned
274,0,t'ad,1527.76,1527.97,aligned
274,1,jeant,1527.97,1528.27,aligned
274,2,jeh,1528.27,1528.51,aligned
274,3,yiarn,1528.51,1529.08,aligned
274,4,crapley,1529.17,1529.59,aligned
274,5,dagh,1529.59,1529.83,aligned
274,6,shen,1529.83,1530.04,aligned
274,7,ny,1530.04,1530.19,aligned
274,8,ta,1530.19,1530.34,aligned
274,9,mish,1530.34,1530.58,aligned
274,10,er,1530.58,1530.67,aligned
274,11,chur,1530.67,1530.97,aligned
274,12,eh,1530.97,1531.12,aligned
274,13,corrag,1531.42,1531.78,aligned
274,14,eh,1531.78,1531.96,aligned
274,15,trieyn,1531.96,1532.47,aligned
275,0,yiarn,1533.67,1534.06,aligned
275,1,craplit,1534.78,1535.38,aligned
275,2,fillit,1535.53,1536.10,aligned
276,0,ayns,1536.94,1537.12,aligned
276,1,tonnyn,1537.12,1537.63,aligned
276,2,beggey,1537.63,1538.17,aligned
276,3,as,1540.24,1540.39,aligned
276,4,t'ad,1540.42,1540.72,aligned
276,5,aym,1540.72,1541.17,aligned
277,0,ayns,1542.52,1542.79,aligned
277,1,cummey,1542.82,1543.39,aligned
277,2,chiu,1551.55,1551.97,aligned
277,3,ny,1552.33,1552.48,aligned
277,4,red,1552.48,1552.78,aligned
278,0,red,1552.39,1552.63,aligned
278,1,ennagh,1552.63,1552.96,aligned
278,2,myr,1552.96,1553.17,aligned
278,3,shen,1553.17,1553.44,aligned
278,4,jeant,1555.39,1555.66,aligned
278,5,jeh,1555.66,1555.84,aligned
278,6,yiarn,1555.84,1556.20,aligned
278,7,as,1556.23,1556.44,aligned
278,8,as,1556.50,1556.65,aligned
278,9,yiarn,1556.68,1557.10,aligned
278,10,craplagh,1557.10,1557.94,aligned
278,11,oc,1557.94,1558.27,aligned
279,0,son,1558.57,1559.20,aligned
279,1,mullagh,1559.32,1559.92,aligned
279,2,as,1560.64,1560.88,aligned
279,3,ta,1560.88,1561.18,aligned
279,4,enmyssit,1561.18,1561.93,aligned
279,5,er,1562.20,1562.50,aligned
279,6,y,1562.50,1562.59,aligned
279,7,dooinney,1562.59,1563.34,aligned
279,8,ren,1563.73,1564.12,aligned
279,9,hoshiaght,1564.30,1564.96,aligned
280,0,croo,1565.83,1566.19,aligned
280,1,ayd,1566.19,1566.46,aligned
280,2,cre'n,1568.89,1569.19,aligned
280,3,ennym,1569.19,1569.55,aligned
280,4,ta,1569.55,1569.88,aligned
280,5,ny,1570.33,1570.48,aligned
280,6,bwaagyn,1570.48,1570.99,aligned
280,7,shoh,1570.99,1571.32,aligned
280,8,nish,1571.32,1571.77,aligned
281,0,ny,1575.34,1575.49,aligned
281,1,smoo,1575.49,1575.88,aligned
281,2,na,1575.88,1576.12,aligned
281,3,un,1576.12,1576.54,aligned
281,4,reggyrt,1576.99,1577.62,aligned
282,0,goin,1578.28,1579.00,aligned
282,1,son,1579.39,1579.72,aligned
282,2,freggyrt,1580.74,1581.19,aligned
282,3,kiart,1581.19,1581.73,aligned
283,0,son,1583.47,1583.71,aligned
283,1,shoh,1583.71,1584.13,aligned
283,2,son,1584.88,1585.27,aligned
283,3,tar,1585.51,1585.99,aligned
283,4,ta,1586.20,1586.35,aligned
283,5,ennym,1586.47,1586.74,aligned
283,6,elley,1586.74,1587.37,aligned
284,0,orroo,1588.69,1589.20,aligned
284,1,ayns,1590.19,1590.64,aligned
284,2,america,1592.47,1593.10,aligned
284,3,agh,1593.10,1593.31,aligned
284,4,cha,1593.31,1593.40,aligned
284,5,nel,1593.40,1593.58,aligned
284,6,ad,1593.58,1593.70,aligned
284,7,enmyssit,1593.70,1594.15,aligned
284,8,da,1594.15,1594.30,aligned
284,9,dooinney,1594.30,1594.66,aligned
284,10,shen,1594.69,1595.11,aligned
284,11,sy,1595.11,1595.32,aligned
284,12,foddee,1595.32,1595.56,aligned
284,13,nagh,1595.56,1595.80,aligned
284,14,beagh,1595.80,1596.10,aligned
284,15,shin,1596.10,1596.43,aligned
284,16,giat,1596.55,1597.09,aligned
285,0,the,1598.44,1598.53,aligned
285,1,cre,1598.56,1599.10,aligned
285,2,ny,1599.10,1599.19,aligned
285,3,braagyn,1599.19,1599.64,aligned
285,4,ny,1599.73,1599.88,aligned
285,5,ny,1600.21,1600.36,aligned
285,6,bwaagyn,1600.36,1601.35,aligned
285,7,ta,1601.35,1601.53,aligned
285,8,shin,1601.53,1601.74,aligned
285,9,loayrt,1601.74,1602.01,aligned
285,10,mychione,1602.01,1602.43,aligned
286,0,queig,1604.32,1604.80,aligned
286,1,c'raad,1607.53,1607.92,aligned
286,2,ta'n,1607.92,1608.16,aligned
286,3,ennym,1608.16,1608.55,aligned
286,4,elley,1608.61,1609.18,aligned
287,0,er,1610.14,1610.38,aligned
287,1,yn,1610.38,1610.50,aligned
287,2,stonebreaker's,1610.50,1611.76,aligned
287,3,hut,1611.76,1612.18,aligned
288,0,ayns,1612.75,1612.96,aligned
288,1,mannin,1612.96,1613.41,aligned
288,2,ta,1615.75,1615.90,aligned
288,3,bwaag,1615.90,1616.44,aligned
289,0,boayl,1617.67,1617.88,aligned
289,1,ennagh,1617.88,1618.36,aligned
289,2,ayns,1618.36,1618.57,aligned
289,3,mannin,1618.57,1618.93,aligned
289,4,enmyssit,1620.13,1620.67,aligned
289,5,yn,1620.82,1620.94,aligned
289,6,stone,1620.94,1621.45,aligned
289,7,breeaghys,1621.45,1621.90,aligned
289,8,hot,1621.90,1622.23,aligned
290,0,agh,1624.69,1624.99,aligned
290,1,foddee,1625.32,1625.80,aligned
290,2,dy,1625.80,1625.95,aligned
290,3,vel,1625.95,1626.16,aligned
290,4,enn,1626.16,1626.46,aligned
290,5,eu,1626.46,1626.67,aligned
290,6,share,1626.79,1627.51,aligned
290,7,eu,1627.51,1627.84,aligned
291,0,er,1628.83,1629.01,aligned
291,1,yn,1629.01,1629.13,aligned
291,2,ennym,1629.13,1629.40,aligned
291,3,elley,1629.40,1629.76,aligned
291,4,echey,1629.76,1630.12,aligned
291,5,eck,1630.96,1631.32,aligned
292,0,agh,1633.33,1633.54,aligned
292,1,kied,1633.54,1633.81,aligned
292,2,ta,1633.81,1633.96,aligned
292,3,shen,1633.96,1634.26,aligned
292,4,now,1636.48,1636.66,aligned
292,5,vel,1636.66,1636.90,aligned
292,6,caghlaa,1636.90,1637.68,aligned
292,7,vel,1637.95,1638.22,aligned
292,8,vel,1638.22,1638.49,aligned
292,9,lhiettrimys,1638.52,1639.66,aligned
292,10,erbee,1639.69,1640.02,aligned
292,11,ayn,1640.02,1640.41,aligned
292,12,eddyr,1640.53,1640.98,aligned
293,0,bwaag,1642.06,1642.75,aligned
293,1,as,1643.44,1643.65,aligned
293,2,bwaagh,1643.65,1644.10,aligned
293,3,aym,1644.10,1644.37,aligned
294,0,cha,1648.54,1648.69,aligned
294,1,nel,1648.69,1648.90,aligned
294,2,fys,1648.90,1649.14,aligned
294,3,ayms,1649.14,1649.59,aligned
294,4,shegin,1650.28,1650.61,aligned
294,5,dou,1650.61,1650.82,aligned
294,6,gra,1650.82,1651.24,aligned
294,7,oddagh,1651.39,1651.75,aligned
294,8,fer,1651.75,1651.99,aligned
294,9,erbee,1651.99,1652.32,aligned
294,10,jiuish,1652.32,1652.68,aligned
294,11,jannoo,1652.68,1652.95,aligned
294,12,yn,1652.95,1653.25,aligned
294,13,ramsaghey,1653.34,1653.85,aligned
294,14,shen,1653.85,1654.18,aligned
295,0,as,1654.99,1655.17,aligned
295,1,ginsh,1655.17,1655.50,aligned
295,2,dou,1655.50,1655.80,aligned
295,3,cha,1657.12,1657.21,aligned
295,4,nel,1657.21,1657.42,aligned
295,5,mee,1657.42,1657.57,aligned
295,6,braew,1657.57,1657.87,aligned
295,7,shickyr,1657.87,1658.26,aligned
296,0,ta,1661.20,1661.44,aligned
296,1,ta,1661.44,1661.59,aligned
296,2,mee,1661.59,1661.74,aligned
296,3,clashtyn,1661.74,1662.16,aligned
296,4,ad,1662.16,1662.34,aligned
296,5,ta,1663.45,1663.63,aligned
296,6,bwaag,1663.63,1664.29,aligned
296,7,sheeanal,1664.68,1665.31,aligned
297,0,gollrish,1666.15,1666.60,aligned
297,1,red,1666.72,1666.93,aligned
297,2,sloo,1667.20,1667.74,aligned
297,3,red,1669.24,1669.51,aligned
297,4,ny,1669.51,1669.69,aligned
297,5,red,1670.05,1670.26,aligned
297,6,beg,1670.26,1670.62,aligned
297,7,sloo,1670.74,1671.31,aligned
297,8,bwaane,1671.64,1672.33,aligned
297,9,foddee,1672.63,1673.05,aligned
298,0,ass,1675.42,1675.75,aligned
298,1,tar,1677.43,1677.91,aligned
299,0,quoi,1681.24,1681.39,aligned
299,1,ec,1681.39,1681.48,aligned
299,2,ta,1681.48,1681.63,aligned
299,3,fys,1681.63,1681.96,aligned
299,4,as,1682.71,1682.89,aligned
299,5,shey,1682.89,1683.37,aligned
300,0,ren,1685.08,1685.44,aligned
300,1,y,1686.01,1686.10,aligned
300,2,screeudeyr,1686.10,1687.45,aligned
300,3,americaanagh,1687.57,1688.74,aligned
301,0,henry,1689.46,1690.12,aligned
301,1,david,1690.24,1690.72,aligned
301,2,beaghey,1693.21,1693.78,aligned
302,0,ayns,1694.38,1694.65,aligned
302,1,bwaag,1694.65,1695.34,aligned
302,2,er,1695.73,1695.94,aligned
302,3,oirr,1696.06,1696.60,aligned
302,4,logh,1697.02,1697.65,aligned
302,5,ayns,1697.95,1698.16,aligned
302,6,massachusetts,1698.16,1699.03,aligned
302,7,son,1699.03,1699.33,aligned
302,8,daa,1699.33,1699.63,aligned
302,9,vlein,1699.63,1700.05,aligned
303,0,screeu,1701.49,1702.39,aligned
303,1,lioar,1702.66,1703.26,aligned
303,2,mychione,1703.26,1703.86,aligned
303,3,y,1703.86,1703.92,aligned
303,4,traa,1703.92,1704.40,aligned
303,5,giensyn,1704.40,1705.09,aligned
304,0,agh,1707.31,1707.46,aligned
304,1,cre'n,1707.46,1707.73,aligned
304,2,ennym,1707.73,1708.12,aligned
304,3,v'er,1709.41,1709.95,aligned
305,0,cre'n,1712.26,1712.53,aligned
305,1,ennym,1712.53,1712.83,aligned
305,2,v'er,1712.83,1713.13,aligned
305,3,y,1713.16,1713.22,aligned
305,4,logh,1713.22,1713.73,aligned
305,5,t'eh,1714.18,1714.39,aligned
305,6,gra,1714.69,1715.08,aligned
306,0,vooar,1718.14,1718.41,aligned
306,1,er,1718.68,1718.77,aligned
306,2,reill,1718.77,1719.07,aligned
306,3,ee,1719.07,1719.16,aligned
306,4,mychione,1719.16,1719.64,aligned
306,5,bwaag,1719.70,1720.21,aligned
306,6,yn,1720.21,1720.36,aligned
306,7,eddyr,1720.36,1720.66,aligned
307,0,agh,1722.34,1722.58,aligned
307,1,ve,1722.58,1722.76,aligned
307,2,anmagh,1722.76,1723.21,aligned
307,3,tra,1723.21,1723.45,aligned
307,4,va,1723.45,1723.57,aligned
307,5,mee,1723.57,1723.75,aligned
307,6,screeu,1723.78,1724.59,aligned
307,7,ad,1724.74,1724.95,aligned
307,8,shoh,1724.95,1725.25,aligned
308,0,v'eh,1726.90,1727.08,aligned
308,1,beaghey,1727.08,1727.59,aligned
308,2,ayns,1727.59,1727.77,aligned
308,3,bwaag,1727.77,1728.31,aligned
308,4,ren,1729.72,1729.90,aligned
308,5,eh,1729.90,1730.05,aligned
308,6,fuirraghtyn,1730.05,1730.80,aligned
308,7,ayns,1730.80,1731.04,aligned
308,8,bwaag,1731.04,1731.64,aligned
309,0,chouds,1732.63,1733.17,aligned
309,1,ve,1733.17,1733.59,aligned
309,2,echey,1734.07,1734.28,aligned
309,3,er,1734.40,1734.55,aligned
309,4,er,1734.64,1734.85,aligned
310,0,logh,1735.27,1735.93,aligned
310,1,so,1736.14,1736.53,aligned
310,2,t'eh,1737.31,1737.55,aligned
311,0,t'eh,1737.85,1738.27,aligned
311,1,cooie,1738.27,1738.57,aligned
311,2,dy,1738.57,1738.66,aligned
311,3,liooar,1738.66,1738.93,aligned
311,4,agh,1740.70,1740.88,aligned
311,5,she,1740.88,1741.12,aligned
311,6,ennym,1741.18,1741.60,aligned
311,7,y,1741.75,1741.87,aligned
311,8,logh,1741.87,1742.35,aligned
311,9,ta,1742.35,1742.50,aligned
311,10,mee,1742.50,1742.68,aligned
311,11,laccal,1742.68,1743.07,aligned
311,12,henry,1743.10,1743.49,aligned
311,13,david,1743.49,1743.97,aligned
312,0,cheau,1747.00,1747.33,aligned
312,1,eh,1747.33,1747.48,aligned
312,2,daa,1747.48,1747.81,aligned
312,3,vlein,1747.81,1748.29,aligned
312,4,er,1749.19,1749.37,aligned
312,5,oyr,1749.37,1749.67,aligned
312,6,y,1749.67,1749.76,aligned
312,7,logh,1749.76,1750.06,aligned
312,8,shoh,1750.06,1750.27,aligned
312,9,ny,1750.27,1750.42,aligned
312,10,lomarcan,1750.42,1751.08,aligned
312,11,son,1751.08,1751.35,aligned
312,12,y,1751.35,1751.41,aligned
312,13,chooid,1751.41,1751.68,aligned
312,14,smoo,1751.68,1752.07,aligned
312,15,er,1752.07,1752.19,aligned
312,16,screeu,1752.19,1752.73,aligned
312,17,lioar,1752.76,1753.57,aligned
312,18,mychione,1753.57,1753.99,aligned
312,19,y,1753.99,1754.08,aligned
312,20,traa,1754.08,1754.41,aligned
312,21,echey,1754.41,1754.77,aligned
313,0,cre'n,1755.97,1756.30,aligned
313,1,logh,1756.30,1756.90,aligned
313,2,ve,1757.47,1757.83,aligned
313,3,baa,1758.73,1759.27,aligned
313,4,er-gerrey,1759.27,1759.78,aligned
313,5,da,1759.78,1760.08,aligned
314,0,ooilley,1762.75,1763.11,aligned
314,1,ta,1763.50,1763.62,aligned
314,2,mee,1763.62,1763.83,aligned
314,3,ta,1764.46,1764.85,aligned
315,0,ta,1765.84,1766.05,aligned
315,1,mee,1766.05,1766.23,aligned
315,2,cliaghtey,1767.40,1767.94,aligned
315,3,lhaih,1767.97,1768.30,aligned
315,4,ad,1768.30,1768.51,aligned
315,5,reesht,1768.51,1768.87,aligned
315,6,nagh,1768.87,1769.11,aligned
315,7,vel,1769.11,1769.32,aligned
316,0,sy,1769.98,1770.13,aligned
316,1,cren,1770.16,1770.40,aligned
316,2,sorch,1770.40,1770.76,aligned
316,3,dy,1770.76,1770.85,aligned
316,4,waag,1770.85,1771.24,aligned
316,5,ta,1771.33,1771.45,aligned
316,6,jeant,1771.45,1771.75,aligned
316,7,jeh,1771.75,1771.96,aligned
316,8,yiarn,1771.96,1772.26,aligned
316,9,crapley,1772.26,1772.71,aligned
316,10,dagh,1772.71,1773.10,aligned
316,11,va,1773.37,1773.64,aligned
316,12,enmyssit,1773.76,1774.36,aligned
316,13,er,1774.45,1774.60,aligned
316,14,y,1774.60,1774.66,aligned
316,15,dooinney,1774.66,1775.05,aligned
316,16,y,1775.05,1775.08,aligned
316,17,chrooie,1775.08,1775.65,aligned
317,0,hoshiaght,1776.22,1776.70,aligned
317,1,queig,1777.57,1778.02,aligned
317,2,craa,1779.52,1780.24,aligned
317,3,kione,1780.36,1780.60,aligned
317,4,ta'n,1780.60,1780.84,aligned
317,5,ennym,1780.84,1781.11,aligned
317,6,elley,1781.11,1781.56,aligned
317,7,er,1781.62,1781.77,aligned
317,8,yn,1781.77,1781.86,aligned
317,9,stone,1781.86,1782.58,aligned
317,10,breeaghys,1782.58,1783.06,aligned
317,11,hot,1783.06,1783.42,aligned
317,12,tayns,1783.78,1784.08,aligned
317,13,mannin,1784.08,1784.47,aligned
318,0,as,1785.49,1785.88,aligned
318,1,shee,1785.88,1786.39,aligned
318,2,cre'n,1787.92,1788.40,aligned
318,3,logh,1788.40,1789.12,aligned
318,4,ren,1789.54,1789.93,aligned
319,0,bee,1790.32,1790.53,aligned
319,1,david,1790.53,1791.01,aligned
319,2,fuirraghtyn,1795.09,1795.93,aligned
319,3,er,1796.35,1796.53,aligned
319,4,gerrey,1796.53,1797.01,aligned
319,5,da,1797.01,1797.46,aligned
320,0,as,1798.63,1799.02,aligned
320,1,ayns,1799.08,1799.26,aligned
320,2,shen,1799.26,1799.65,aligned
320,3,screeu,1799.74,1800.34,aligned
320,4,lioar,1800.37,1800.97,aligned
320,5,mychione,1801.03,1801.72,aligned
321,0,yn,1802.68,1802.86,aligned
321,1,vea,1802.86,1803.31,aligned
321,2,echey,1803.34,1803.67,aligned
321,3,choud's,1803.82,1804.15,aligned
321,4,v'eh,1804.15,1804.33,aligned
321,5,baghey,1804.33,1804.72,aligned
321,6,ny,1804.72,1804.87,aligned
321,7,lomarcan,1804.87,1805.32,aligned
321,8,ayns,1805.32,1805.47,aligned
321,9,shen,1805.47,1805.68,aligned
321,10,un,1806.16,1806.49,aligned
322,0,feer,1809.70,1809.97,aligned
322,1,vie,1809.97,1810.33,aligned
323,0,bwaagyn,1811.71,1812.31,aligned
323,1,va,1812.31,1812.46,aligned
323,2,shin,1812.46,1812.64,aligned
323,3,loayrt,1812.64,1812.88,aligned
323,4,mychione,1812.88,1813.33,aligned
323,5,cre'n,1813.45,1813.78,aligned
323,6,sorch,1813.78,1814.26,aligned
323,7,dy,1814.35,1814.44,aligned
323,8,waag,1814.44,1815.13,aligned
324,0,t'ad,1816.00,1816.18,aligned
324,1,jeant,1816.21,1816.75,aligned
324,2,jeh,1816.93,1817.26,aligned
324,3,yiarn,1817.26,1817.74,aligned
324,4,crapley,1817.74,1818.19,aligned
324,5,dagh,1818.19,1818.73,aligned
324,6,va,1819.12,1819.30,aligned
324,7,enmyssit,1819.30,1819.87,aligned
324,8,er,1819.96,1820.14,aligned
324,9,y,1820.14,1820.20,aligned
324,10,dooinney,1820.20,1820.59,aligned
324,11,y,1820.59,1820.62,aligned
324,12,chroo,1820.65,1821.01,aligned
324,13,ad,1821.01,1821.28,aligned
324,14,ta,1821.67,1822.21,aligned
324,15,t'eh,1822.21,1822.39,aligned
324,16,licklee,1822.39,1822.72,aligned
324,17,dy,1822.72,1822.84,aligned
324,18,vel,1822.84,1822.96,aligned
324,19,shiu,1822.96,1823.11,aligned
324,20,er,1823.11,1823.17,aligned
324,21,nakin,1823.17,1823.56,aligned
324,22,mygeayrt,1823.56,1823.98,aligned
324,23,eh,1824.04,1824.40,aligned
324,24,ta,1824.43,1824.55,aligned
324,25,mee,1824.55,1824.97,aligned
324,26,nish,1825.18,1825.48,aligned
324,27,er,1825.54,1825.66,aligned
324,28,gheddyn,1825.66,1826.08,aligned
325,0,freggyrt,1826.29,1826.65,aligned
325,1,rish,1826.65,1826.83,aligned
325,2,kys,1826.83,1827.13,aligned
325,3,neeson,1827.58,1828.21,aligned
325,4,hot,1828.21,1828.66,aligned
326,0,hannee,1829.68,1830.13,aligned
326,1,nis,1830.13,1830.37,aligned
326,2,ann,1830.37,1830.70,aligned
326,3,ta,1830.70,1830.88,aligned
326,4,jannoo,1830.88,1831.18,aligned
326,5,yn,1831.18,1831.30,aligned
326,6,er,1831.30,1831.42,aligned
326,7,caa,1831.45,1831.81,aligned
326,8,aym,1831.81,1832.02,aligned
327,0,agh,1832.89,1833.31,aligned
327,1,mee,1834.18,1834.54,aligned
327,2,jupiter,1834.54,1835.23,aligned
327,3,norman,1835.23,1835.83,aligned
327,4,nisan,1835.83,1836.28,aligned
327,5,vanna,1836.64,1837.03,aligned
327,6,yeshaghteyr,1837.03,1837.81,aligned
327,7,british,1837.81,1838.38,aligned
328,0,ren,1842.43,1842.61,aligned
328,1,hoshiaght,1842.61,1843.06,aligned
328,2,croo,1843.09,1843.60,aligned
328,3,na,1844.11,1844.26,aligned
328,4,ny,1844.41,1844.56,aligned
328,5,bwaagyn,1844.56,1845.04,aligned
328,6,shoh,1845.04,1845.58,aligned
329,0,son,1846.60,1847.05,aligned
329,1,bwaagyn,1847.05,1847.71,aligned
329,2,neuchostal,1847.80,1848.67,aligned
330,0,oddagh,1849.27,1849.78,aligned
330,1,ve,1849.87,1850.11,aligned
330,2,currit,1850.14,1850.50,aligned
330,3,dys,1850.50,1851.04,aligned
330,4,caghlaaghyn,1851.88,1852.63,aligned
330,5,ymmyd,1852.63,1853.02,aligned
331,0,hoshiaght,1853.95,1854.34,aligned
331,1,jeant,1854.34,1854.61,aligned
331,2,sy,1854.61,1854.79,aligned
331,3,chied,1854.82,1855.09,aligned
331,4,chaggey,1855.72,1856.32,aligned
331,5,seihll,1856.32,1856.77,aligned
332,0,hooar,1858.96,1859.20,aligned
332,1,mee,1859.20,1859.35,aligned
332,2,magh,1859.35,1859.65,aligned
332,3,neesht,1859.65,1859.92,aligned
332,4,dy,1859.98,1860.07,aligned
332,5,vel,1860.07,1860.40,aligned
332,6,bwaagyn,1860.88,1861.36,aligned
332,7,elley,1861.36,1861.72,aligned
332,8,goll-roo,1861.99,1862.35,aligned
332,9,shoh,1862.35,1862.83,aligned
332,10,ta,1862.92,1863.04,aligned
332,11,ny,1863.04,1863.19,aligned
332,12,smoo,1863.19,1863.67,aligned
332,13,enmyssit,1863.91,1864.27,aligned
332,14,mee,1864.30,1864.99,aligned
332,15,orts,1865.02,1865.47,aligned
332,16,ayns,1865.47,1865.71,aligned
332,17,america,1865.71,1866.28,aligned
333,0,as,1869.34,1869.61,aligned
333,1,cha,1870.99,1871.20,aligned
333,2,nee,1871.20,1871.47,aligned
333,3,yn,1871.47,1871.62,aligned
333,4,annag,1871.65,1871.95,aligned
333,5,va,1872.19,1872.37,aligned
333,6,mee,1872.37,1872.58,aligned
333,7,ayns,1872.58,1872.82,aligned
333,8,shoh,1872.85,1873.18,aligned
333,9,agh,1873.21,1873.39,aligned
333,10,ayns,1873.39,1873.54,aligned
333,11,america,1873.54,1874.08,aligned
334,0,yn,1875.58,1875.64,aligned
334,1,enmyssit,1875.79,1876.15,aligned
334,2,consent,1876.21,1877.05,aligned
334,3,huitt,1877.26,1877.80,aligned
334,4,t'ee,1877.92,1878.07,aligned
334,5,gra,1878.07,1878.49,aligned
335,0,son,1879.18,1879.36,aligned
335,1,my,1879.36,1879.45,aligned
335,2,ta,1879.45,1879.60,aligned
335,3,my,1879.60,1879.78,aligned
335,4,ee,1879.81,1879.93,aligned
335,5,gra,1879.93,1880.29,aligned
335,6,enmyssit,1880.59,1881.13,aligned
335,7,er,1881.13,1881.34,aligned
335,8,y,1881.34,1881.40,aligned
335,9,voayl,1881.40,1881.70,aligned
335,10,v'ad,1881.70,1881.91,aligned
335,11,jeant,1881.94,1882.42,aligned
336,0,veih,1884.10,1884.25,aligned
336,1,yn,1884.31,1884.43,aligned
336,2,oo,1884.43,1884.55,aligned
336,3,eh,1884.55,1884.76,aligned
336,4,c'red,1886.98,1887.34,aligned
336,5,ta'n,1887.34,1887.52,aligned
336,6,ennym,1887.52,1887.82,aligned
336,7,elley,1887.82,1888.27,aligned
336,8,aym,1888.36,1888.66,aligned
336,9,stone,1888.66,1889.38,aligned
336,10,breeaghys,1889.38,1889.89,aligned
336,11,hot,1889.89,1890.28,aligned
337,0,ayns,1891.51,1891.69,aligned
337,1,mannin,1891.69,1892.14,aligned
337,2,shoh,1892.41,1892.89,aligned
337,3,yn,1893.16,1893.43,aligned
337,4,black,1893.43,1893.94,aligned
337,5,what,1893.94,1894.30,aligned
338,0,yn,1895.11,1895.32,aligned
338,1,bwaag,1895.32,1895.86,aligned
338,2,ghoo,1895.92,1896.58,aligned
338,3,yn,1897.06,1897.15,aligned
338,4,bwaag,1897.15,1897.57,aligned
338,5,ghoo,1897.60,1898.08,aligned
339,0,tar,1898.77,1899.22,aligned
339,1,er,1899.52,1899.73,aligned
339,2,y,1899.88,1899.97,aligned
339,3,hooys,1900.33,1901.02,aligned
339,4,tee,1901.41,1901.74,aligned
339,5,tee,1901.74,1902.37,aligned
340,0,t'eh,1904.62,1904.80,aligned
340,1,kishtey,1905.82,1906.54,aligned
340,2,yn,1906.72,1906.90,aligned
340,3,clieau,1906.90,1907.44,aligned
341,0,dy,1908.76,1908.82,aligned
341,1,mantan,1908.82,1909.24,aligned
341,2,blocks,1909.24,1909.66,aligned
341,3,agh,1909.84,1910.11,aligned
341,4,roishyn,1910.11,1910.65,aligned
341,5,va,1910.65,1910.80,aligned
341,6,ram,1910.80,1911.13,aligned
341,7,da,1911.13,1911.37,aligned
342,0,ta,1912.66,1913.08,aligned
342,1,pot,1913.08,1913.44,aligned
342,2,beg,1913.44,1913.77,aligned
342,3,ayns,1913.77,1913.98,aligned
342,4,shen,1913.98,1914.34,aligned
342,5,as,1914.40,1914.88,aligned
342,6,pass,1915.12,1915.63,aligned
343,0,kiare,1916.26,1916.80,aligned
343,1,as,1918.99,1919.65,aligned
343,2,shey,1919.65,1920.34,aligned
343,3,ren,1920.46,1920.73,aligned
343,4,yn,1920.73,1920.85,aligned
343,5,screeudeyr,1920.85,1921.90,aligned
343,6,americaanagh,1921.90,1922.98,aligned
343,7,hendy,1923.04,1923.49,aligned
343,8,david,1923.49,1924.00,aligned
344,0,oo,1924.51,1924.60,aligned
344,1,beaghey,1924.72,1925.26,aligned
344,2,ayns,1925.53,1925.80,aligned
344,3,bwaag,1925.80,1926.40,aligned
344,4,er,1926.52,1926.73,aligned
344,5,oirr,1926.85,1927.39,aligned
344,6,logh,1927.54,1928.05,aligned
344,7,ayns,1928.05,1928.26,aligned
344,8,massachusetts,1928.26,1929.04,aligned
344,9,son,1929.04,1929.22,aligned
344,10,daa,1929.22,1929.61,aligned
344,11,vlein,1929.61,1930.09,aligned
344,12,er,1930.09,1930.21,aligned
344,13,screeu,1930.21,1930.81,aligned
344,14,lioar,1930.84,1931.50,aligned
344,15,mychione,1931.86,1932.34,aligned
344,16,y,1932.34,1932.40,aligned
344,17,traa,1932.40,1932.82,aligned
344,18,giensyn,1932.85,1933.48,aligned
345,0,agh,1934.50,1934.68,aligned
345,1,cre'n,1934.71,1935.16,aligned
345,2,ennym,1935.34,1935.70,aligned
345,3,v'er,1935.70,1935.94,aligned
345,4,y,1935.94,1936.06,aligned
345,5,logh,1936.06,1936.72,aligned
346,0,va,1939.42,1939.54,aligned
346,1,fys,1939.54,1939.84,aligned
346,2,ec,1939.84,1939.96,aligned
346,3,keayrtee,1939.96,1940.44,aligned
346,4,er,1940.44,1940.53,aligned
346,5,shoh,1940.53,1940.86,aligned
346,6,she,1941.82,1942.21,aligned
346,7,waldyn,1942.33,1943.08,aligned
347,0,tayrn,1944.79,1945.15,aligned
347,1,yet,1945.66,1945.90,aligned
347,2,as,1945.90,1946.11,aligned
347,3,t'eh,1946.11,1946.35,aligned
347,4,briaght,1946.35,1946.74,aligned
348,0,t'ee,1947.97,1948.09,aligned
348,1,gra,1948.09,1948.36,aligned
348,2,dy,1948.36,1948.48,aligned
348,3,vel,1948.48,1948.63,aligned
348,4,eh,1948.63,1948.69,aligned
348,5,dy,1948.69,1948.81,aligned
348,6,liooar,1948.81,1949.05,aligned
348,7,gra,1949.41,1949.65,aligned
348,8,rish,1950.04,1950.64,aligned
349,0,as,1951.57,1951.99,aligned
349,1,briaght,1952.08,1952.56,aligned
349,2,vel,1952.56,1952.71,aligned
349,3,fockle,1952.71,1953.22,aligned
349,4,erbee,1953.22,1953.58,aligned
349,5,son,1953.58,1954.12,aligned
349,6,cha,1954.15,1954.24,aligned
349,7,nel,1954.24,1954.48,aligned
350,0,ta,1955.77,1955.98,aligned
350,1,mee,1955.98,1956.10,aligned
350,2,braew,1956.10,1956.34,aligned
350,3,shickyr,1956.34,1956.73,aligned
350,4,vel,1956.73,1957.00,aligned
350,5,ta,1958.41,1958.59,aligned
350,6,shiartanse,1958.59,1959.40,aligned
350,7,dy,1959.40,1959.55,aligned
350,8,ocklyn,1959.55,1960.09,aligned
351,0,son,1962.13,1962.52,aligned
351,1,loghan,1963.00,1963.60,aligned
351,2,as,1963.84,1964.02,aligned
351,3,loghan,1964.02,1964.62,aligned
352,0,loghan,1965.49,1965.97,aligned
352,1,beg,1965.97,1966.36,aligned
352,2,yn,1966.42,1966.57,aligned
352,3,loghan,1966.81,1967.44,aligned
352,4,ayn,1967.59,1968.04,aligned
352,5,son,1968.37,1968.55,aligned
352,6,loght,1968.55,1968.94,aligned
352,7,beg,1969.00,1969.42,aligned
353,0,nagh,1970.02,1970.26,aligned
353,1,vel,1970.26,1970.47,aligned
353,2,aym,1970.47,1970.86,aligned
353,3,ta,1971.58,1971.70,aligned
353,4,dub,1971.70,1972.15,aligned
353,5,ayn,1972.30,1972.69,aligned
353,6,oddys,1972.78,1973.11,aligned
353,7,shen,1973.11,1973.47,aligned
353,8,ve,1973.47,1973.65,aligned
353,9,sostyn,1973.65,1974.22,aligned
354,0,as,1976.02,1976.59,aligned
354,1,tar,1976.59,1977.31,aligned
354,2,agh,1978.24,1978.75,aligned
354,3,ta,1978.75,1978.96,aligned
355,0,ayn,1980.04,1980.37,aligned
355,1,neesht,1980.37,1980.67,aligned
355,2,ta,1980.67,1980.79,aligned
355,3,mee,1980.79,1980.97,aligned
355,4,er,1980.97,1981.09,aligned
355,5,yarrood,1981.09,1981.60,aligned
355,6,ta,1984.78,1984.90,aligned
355,7,fockle,1984.90,1985.50,aligned
355,8,er,1985.50,1985.59,aligned
356,0,loghan,1988.56,1989.10,aligned
356,1,braagey,1989.10,1989.88,aligned
356,2,tayrn,1993.12,1993.57,aligned
356,3,nagh,1993.96,1994.23,aligned
356,4,vel,1994.23,1994.44,aligned
356,5,ayrn,1994.44,1994.89,aligned
356,6,dy,1995.22,1995.31,aligned
356,7,kinjagh,1995.34,1995.97,aligned
356,8,ayns,1996.03,1996.24,aligned
356,9,magheryn,1996.24,1996.87,aligned
357,0,yes,1999.96,2000.35,aligned
358,0,henry,2001.19,2001.49,aligned
358,1,david,2001.49,2001.82,aligned
358,2,tarroo,2001.82,2002.33,aligned
358,3,screeu,2002.45,2003.32,aligned
358,4,lioar,2003.32,2003.77,aligned
358,5,mychione,2003.77,2004.37,aligned
359,0,well,2005.69,2006.02,aligned
359,1,mychione,2006.02,2006.56,aligned
359,2,really,2007.25,2008.27,aligned
359,3,mychione,2008.39,2008.72,aligned
359,4,beaghey,2008.72,2009.14,aligned
359,5,dy,2009.56,2009.62,aligned
359,6,plain,2009.62,2010.22,aligned
359,7,as,2010.22,2010.55,aligned
359,8,chyndaa,2010.94,2011.48,aligned
359,9,reesht,2011.48,2011.78,aligned
359,10,as,2011.78,2011.93,aligned
359,11,niartey,2011.93,2012.56,aligned
359,12,as,2012.71,2013.04,aligned
360,0,cha,2013.58,2013.91,aligned
360,1,s'ayms,2013.91,2014.45,aligned
360,2,lioar,2015.65,2015.92,aligned
360,3,quaagh,2015.92,2016.37,aligned
360,4,tayrn,2016.37,2016.70,aligned
361,0,lioar,2017.30,2017.57,aligned
361,1,whaagh,2017.57,2018.14,aligned
361,2,hoght,2018.71,2019.01,aligned
361,3,cheead,2019.04,2019.34,aligned
361,4,jeig,2019.34,2019.97,aligned
362,0,kiare,2021.02,2021.29,aligned
362,1,jeig,2021.29,2021.59,aligned
362,2,as,2021.59,2021.74,aligned
362,3,daeed,2021.74,2022.19,aligned
362,4,v'eh,2022.19,2022.37,aligned
362,5,screeuit,2022.37,2022.94,aligned
362,6,creaghyn,2025.10,2025.70,aligned
363,0,yn,2027.29,2027.50,aligned
363,1,nah,2027.50,2027.95,aligned
363,2,yn,2028.28,2028.37,aligned
363,3,ayrn,2028.37,2028.64,aligned
363,4,share,2028.64,2028.97,aligned
363,5,lhiam,2028.97,2029.24,aligned
363,6,pene,2029.24,2029.63,aligned
364,0,quoi,2030.59,2031.10,aligned
364,1,yn,2031.55,2031.70,aligned
364,2,choraa,2031.70,2032.36,aligned
364,3,ta,2033.44,2033.59,aligned
364,4,shoh,2033.59,2034.01,aligned
364,5,swishal,2034.13,2034.55,aligned
364,6,toiggal,2034.55,2035.03,aligned
364,7,y,2035.03,2035.15,aligned
364,8,reayllsee,2035.18,2036.17,aligned
365,0,and,2036.68,2036.86,aligned
365,1,leave,2036.86,2037.16,aligned
365,2,oo,2037.16,2037.25,aligned
365,3,here,2037.25,2037.49,aligned
365,4,for,2037.49,2037.67,aligned
365,5,always,2037.76,2038.30,aligned
365,6,and,2038.30,2038.54,aligned
365,7,always,2038.66,2039.23,aligned
366,0,wheesh,2042.20,2042.62,aligned
366,1,as,2044.75,2044.90,aligned
367,0,as,2045.56,2045.74,aligned
367,1,ta,2048.11,2048.23,aligned
367,2,shin,2048.23,2048.41,aligned
367,3,shiaght,2048.41,2049.13,aligned
368,0,nuy,2050.99,2051.29,aligned
368,1,questionyn,2051.38,2052.13,aligned
368,2,sy,2052.55,2052.76,aligned
368,3,chooish,2052.79,2053.06,aligned
368,4,shoh,2053.06,2053.48,aligned
368,5,as,2053.63,2053.90,aligned
368,6,she,2053.93,2054.50,aligned
368,7,ish,2054.50,2054.77,aligned
369,0,noo,2059.12,2059.39,aligned
369,1,hie,2060.41,2060.62,aligned
369,2,eh,2061.10,2061.19,aligned
369,3,dys,2061.19,2061.37,aligned
369,4,boayl,2061.37,2061.70,aligned
369,5,dy,2061.82,2061.88,aligned
369,6,doo,2061.88,2062.12,aligned
369,7,hie,2062.12,2062.24,aligned
369,8,eh,2062.54,2062.66,aligned
369,9,dooyrt,2062.81,2063.08,aligned
369,10,eh,2063.71,2063.80,aligned
369,11,dooinney,2063.86,2064.16,aligned
369,12,ny,2064.22,2064.28,aligned
369,13,laghyn,2064.40,2064.76,aligned
369,14,creneash,2064.85,2065.27,aligned
369,15,reddyn,2065.48,2065.84,aligned
369,16,is,2065.90,2066.14,aligned
369,17,the,2066.14,2066.26,aligned
369,18,mannagh,2066.26,2066.86,aligned
369,19,hie,2067.01,2067.13,aligned
369,20,eh,2067.13,2067.19,aligned
369,21,dys,2067.37,2067.46,aligned
369,22,y,2068.15,2068.21,aligned
369,23,bannag,2068.21,2068.57,aligned
370,0,va,2072.11,2072.20,aligned
370,1,kerraghey,2072.20,2073.01,aligned
370,2,aym,2073.10,2073.46,aligned
370,3,as,2074.48,2074.87,aligned
370,4,ayms,2074.87,2075.35,aligned
370,5,feer,2075.38,2075.86,aligned
370,6,symoil,2076.19,2076.79,aligned
370,7,noidyn,2077.30,2077.84,aligned
370,8,geaishtagh,2077.84,2078.38,aligned
370,9,rish,2078.38,2078.59,aligned
370,10,reesht,2078.59,2078.95,aligned
371,0,as,2084.41,2084.53,aligned
371,1,ayndoo,2084.80,2085.25,aligned
371,2,as,2089.09,2089.30,aligned
371,3,mandate,2089.45,2090.02,aligned
372,0,agh,2094.70,2094.91,aligned
372,1,nee,2095.24,2095.33,aligned
372,2,as,2095.33,2095.48,aligned
372,3,nee,2095.48,2095.96,aligned
372,4,yn,2095.96,2096.11,aligned
372,5,fer,2096.11,2096.41,aligned
372,6,sjerree,2096.41,2096.92,aligned
372,7,eer,2097.52,2097.67,aligned
373,0,window,2102.68,2103.01,aligned
373,1,as,2103.01,2103.16,aligned
373,2,lurg,2103.52,2103.76,aligned
373,3,stiagh,2104.36,2104.93,aligned
374,0,lurg,2106.04,2106.25,aligned
374,1,y,2106.25,2106.34,aligned
374,2,fa,2106.40,2106.70,aligned
374,3,dy,2106.70,2106.82,aligned
374,4,startey,2107.21,2107.75,aligned
374,5,colby,2107.78,2107.99,aligned
375,0,as,2109.94,2110.12,aligned
375,1,keayrt,2110.12,2110.39,aligned
375,2,elley,2111.83,2112.46,aligned
375,3,stayr,2115.22,2115.79,aligned
376,0,lurg,2119.84,2120.02,aligned
376,1,yn,2120.02,2120.14,aligned
376,2,fa,2120.14,2120.50,aligned
376,3,dy,2120.86,2120.95,aligned
376,4,startey,2121.01,2121.58,aligned
377,0,quoi,2123.32,2123.50,aligned
377,1,ny,2123.50,2123.62,aligned
377,2,cheeraghyn,2123.62,2124.22,aligned
377,3,vedshin,2124.58,2125.15,aligned
378,0,now,2126.41,2126.83,aligned
378,1,cheayll,2127.04,2127.31,aligned
378,2,shiu,2127.31,2127.55,aligned
378,3,tree,2127.55,2127.97,aligned
378,4,kerraghyn,2127.97,2128.60,aligned
379,0,as,2129.26,2129.47,aligned
379,1,dagh,2129.71,2129.95,aligned
379,2,quoi,2130.01,2130.31,aligned
379,3,v'ad,2130.31,2130.58,aligned
379,4,now,2130.58,2130.79,aligned
379,5,sproght,2130.79,2131.45,aligned
379,6,ny,2131.45,2131.60,aligned
379,7,cloiederyn,2131.60,2132.17,aligned
379,8,shiu,2132.17,2132.53,aligned
379,9,cha,2132.89,2133.01,aligned
379,10,nel,2133.01,2133.19,aligned
379,11,mee,2133.19,2133.31,aligned
379,12,er,2133.31,2133.40,aligned
379,13,gheddyn,2133.40,2133.64,aligned
379,14,freggyrt,2133.64,2134.21,aligned
379,15,agh,2134.36,2134.63,aligned
379,16,voish,2134.63,2134.90,aligned
379,17,keayrtee,2134.96,2135.44,aligned
380,0,agh,2136.10,2136.34,aligned
380,1,hooar,2136.34,2136.49,aligned
380,2,nish,2136.49,2136.73,aligned
380,3,mie,2138.44,2138.68,aligned
380,4,dy,2138.68,2138.80,aligned
380,5,liooar,2138.80,2139.04,aligned
381,0,agh,2140.81,2140.99,aligned
381,1,va,2140.99,2141.08,aligned
381,2,shoh,2141.11,2141.44,aligned
381,3,shiaght,2142.43,2142.76,aligned
381,4,quoi,2143.09,2143.48,aligned
381,5,v'eh,2143.48,2143.93,aligned
382,0,swishal,2144.29,2144.86,aligned
382,1,toiggal,2144.92,2145.28,aligned
382,2,yoh,2145.28,2145.73,aligned
382,3,reill,2145.76,2146.09,aligned
382,4,yee,2146.21,2146.30,aligned
382,5,said,2146.30,2146.57,aligned
382,6,erlhee,2147.11,2147.38,aligned
382,7,dy,2147.38,2147.50,aligned
382,8,leah,2147.53,2147.83,aligned
382,9,va,2147.83,2147.98,aligned
382,10,always,2148.07,2148.61,aligned
382,11,and,2148.61,2148.85,aligned
383,0,as,2149.42,2149.54,aligned
383,1,well,2151.43,2151.79,aligned
384,0,magh,2155.06,2155.42,aligned
384,1,cheayll,2155.42,2155.63,aligned
384,2,shiu,2155.63,2156.11,aligned
384,3,mychione,2157.22,2157.88,aligned
384,4,traenyn,2158.00,2158.66,aligned
385,0,mychione,2159.83,2160.19,aligned
385,1,raad-yiarn,2160.19,2160.94,aligned
385,2,shoh,2161.48,2161.78,aligned
385,3,tomas,2161.78,2162.20,aligned
385,4,syn,2162.20,2162.44,aligned
385,5,friends,2162.44,2163.10,aligned
386,0,yn,2164.18,2164.48,aligned
386,1,claare,2165.47,2165.92,aligned
386,2,telly,2165.98,2166.40,aligned
386,3,son,2166.58,2166.97,aligned
386,4,paitchyn,2166.97,2167.60,aligned
387,0,as,2168.26,2168.44,aligned
387,1,eddyr,2168.50,2168.86,aligned
387,2,nuy,2168.86,2169.22,aligned
387,3,cheead,2169.22,2169.49,aligned
387,4,jeig,2169.49,2169.97,aligned
387,5,kiare,2171.83,2172.04,aligned
387,6,feed,2172.04,2172.28,aligned
387,7,as,2172.28,2172.40,aligned
387,8,kiare,2172.40,2172.94,aligned
387,9,as,2173.03,2173.21,aligned
387,10,kiare,2173.21,2173.45,aligned
387,11,feed,2173.45,2173.75,aligned
387,12,as,2173.75,2173.90,aligned
387,13,shey,2173.90,2174.50,aligned
388,0,she,2176.15,2176.45,aligned
388,1,ringo,2176.60,2177.08,aligned
388,2,star,2177.08,2177.77,aligned
388,3,drommey,2178.19,2178.64,aligned
388,4,ny,2178.64,2178.79,aligned
388,5,beetylyn,2178.79,2179.33,aligned
388,6,va,2179.33,2179.66,aligned
389,0,lhaihder,2180.62,2181.37,aligned
389,1,yn,2182.60,2182.99,aligned
389,2,program,2182.99,2183.53,aligned
389,3,shoh,2183.53,2183.86,aligned
390,0,soit,2184.82,2185.21,aligned
390,1,er,2185.21,2185.33,aligned
390,2,ny,2185.33,2185.45,aligned
390,3,lioaryn,2185.45,2185.93,aligned
390,4,liorish,2185.93,2186.26,aligned
390,5,reverent,2186.26,2186.74,aligned
390,6,ooilley,2186.74,2187.04,aligned
390,7,dree,2187.43,2187.76,aligned
391,0,mychione,2188.90,2189.32,aligned
391,1,yn,2189.62,2189.77,aligned
391,2,traen,2189.77,2190.19,aligned
391,3,thomas,2190.19,2190.61,aligned
391,4,as,2190.61,2190.79,aligned
391,5,ny,2190.79,2190.91,aligned
391,6,caarjyn,2190.91,2191.36,aligned
391,7,echey,2191.36,2191.60,aligned
391,8,va,2191.60,2191.72,aligned
391,9,soit,2191.72,2192.11,aligned
391,10,er,2192.11,2192.23,aligned
391,11,ellan,2192.29,2192.65,aligned
391,12,sooder,2192.65,2193.43,aligned
392,0,tar,2193.94,2194.33,aligned
392,1,goaill,2194.90,2195.17,aligned
392,2,yn,2195.17,2195.29,aligned
392,3,ennym,2195.29,2195.59,aligned
392,4,echey,2195.59,2195.95,aligned
392,5,voish,2195.95,2196.31,aligned
393,0,yn,2198.32,2198.44,aligned
393,1,deiyr,2198.44,2198.80,aligned
393,2,jeh,2199.22,2199.40,aligned
393,3,sooder,2199.40,2199.88,aligned
393,4,as,2199.88,2200.03,aligned
393,5,mann,2200.03,2200.39,aligned
394,0,mee,2203.27,2203.84,aligned
394,1,oo,2208.07,2208.19,aligned
395,0,bunnys,2217.46,2217.67,aligned
395,1,smooinee,2221.24,2221.54,aligned
395,2,mee,2221.54,2221.69,aligned
395,3,dy,2221.69,2221.78,aligned
395,4,beagh,2221.78,2222.02,aligned
395,5,fys,2222.02,2222.29,aligned
395,6,y,2222.29,2222.38,aligned
395,7,ve,2222.38,2222.59,aligned
395,8,eu,2222.59,2222.77,aligned
395,9,er,2222.77,2222.92,aligned
395,10,shoh,2222.92,2223.46,aligned
395,11,veeys,2223.46,2224.12,aligned
396,0,va'n,2226.34,2226.52,aligned
396,1,filmyn,2226.52,2227.00,aligned
396,2,lheid,2227.00,2227.30,aligned
396,3,as,2227.30,2227.54,aligned
396,4,hass,2227.54,2227.96,aligned
396,5,premises,2227.96,2228.62,aligned
396,6,daue,2228.62,2228.83,aligned
396,7,feiyr,2228.89,2229.34,aligned
397,0,cheet,2229.67,2229.88,aligned
397,1,v'eh,2229.88,2230.12,aligned
397,2,cleigh,2230.12,2230.45,aligned
397,3,braarey,2230.45,2231.17,aligned
397,4,ghaniel,2231.98,2232.58,aligned
398,0,dooinney,2233.69,2233.99,aligned
398,1,syn,2234.14,2234.50,aligned
398,2,un,2234.50,2234.68,aligned
398,3,shen,2234.68,2234.92,aligned
398,4,agh,2236.69,2236.90,aligned
399,0,va'n,2238.52,2238.70,aligned
399,1,ayrn,2238.70,2239.00,aligned
399,2,shen,2239.00,2239.30,aligned
399,3,ve,2239.30,2239.60,aligned
399,4,clea,2239.72,2240.17,aligned
399,5,yn,2241.10,2241.31,aligned
400,0,episode,2241.61,2242.24,aligned
400,1,jeh,2242.24,2242.87,aligned
400,2,the,2242.96,2243.05,aligned
400,3,simpsons,2243.05,2243.98,aligned
401,0,tra,2245.81,2246.44,aligned
401,1,hooar,2246.44,2246.98,aligned
401,2,eh,2247.79,2248.27,aligned
401,3,yn,2248.27,2248.36,aligned
401,4,folt,2248.36,2248.81,aligned
401,5,echey,2248.81,2249.23,aligned
401,6,shinyn,2249.47,2250.01,aligned
401,7,folt,2250.01,2250.37,aligned
401,8,e,2250.37,2250.43,aligned
401,9,ching,2250.43,2250.73,aligned
401,10,gaase,2250.76,2251.12,aligned
401,11,reesht,2251.12,2251.36,aligned
401,12,as,2251.36,2251.48,aligned
401,13,v'eh,2251.48,2251.63,aligned
401,14,er,2251.63,2251.69,aligned
401,15,ny,2251.69,2251.78,aligned
401,16,hroggal,2251.78,2252.20,aligned
401,17,dys,2252.20,2252.38,aligned
401,18,oik,2252.41,2252.68,aligned
401,19,syrjey,2252.68,2253.28,aligned
402,0,va,2254.60,2254.78,aligned
402,1,harry,2254.78,2255.14,aligned
402,2,phalasteen,2255.14,2255.92,aligned
402,3,cloie,2256.52,2256.85,aligned
402,4,yn,2256.85,2256.94,aligned
402,5,secretary,2256.94,2257.72,aligned
402,6,echey,2257.72,2258.05,aligned
403,0,quoi,2258.80,2259.04,aligned
403,1,eisht,2259.04,2259.22,aligned
403,2,va,2259.25,2259.34,aligned
403,3,shoh,2259.34,2259.70,aligned
403,4,oo,2260.78,2260.96,aligned
404,0,lhig,2270.35,2270.59,aligned
404,1,yiass,2272.42,2272.84,aligned
404,2,myr,2272.96,2273.20,aligned
404,3,dooyrt,2273.20,2273.44,aligned
404,4,ee,2273.80,2273.95,aligned
405,0,goldberg,2274.64,2275.54,aligned
405,1,va,2276.14,2276.29,aligned
405,2,cleigh,2276.29,2276.71,aligned
405,3,as,2276.77,2276.95,aligned
406,0,shee,2277.64,2278.33,aligned
406,1,er,2278.33,2278.66,aligned
406,2,guinyn,2279.20,2279.98,aligned
406,3,v'ee,2279.98,2280.31,aligned
406,4,cloie,2280.34,2280.82,aligned
407,0,ayns,2281.57,2281.78,aligned
407,1,yn,2281.78,2281.87,aligned
407,2,ayrn,2281.87,2282.14,aligned
407,3,jeh'n,2282.14,2282.65,aligned
407,4,ven,2283.73,2284.12,aligned
407,5,y,2284.12,2284.18,aligned
407,6,vagher,2284.18,2284.78,aligned
408,0,berlin,2285.80,2286.01,aligned
408,1,ayns,2288.08,2288.38,aligned
408,2,startey,2288.38,2288.86,aligned
408,3,eck,2288.86,2289.10,aligned
408,4,next,2289.16,2289.46,aligned
408,5,jannoo,2289.46,2289.73,aligned
408,6,ish,2289.76,2290.03,aligned
409,0,shen,2290.87,2291.14,aligned
409,1,ny,2291.14,2291.29,aligned
409,2,v'eh,2291.29,2291.44,aligned
409,3,cloie,2291.47,2291.77,aligned
409,4,aitt,2292.61,2293.15,aligned
410,0,mie,2294.02,2294.20,aligned
410,1,dy,2294.20,2294.29,aligned
410,2,liooar,2294.29,2294.59,aligned
410,3,feer,2294.77,2295.01,aligned
410,4,vie,2295.01,2295.28,aligned
410,5,t'eh,2295.31,2295.49,aligned
410,6,traa,2295.49,2295.79,aligned
410,7,dy,2295.79,2295.94,aligned
410,8,goll,2295.97,2296.51,aligned
411,0,as,2297.14,2297.32,aligned
411,1,shen,2297.32,2297.56,aligned
411,2,eh,2297.56,2297.71,aligned
411,3,gura,2297.71,2297.92,aligned
411,4,mie,2297.92,2298.16,aligned
411,5,eu,2298.16,2298.28,aligned
411,6,ooilley,2298.28,2298.55,aligned
411,7,son,2298.55,2298.76,aligned
411,8,cloie,2298.76,2299.06,aligned
411,9,marym,2299.06,2299.39,aligned
411,10,as,2299.39,2299.54,aligned
411,11,son,2299.54,2299.75,aligned
411,12,geaishtagh,2299.75,2300.32,aligned
411,13,reesht,2300.32,2300.56,aligned
411,14,ta,2300.56,2300.68,aligned
411,15,mee,2300.68,2300.83,aligned
411,16,treishteil,2300.83,2301.28,aligned
411,17,dy,2301.28,2301.37,aligned
411,18,row,2301.37,2301.52,aligned
411,19,taitnys,2301.52,2302.00,aligned
411,20,eu,2302.00,2302.21,aligned
411,21,sy,2302.57,2302.69,aligned
411,22,whilst,2302.72,2303.08,aligned
412,0,my,2304.22,2304.34,aligned
412,1,vees,2304.34,2304.49,aligned
412,2,ooilley,2304.52,2304.85,aligned
412,3,dy,2304.85,2305.00,aligned
412,4,mie,2305.00,2305.42,aligned
412,5,beeym,2305.66,2305.84,aligned
412,6,back,2305.84,2306.14,aligned
412,7,yn,2306.14,2306.23,aligned
412,8,chiaghtin,2306.23,2306.62,aligned
412,9,shoh,2306.62,2306.92,aligned
412,10,cheet,2306.92,2307.28,aligned
413,0,gow,2309.05,2309.23,aligned
413,1,shiu,2309.23,2309.44,aligned
413,2,kiarail,2309.44,2309.86,aligned
413,3,jamys,2316.88,2317.24,aligned
413,4,kinry,2317.24,2317.72,aligned
413,5,as,2317.72,2317.87,aligned
413,6,nuy,2317.87,2318.08,aligned
413,7,questionyn,2318.08,2318.74,aligned
413,8,ernynson,2318.74,2319.49,aligned
413,9,ayns,2319.49,2319.64,aligned
414,0,bun,2319.28,2319.49,aligned
414,1,ayns,2319.49,2319.67,aligned
414,2,jamys,2319.67,2320.09,aligned
414,3,jeheiney,2320.09,2320.66,aligned
414,4,fastyr,2322.07,2322.55,aligned
414,5,jedoonee,2322.70,2323.27,aligned
414,6,ayns,2323.27,2323.48,aligned
414,7,goll,2323.48,2323.72,aligned
414,8,as,2323.72,2323.87,aligned
414,9,gaccan,2323.87,2324.47,aligned
414,10,va,2324.83,2325.01,aligned
414,11,arrane,2325.07,2325.46,aligned
414,12,beg,2325.46,2325.70,aligned
414,13,mychione,2325.70,2326.21,aligned
414,14,leighyn,2326.33,2326.81,aligned
414,15,as,2327.29,2327.53,aligned
414,16,ny,2327.53,2327.71,aligned
414,17,t'eh,2327.71,2327.92,aligned
414,18,jannoo,2327.92,2328.25,aligned
414,19,dy,2328.25,2328.40,aligned
414,20,hoilshey,2328.40,2328.79,aligned
414,21,magh,2328.79,2329.12,aligned
414,22,y,2329.12,2329.21,aligned
414,23,fo,2329.21,2329.48,aligned
414,24,neeym,2329.48,2329.78,aligned
415,0,ta,2331.49,2331.55,aligned
415,1,shin,2331.55,2331.73,aligned
415,2,feddyn,2331.73,2332.03,aligned
415,3,magh,2332.03,2332.36,aligned
415,4,ny,2332.36,2332.45,aligned
415,5,fockleyn,2332.45,2332.90,aligned
415,6,voish,2332.90,2333.17,aligned
415,7,fill,2333.17,2333.44,aligned
415,8,goan,2333.44,2333.92,aligned
416,0,as,2334.46,2334.67,aligned
416,1,eisht,2334.67,2335.06,aligned
416,2,teh,2335.15,2335.51,aligned
416,3,dyn,2335.51,2335.72,aligned
416,4,leeideil,2335.72,2336.41,aligned
416,5,trooid,2336.41,2336.74,aligned
416,6,lessoon,2336.74,2337.19,aligned
416,7,elley,2337.19,2337.58,aligned
417,0,goll,2338.51,2338.72,aligned
417,1,as,2338.72,2338.90,aligned
417,2,gaccan,2338.90,2339.29,aligned
417,3,lughee,2340.64,2341.24,aligned
418,0,feed,2358.88,2359.00,aligned
418,1,mish,2359.00,2359.30,aligned
418,2,ren,2359.63,2359.78,aligned
419,0,as,2377.21,2377.42,aligned
420,0,ren,2381.95,2382.19,aligned
420,1,leighyn,2382.19,2382.70,aligned
420,2,sleih,2382.79,2383.42,aligned
420,3,lossreeyn,2384.02,2384.86,aligned
421,0,ren,2385.49,2385.73,aligned
421,1,leighyn,2385.73,2386.21,aligned
421,2,slhee,2386.21,2386.93,aligned
421,3,limonyn,2387.53,2388.25,aligned
422,0,ren,2388.91,2389.15,aligned
422,1,leighyn,2389.15,2389.60,aligned
422,2,sleih,2389.60,2390.14,aligned
422,3,laueanyn,2390.50,2391.22,aligned
422,4,agh,2391.73,2392.00,aligned
422,5,cha,2392.09,2392.33,aligned
422,6,ren,2392.33,2392.66,aligned
422,7,ee,2392.66,2392.90,aligned
422,8,gee,2393.08,2393.53,aligned
422,9,nish,2393.77,2394.31,aligned
423,0,ren,2395.06,2395.27,aligned
423,1,leighyn,2395.27,2395.69,aligned
423,2,sleih,2395.69,2396.29,aligned
423,3,lossreeyn,2396.47,2397.16,aligned
423,4,ren,2397.70,2397.91,aligned
423,5,leighyn,2397.91,2398.33,aligned
423,6,slhee,2398.33,2398.84,aligned
423,7,limonyn,2399.02,2399.65,aligned
423,8,ny,2400.01,2400.10,aligned
423,9,leighyn,2400.16,2400.64,aligned
423,10,sleih,2400.64,2401.15,aligned
423,11,laueanyn,2401.33,2401.96,aligned
423,12,agh,2402.38,2402.59,aligned
423,13,cha,2402.59,2402.68,aligned
423,14,ren,2402.68,2402.98,aligned
423,15,eh,2402.98,2403.13,aligned
423,16,gee,2403.13,2403.49,aligned
423,17,nish,2403.49,2403.94,aligned
424,0,cha,2413.36,2413.54,aligned
424,1,row,2416.24,2416.33,aligned
425,0,aw,2424.70,2424.91,aligned
426,0,cha,2431.90,2432.11,aligned
426,1,nel,2432.59,2432.74,aligned
427,0,as,2441.23,2441.47,aligned
428,0,goll,2454.97,2455.15,aligned
428,1,as,2455.15,2455.33,aligned
428,2,gaccan,2455.33,2455.84,aligned
428,3,erlhiam,2465.05,2465.44,aligned
429,0,annagh,2465.41,2465.74,aligned
429,1,vel,2465.74,2465.95,aligned
429,2,eh,2465.95,2466.04,aligned
429,3,feayr,2466.04,2466.46,aligned
429,4,jiu,2466.46,2466.85,aligned
429,5,erlhiam,2467.30,2467.99,aligned
429,6,nagh,2468.05,2468.41,aligned
429,7,vel,2468.41,2468.68,aligned
429,8,eh,2468.68,2468.80,aligned
429,9,feayr,2468.80,2469.28,aligned
429,10,jiu,2469.28,2469.64,aligned
430,0,as,2471.02,2471.17,aligned
430,1,ta,2471.17,2471.35,aligned
430,2,mee,2471.35,2471.53,aligned
430,3,geearree,2471.62,2472.19,aligned
430,4,jeeaghyn,2472.61,2473.09,aligned
430,5,er,2473.09,2473.27,aligned
430,6,ny,2473.27,2473.39,aligned
430,7,blaaghyn,2473.39,2474.08,aligned
430,8,uss,2474.08,2474.32,aligned
430,9,ny,2474.32,2474.44,aligned
430,10,cleighyn,2474.44,2474.98,aligned
430,11,as,2475.46,2475.61,aligned
430,12,ta,2475.61,2475.79,aligned
430,13,mee,2475.79,2475.97,aligned
430,14,geearree,2475.97,2476.36,aligned
430,15,jeeaghyn,2476.75,2477.20,aligned
430,16,er,2477.26,2477.44,aligned
430,17,ny,2477.44,2477.56,aligned
430,18,blaaghyn,2477.56,2478.13,aligned
430,19,ayns,2478.28,2478.58,aligned
430,20,ny,2478.58,2478.73,aligned
430,21,cleighyn,2478.73,2479.33,aligned
430,22,ta,2479.63,2480.29,aligned
430,23,mee,2480.56,2480.86,aligned
430,24,scuirr,2480.95,2481.58,aligned
431,0,veih,2481.43,2481.73,aligned
431,1,shooyl,2481.73,2482.12,aligned
431,2,ta,2482.60,2483.05,aligned
431,3,mee,2483.26,2483.59,aligned
431,4,scuirr,2483.59,2484.16,aligned
431,5,veih,2484.16,2484.37,aligned
431,6,shooyl,2484.37,2484.76,aligned
431,7,erlhiam,2485.18,2485.66,aligned
431,8,nagh,2485.66,2486.02,aligned
431,9,vel,2486.02,2486.23,aligned
431,10,eh,2486.23,2486.35,aligned
431,11,feayr,2486.35,2486.80,aligned
431,12,jiu,2486.80,2487.22,aligned
432,0,as,2487.79,2488.00,aligned
432,1,ta,2488.00,2488.18,aligned
432,2,mee,2488.18,2488.39,aligned
432,3,geearree,2488.39,2489.02,aligned
432,4,jeeaghyn,2489.02,2489.53,aligned
432,5,er,2489.53,2489.68,aligned
432,6,ny,2489.68,2489.80,aligned
432,7,blaaghyn,2489.80,2490.43,aligned
432,8,uss,2490.43,2490.67,aligned
432,9,ny,2490.67,2490.79,aligned
432,10,cleighyn,2490.79,2491.30,aligned
433,0,ta,2492.41,2492.53,aligned
433,1,mee,2492.53,2492.68,aligned
433,2,scuirr,2492.68,2493.34,aligned
433,3,veih,2493.37,2493.67,aligned
433,4,shooyl,2493.67,2494.09,aligned
434,0,erlhiam,2494.93,2495.41,aligned
434,1,nagh,2495.41,2495.74,aligned
434,2,vel,2495.74,2495.95,aligned
434,3,eh,2495.95,2496.07,aligned
434,4,feayr,2496.07,2496.46,aligned
434,5,jiu,2496.46,2496.82,aligned
434,6,as,2497.39,2497.57,aligned
434,7,ta,2497.57,2497.75,aligned
434,8,mee,2497.75,2497.93,aligned
434,9,geearree,2497.93,2498.41,aligned
434,10,jeeaghyn,2498.41,2498.89,aligned
434,11,er,2498.89,2499.22,aligned
434,12,ny,2499.52,2499.67,aligned
434,13,blaaghyn,2499.67,2500.36,aligned
434,14,ayns,2500.42,2500.66,aligned
434,15,ny,2500.69,2500.81,aligned
434,16,cleighyn,2500.81,2501.35,aligned
434,17,ta,2501.65,2502.34,aligned
434,18,mee,2502.34,2502.49,aligned
434,19,scuirr,2502.49,2502.91,aligned
434,20,veih,2502.94,2503.18,aligned
434,21,shooyl,2503.18,2503.60,aligned
435,0,goll,2519.38,2519.56,aligned
435,1,as,2519.56,2519.74,aligned
435,2,gaccan,2519.74,2520.40,aligned
435,3,phil,2521.21,2521.36,aligned
435,4,gawne,2521.36,2521.75,aligned
435,5,ayns,2521.75,2521.96,aligned
435,6,goll,2521.96,2522.26,aligned
435,7,as,2522.26,2522.41,aligned
435,8,gaccan,2522.41,2522.92,aligned
435,9,yn,2523.19,2523.28,aligned
435,10,chlaare,2523.28,2523.67,aligned
435,11,shen,2523.67,2523.97,aligned
435,12,t'eh,2523.97,2524.21,aligned
435,13,chebbal,2524.21,2524.69,aligned
435,14,marish,2524.69,2525.02,aligned
435,15,simon,2525.02,2525.41,aligned
435,16,clarke,2525.41,2525.89,aligned
436,0,lurg,2527.45,2527.63,aligned
436,1,shen,2527.63,2528.14,aligned
436,2,ayns,2528.14,2528.38,aligned
436,3,claare,2528.38,2528.74,aligned
436,4,ny,2528.74,2528.83,aligned
436,5,gael,2528.83,2529.22,aligned
436,6,va,2529.22,2529.37,aligned
436,7,skeayleyery,2529.37,2530.03,aligned
436,8,ain,2530.03,2530.33,aligned
436,9,chyndaait,2530.48,2530.99,aligned
436,10,sy,2530.99,2531.20,aligned
436,11,ghaelg,2531.20,2531.47,aligned
436,12,veihn,2531.47,2531.80,aligned
436,13,vaarle,2531.80,2532.10,aligned
436,14,va,2532.28,2532.37,aligned
436,15,scruit,2532.37,2532.73,aligned
436,16,toshiaght,2532.73,2533.36,aligned
436,17,ec,2533.36,2533.54,aligned
436,18,david,2533.54,2533.96,aligned
436,19,boggey,2533.96,2534.44,aligned
437,0,skeaylee,2535.25,2536.15,aligned
437,1,ta,2536.15,2536.33,aligned
437,2,enmyssit,2536.33,2536.93,aligned
437,3,ny,2537.32,2537.44,aligned
437,4,jean,2537.44,2537.68,aligned
437,5,briwnys,2537.68,2538.25,aligned
437,6,er,2538.25,2538.37,aligned
437,7,lioar,2538.46,2538.94,aligned
437,8,rere,2539.24,2539.63,aligned
437,9,y,2539.63,2539.69,aligned
437,10,coodagh,2539.69,2540.29,aligned
438,0,ta,2547.28,2547.43,aligned
438,1,mee,2547.43,2547.58,aligned
438,2,screeu,2547.58,2548.03,aligned
438,3,skeeal,2548.03,2548.57,aligned
438,4,bea,2548.57,2549.02,aligned
438,5,cheau,2549.02,2549.38,aligned
438,6,prentit,2549.38,2550.04,aligned
438,7,ren,2550.52,2550.76,aligned
438,8,cosney,2550.76,2551.51,aligned
438,9,cronchor,2551.54,2552.26,aligned
438,10,blein,2552.26,2552.65,aligned
438,11,ny,2552.65,2552.77,aligned
438,12,ghaa,2552.77,2553.04,aligned
438,13,er,2553.04,2553.13,aligned
438,14,dy,2553.13,2553.37,aligned
438,15,henney,2553.37,2553.70,aligned
439,0,she,2554.90,2555.35,aligned
439,1,coyrle,2555.38,2555.83,aligned
439,2,y,2555.83,2555.92,aligned
439,3,ven,2555.92,2556.34,aligned
439,4,tessen,2556.46,2556.94,aligned
439,5,va'n,2556.94,2557.15,aligned
439,6,ennym,2557.15,2557.51,aligned
439,7,ny,2557.93,2558.05,aligned
439,8,jean,2558.05,2558.32,aligned
439,9,briwnys,2558.32,2558.83,aligned
439,10,er,2558.83,2559.01,aligned
439,11,lioar,2559.01,2559.52,aligned
439,12,rere,2559.64,2559.88,aligned
439,13,dty,2559.88,2559.97,aligned
439,14,choodagh,2560.00,2560.57,aligned
440,0,shallee,2561.86,2562.49,aligned
440,1,fardailagh,2562.49,2563.36,aligned
440,2,my,2563.36,2563.48,aligned
440,3,ta,2563.48,2563.57,aligned
440,4,shin,2563.57,2563.75,aligned
440,5,gra,2563.75,2564.02,aligned
440,6,rish,2564.02,2564.23,aligned
440,7,sy,2564.23,2564.38,aligned
440,8,cheird,2564.38,2564.77,aligned
440,9,clouit,2564.86,2565.25,aligned
440,10,oc,2565.25,2565.46,aligned
440,11,hene,2565.46,2565.82,aligned
440,12,agh,2566.15,2566.54,aligned
440,13,oddagh,2566.99,2567.32,aligned
440,14,adsyn,2567.32,2567.65,aligned
440,15,fordrail,2567.65,2568.25,aligned
440,16,eh,2568.25,2568.43,aligned
441,0,va,2570.56,2570.65,aligned
441,1,ta,2570.65,2570.80,aligned
441,2,sy,2570.80,2570.98,aligned
441,3,smooinaghtyn,2570.98,2571.46,aligned
441,4,dy,2571.46,2571.55,aligned
441,5,beagh,2571.55,2571.88,aligned
441,6,aght,2571.88,2572.21,aligned
441,7,da,2572.21,2572.45,aligned
441,8,son,2572.45,2572.72,aligned
441,9,hiu,2572.72,2573.02,aligned
441,10,dy,2573.02,2573.17,aligned
441,11,cheau,2573.17,2573.47,aligned
441,12,traa,2573.47,2574.07,aligned
441,13,nish,2574.22,2574.58,aligned
441,14,v'eh,2574.58,2574.79,aligned
441,15,ny,2574.82,2574.97,aligned
441,16,haaue,2574.97,2575.30,aligned
442,0,foddey,2576.56,2576.95,aligned
442,1,veih'n,2576.95,2577.28,aligned
442,2,chied,2577.28,2577.61,aligned
442,3,lioar,2577.61,2577.91,aligned
442,4,aym,2577.91,2578.21,aligned
442,5,bea,2578.54,2578.87,aligned
442,6,myr,2579.08,2579.50,aligned
442,7,yohanan,2579.50,2579.95,aligned
443,0,jee,2580.76,2581.15,aligned
443,1,ren,2581.15,2581.42,aligned
443,2,dty,2581.42,2581.54,aligned
443,3,times,2581.54,2582.05,aligned
443,4,lit,2582.05,2582.26,aligned
443,5,ree,2582.26,2582.47,aligned
443,6,solomon,2582.47,2582.95,aligned
443,7,gra,2582.95,2583.40,aligned
444,0,slane,2584.72,2585.17,aligned
444,1,ronsagh,2585.20,2585.80,aligned
444,2,ayn,2585.80,2586.10,aligned
444,3,lane,2586.46,2586.88,aligned
444,4,dy,2586.88,2587.00,aligned
444,5,vynphointyn,2587.00,2587.84,aligned
444,6,jeh,2587.84,2588.11,aligned
444,7,bea,2588.26,2588.68,aligned
444,8,laaoil,2588.68,2589.28,aligned
444,9,ronseyder,2589.40,2590.00,aligned
444,10,bunnys,2590.03,2590.42,aligned
444,11,jarroodit,2590.42,2591.08,aligned
444,12,ass,2591.32,2591.68,aligned
444,13,yn,2591.68,2591.80,aligned
444,14,norlann,2591.80,2592.34,aligned
445,0,slane,2594.17,2594.56,aligned
445,1,ronsagh,2594.59,2595.34,aligned
445,2,dy,2595.34,2595.43,aligned
445,3,jarroo,2595.43,2595.91,aligned
445,4,lurg,2597.08,2597.35,aligned
445,5,shirrey,2597.35,2597.74,aligned
445,6,doallee,2597.74,2598.19,aligned
445,7,hooar,2598.22,2598.55,aligned
445,8,mee,2598.55,2598.73,aligned
445,9,y,2598.73,2598.82,aligned
445,10,neen,2598.82,2599.15,aligned
445,11,echey,2599.15,2599.48,aligned
445,12,as,2599.60,2599.75,aligned
445,13,ish,2599.75,2600.02,aligned
445,14,nish,2600.08,2600.47,aligned
445,15,ny,2600.47,2600.62,aligned
445,16,shinney,2600.62,2600.95,aligned
445,17,na,2600.95,2601.10,aligned
445,18,kiare,2601.10,2601.40,aligned
445,19,feed,2601.40,2601.64,aligned
445,20,blein,2601.64,2601.97,aligned
445,21,as,2601.97,2602.12,aligned
445,22,jeih,2602.12,2602.54,aligned
445,23,dy,2602.54,2602.72,aligned
445,24,eash,2602.72,2603.11,aligned
446,0,as,2603.80,2604.01,aligned
446,1,ish,2604.01,2604.31,aligned
446,2,ayns,2604.34,2604.58,aligned
446,3,commyoon,2604.58,2605.06,aligned
446,4,dy,2605.06,2605.18,aligned
446,5,yordan,2605.21,2605.75,aligned
446,6,my,2605.87,2606.05,aligned
446,7,hwoaie,2606.05,2606.41,aligned
446,8,veih,2606.41,2606.59,aligned
446,9,trome,2606.59,2606.92,aligned
446,10,time,2606.92,2607.34,aligned
447,0,boayl,2608.00,2608.30,aligned
447,1,ren,2608.30,2608.57,aligned
447,2,mish,2608.57,2608.81,aligned
447,3,surranse,2608.81,2609.29,aligned
447,4,liorish,2609.32,2609.62,aligned
447,5,greme,2609.62,2610.04,aligned
447,6,rioee,2610.04,2610.46,aligned
447,7,ayns,2610.46,2610.64,aligned
447,8,shey,2610.64,2611.00,aligned
447,9,meir,2611.00,2611.27,aligned
447,10,choshey,2611.27,2611.75,aligned
448,0,v'eh,2613.04,2613.19,aligned
448,1,jeeaghyn,2613.19,2613.55,aligned
448,2,nagh,2613.55,2613.67,aligned
448,3,row,2613.67,2613.85,aligned
448,4,monney,2613.85,2614.12,aligned
448,5,argid,2614.18,2614.60,aligned
448,6,ry,2614.60,2614.72,aligned
448,7,gheddyn,2614.75,2615.08,aligned
448,8,ass,2615.08,2615.26,aligned
448,9,ronsaghey,2615.26,2615.95,aligned
448,10,ard,2616.10,2616.43,aligned
448,11,y,2616.43,2616.52,aligned
448,12,twoaie,2616.52,2616.91,aligned
449,0,va,2618.56,2618.92,aligned
449,1,va,2619.10,2619.19,aligned
449,2,glascu,2619.19,2619.61,aligned
449,3,heral,2619.61,2619.94,aligned
449,4,toiggal,2619.94,2620.33,aligned
449,5,y,2620.33,2620.36,aligned
449,6,chooish,2620.36,2620.75,aligned
449,7,tra,2620.75,2620.99,aligned
449,8,dooyrt,2620.99,2621.35,aligned
449,9,eh,2621.35,2621.62,aligned
450,0,shoh,2622.40,2623.00,aligned
450,1,ny,2623.00,2623.12,aligned
450,2,lioar,2623.12,2623.60,aligned
450,3,son,2623.60,2623.84,aligned
450,4,peiagh,2623.84,2624.23,aligned
450,5,erbee,2624.23,2624.80,aligned
450,6,vees,2625.25,2625.43,aligned
450,7,geearree,2625.43,2625.79,aligned
450,8,fys,2625.79,2626.30,aligned
450,9,er,2626.54,2626.75,aligned
450,10,ny,2626.75,2626.90,aligned
450,11,ta,2626.90,2627.08,aligned
450,12,ronseyderyn,2627.08,2627.83,aligned
450,13,ard,2627.83,2628.13,aligned
450,14,y,2628.13,2628.22,aligned
450,15,twoaie,2628.22,2628.64,aligned
450,16,gee,2629.12,2629.48,aligned
450,17,son,2629.48,2629.72,aligned
450,18,yn,2629.72,2629.84,aligned
450,19,anjeeal,2629.84,2630.38,aligned
450,20,oc,2630.38,2630.59,aligned
451,0,ren,2632.48,2632.66,aligned
451,1,y,2632.66,2632.72,aligned
451,2,fembleyder,2632.72,2633.35,aligned
451,3,aym,2633.35,2633.71,aligned
451,4,ayns,2633.71,2633.92,aligned
451,5,lioaryn,2633.95,2634.31,aligned
451,6,urley,2634.43,2634.88,aligned
451,7,cormaghey,2635.30,2635.84,aligned
451,8,dou,2635.84,2636.05,aligned
451,9,dy,2636.05,2636.20,aligned
451,10,chur,2636.20,2636.41,aligned
451,11,eab,2636.44,2636.77,aligned
451,12,er,2636.77,2636.89,aligned
451,13,red,2636.89,2637.04,aligned
451,14,ennagh,2637.04,2637.37,aligned
451,15,smoo,2637.37,2637.79,aligned
451,16,ennoil,2637.88,2638.54,aligned
452,0,as,2639.32,2639.47,aligned
452,1,magh,2639.47,2639.80,aligned
452,2,ass,2639.80,2639.95,aligned
452,3,shen,2639.95,2640.25,aligned
452,4,haink,2640.25,2640.43,aligned
452,5,skeayley,2640.43,2640.88,aligned
452,6,ve,2640.88,2641.12,aligned
452,7,hene,2641.15,2641.54,aligned
452,8,scruit,2641.69,2641.99,aligned
452,9,dy,2642.05,2642.14,aligned
452,10,scaanagh,2642.14,2642.83,aligned
452,11,liorish,2643.07,2643.43,aligned
452,12,bass,2643.64,2644.00,aligned
452,13,stone,2644.00,2644.51,aligned
452,14,eer,2644.90,2645.26,aligned
452,15,y,2645.35,2645.41,aligned
452,16,reireyder,2645.41,2645.95,aligned
452,17,marish,2645.95,2646.46,aligned
452,18,scowan,2646.61,2647.27,aligned
452,19,yiarn,2647.27,2647.84,aligned
453,0,va,2648.98,2649.07,aligned
453,1,mee,2649.07,2649.19,aligned
453,2,goaill,2649.19,2649.43,aligned
453,3,moyrn,2649.43,2649.82,aligned
453,4,dy,2649.82,2649.94,aligned
453,5,liooar,2649.94,2650.24,aligned
453,6,ass,2650.24,2650.48,aligned
453,7,jee,2650.78,2651.11,aligned
453,8,fo,2651.11,2651.47,aligned
453,9,clagh,2651.47,2652.07,aligned
454,0,agh,2652.61,2652.88,aligned
454,1,haink,2652.91,2653.09,aligned
454,2,cumrail,2653.09,2653.57,aligned
454,3,er,2653.57,2653.75,aligned
454,4,clou,2653.78,2654.11,aligned
454,5,eh,2654.11,2654.26,aligned
454,6,er-coontey,2654.26,2654.74,aligned
454,7,cooish,2654.77,2655.22,aligned
454,8,va,2655.28,2655.40,aligned
454,9,foast,2655.40,2655.73,aligned
454,10,goll,2655.73,2655.94,aligned
454,11,er,2655.94,2656.21,aligned
454,12,roish,2656.21,2656.45,aligned
454,13,quaiyl,2656.48,2656.90,aligned
455,0,haink,2657.86,2658.07,aligned
455,1,eh,2658.07,2658.16,aligned
455,2,magh,2658.16,2658.55,aligned
455,3,dy,2658.55,2658.64,aligned
455,4,vel,2658.64,2658.82,aligned
455,5,ymmodee,2658.88,2659.21,aligned
455,6,feer,2659.21,2659.54,aligned
455,7,jeean,2659.57,2659.90,aligned
455,8,son,2659.90,2660.20,aligned
455,9,ny,2660.20,2660.26,aligned
455,10,scowan,2660.29,2660.83,aligned
455,11,yiarn,2660.83,2661.31,aligned
455,12,syn,2661.55,2661.76,aligned
455,13,eash,2661.76,2662.09,aligned
455,14,y,2662.09,2662.15,aligned
455,15,hiarn,2662.18,2662.54,aligned
455,16,ass,2662.54,2662.96,aligned
456,0,as,2663.50,2663.62,aligned
456,1,ayns,2663.62,2663.83,aligned
456,2,shen,2663.83,2664.22,aligned
456,3,va,2664.22,2664.37,aligned
456,4,cubbon,2664.37,2664.94,aligned
456,5,gyn,2664.94,2665.21,aligned
456,6,kied,2665.21,2665.63,aligned
456,7,goll,2665.66,2665.90,aligned
456,8,er,2665.90,2666.02,aligned
456,9,creck,2666.02,2666.35,aligned
456,10,dy,2666.35,2666.47,aligned
456,11,mie,2666.47,2666.89,aligned
457,0,cha,2667.55,2667.64,aligned
457,1,dug,2667.64,2667.85,aligned
457,2,ad,2667.85,2667.94,aligned
457,3,geill,2667.94,2668.24,aligned
457,4,erbee,2668.24,2668.66,aligned
457,5,da,2668.66,2668.78,aligned
457,6,cooishyn,2668.81,2669.17,aligned
457,7,laaoil,2669.17,2669.80,aligned
458,0,noddym,2670.37,2670.61,aligned
458,1,foalley,2670.61,2671.18,aligned
458,2,noadyr,2671.18,2671.69,aligned
458,3,myr,2672.89,2673.01,aligned
458,4,shoh,2673.01,2673.40,aligned
458,5,rieau,2673.88,2674.12,aligned
458,6,prentit,2674.12,2674.69,aligned
459,0,ren,2675.26,2675.56,aligned
459,1,cosney,2675.56,2676.22,aligned
459,2,three,2676.31,2676.55,aligned
459,3,feed,2676.55,2676.82,aligned
459,4,as,2676.82,2676.97,aligned
459,5,queig,2677.00,2677.24,aligned
459,6,millioon,2677.24,2677.90,aligned
459,7,euro,2677.93,2678.47,aligned
459,8,sy,2678.47,2678.65,aligned
459,9,chronchor,2678.68,2679.37,aligned
460,0,lurg,2681.23,2681.44,aligned
460,1,dou,2681.44,2681.62,aligned
460,2,cosney,2681.62,2682.28,aligned
460,3,ren,2682.37,2682.58,aligned
460,4,eshyn,2682.58,2682.88,aligned
460,5,as,2682.88,2683.06,aligned
460,6,e,2683.06,2683.12,aligned
460,7,ven,2683.12,2683.36,aligned
460,8,scughey,2683.36,2683.90,aligned
460,9,veih,2683.90,2684.26,aligned
461,0,va'n,2684.80,2684.95,aligned
461,1,tree,2684.95,2685.22,aligned
461,2,boght,2685.22,2685.76,aligned
461,3,gys,2686.12,2686.39,aligned
461,4,badminton,2686.60,2687.14,aligned
461,5,berchagh,2687.20,2687.95,aligned
461,6,ayns,2687.95,2688.22,aligned
461,7,y,2688.22,2688.31,aligned
461,8,lieh-inshey,2688.34,2688.97,aligned
461,9,will,2688.97,2689.30,aligned
462,0,cha,2690.62,2690.71,aligned
462,1,row,2690.71,2690.92,aligned
462,2,shiu,2690.92,2691.25,aligned
462,3,goaill,2691.25,2691.52,aligned
462,4,foddeeaght,2691.52,2692.15,aligned
462,5,son,2692.15,2692.42,aligned
462,6,startey,2692.42,2692.99,aligned
462,7,echey,2692.99,2693.23,aligned
462,8,ayns,2693.23,2693.56,aligned
462,9,thie,2693.56,2693.80,aligned
462,10,stoyr,2693.80,2694.28,aligned
462,11,feer,2694.28,2694.64,aligned
462,12,vooar,2694.64,2695.00,aligned
462,13,aaheeanagh,2695.06,2695.90,aligned
462,14,faggys,2695.90,2696.32,aligned
462,15,da'n,2696.32,2696.47,aligned
462,16,aym,2696.53,2696.77,aligned
462,17,nane,2696.77,2697.19,aligned
463,0,agh,2698.21,2698.57,aligned
463,1,va,2698.72,2698.84,aligned
463,2,y,2699.26,2699.32,aligned
463,3,fo,2699.32,2699.59,aligned
463,4,shirrey,2699.59,2699.95,aligned
463,5,ynnyd,2699.98,2700.40,aligned
463,6,mastey,2700.40,2700.79,aligned
463,7,mraane,2700.79,2701.15,aligned
463,8,sheshey,2701.15,2701.57,aligned
463,9,ny,2701.57,2701.69,aligned
463,10,briwnyn,2701.69,2702.32,aligned
463,11,as,2702.32,2702.50,aligned
463,12,ny,2702.50,2702.62,aligned
463,13,fir,2702.62,2703.01,aligned
463,14,lhee,2703.01,2703.19,aligned
463,15,obbraid,2703.19,2703.61,aligned
463,16,other,2703.61,2703.94,aligned
463,17,eaddagh,2704.00,2704.60,aligned
463,18,as,2704.90,2705.05,aligned
463,19,ollooyn,2705.05,2705.56,aligned
463,20,ollooscoill,2705.56,2706.34,aligned
463,21,va,2706.61,2706.82,aligned
463,22,nyn,2706.82,2707.03,aligned
463,23,naboonyn,2707.03,2707.66,aligned
463,24,jee,2707.66,2707.93,aligned
464,0,va,2709.34,2709.46,aligned
464,1,eddin,2709.46,2709.76,aligned
464,2,chenjal,2709.76,2710.27,aligned
464,3,ec,2710.27,2710.42,aligned
464,4,tessen,2710.42,2710.72,aligned
464,5,prentit,2710.72,2711.35,aligned
465,0,v'ee,2712.10,2712.46,aligned
465,1,er,2712.46,2712.64,aligned
465,2,vooadaghey,2712.64,2713.12,aligned
465,3,ayns,2713.12,2713.36,aligned
465,4,mean,2713.36,2713.63,aligned
465,5,eash,2713.63,2714.08,aligned
465,6,as,2714.65,2714.77,aligned
465,7,she,2714.77,2714.95,aligned
465,8,trieys,2715.04,2715.55,aligned
465,9,bea,2715.58,2716.03,aligned
465,10,nagh,2716.45,2716.60,aligned
465,11,row,2716.60,2716.78,aligned
465,12,paitchyn,2716.78,2717.29,aligned
465,13,eck,2717.29,2717.53,aligned
466,0,veagh,2718.88,2719.27,aligned
466,1,skeeal,2719.33,2719.75,aligned
466,2,er,2719.75,2719.84,aligned
466,3,bea,2719.84,2720.26,aligned
466,4,aashagh,2720.41,2721.04,aligned
466,5,dy,2721.04,2721.16,aligned
466,6,scrieu,2721.16,2721.67,aligned
467,0,smoo,2722.51,2722.84,aligned
467,1,doillee,2722.84,2723.35,aligned
467,2,va,2723.35,2723.50,aligned
467,3,feddyn,2723.50,2723.80,aligned
467,4,magh,2723.80,2724.10,aligned
467,5,mychione,2724.10,2724.52,aligned
467,6,hiu,2724.55,2724.94,aligned
468,0,va,2726.59,2726.71,aligned
468,1,mee,2726.71,2726.86,aligned
468,2,my,2726.86,2726.98,aligned
468,3,hoie,2726.98,2727.31,aligned
468,4,ayns,2727.31,2727.55,aligned
468,5,shamyr,2727.55,2728.00,aligned
468,6,hie,2728.03,2728.42,aligned
468,7,ny,2728.42,2728.54,aligned
468,8,princessyn,2728.54,2729.20,aligned
469,0,as,2729.74,2729.89,aligned
469,1,lioar,2729.89,2730.25,aligned
469,2,screeuee,2730.25,2730.88,aligned
469,3,er,2730.88,2731.03,aligned
469,4,yn,2731.03,2731.15,aligned
469,5,aght,2731.15,2731.39,aligned
469,6,aym,2731.39,2731.57,aligned
469,7,lesh,2732.44,2732.68,aligned
469,8,reayrt,2732.68,2733.25,aligned
469,9,trooid,2733.34,2733.61,aligned
469,10,yn,2733.61,2733.73,aligned
469,11,uinnag,2733.73,2734.09,aligned
469,12,mooar,2734.09,2734.51,aligned
469,13,jeh,2734.51,2734.75,aligned
469,14,magheryn,2734.75,2735.26,aligned
469,15,cloie,2735.26,2735.62,aligned
469,16,scoill,2735.62,2736.10,aligned
469,17,sy,2736.25,2736.46,aligned
469,18,foddid,2736.46,2737.00,aligned
470,0,va,2738.38,2738.47,aligned
470,1,greie-recortys,2738.47,2739.34,aligned
470,2,agh,2739.34,2739.58,aligned
470,3,aym,2739.58,2739.85,aligned
470,4,myr,2740.06,2740.15,aligned
470,5,shoh,2740.15,2740.45,aligned
470,6,cha,2740.45,2740.57,aligned
470,7,row,2740.57,2740.81,aligned
470,8,feme,2740.81,2741.35,aligned
470,9,aym,2741.35,2741.50,aligned
470,10,er,2741.50,2741.68,aligned
470,11,lioar,2741.71,2742.01,aligned
470,12,screeuee,2742.01,2742.52,aligned
471,0,agh,2743.03,2743.36,aligned
471,1,hooar,2743.45,2743.66,aligned
471,2,mee,2743.66,2743.84,aligned
471,3,magh,2743.84,2744.14,aligned
471,4,dy,2744.14,2744.26,aligned
471,5,row,2744.26,2744.38,aligned
471,6,screeu,2744.41,2744.98,aligned
471,7,dy,2745.07,2745.16,aligned
471,8,breeoil,2745.16,2745.76,aligned
472,0,greinnaghey,2746.30,2746.78,aligned
472,1,sleih,2746.78,2747.17,aligned
472,2,dy,2747.17,2747.29,aligned
472,3,loayrt,2747.29,2747.74,aligned
472,4,agh,2748.58,2748.73,aligned
472,5,tra,2748.76,2749.15,aligned
472,6,nagh,2749.15,2749.33,aligned
472,7,row,2749.33,2749.54,aligned
472,8,mee,2749.54,2749.72,aligned
472,9,agh,2749.72,2749.93,aligned
472,10,soie,2749.93,2750.35,aligned
472,11,ayns,2750.35,2750.56,aligned
472,12,shen,2750.56,2750.95,aligned
472,13,v'ad,2751.43,2751.67,aligned
472,14,cheet,2751.67,2752.00,aligned
472,15,dy,2752.00,2752.09,aligned
472,16,ve,2752.09,2752.30,aligned
472,17,nyn,2752.30,2752.48,aligned
472,18,dhost,2752.48,2752.96,aligned
473,0,agh,2754.37,2754.58,aligned
473,1,cha,2754.58,2754.67,aligned
473,2,row,2754.67,2754.85,aligned
473,3,shen,2754.85,2755.18,aligned
473,4,myr,2755.18,2755.39,aligned
473,5,ve,2755.39,2755.66,aligned
473,6,lesh,2755.66,2755.87,aligned
473,7,shiu,2755.87,2756.11,aligned
473,8,prentit,2756.11,2756.71,aligned
474,0,cha,2757.31,2757.64,aligned
474,1,dooar,2757.64,2758.03,aligned
474,2,mee,2758.03,2758.27,aligned
474,3,magh,2758.27,2758.72,aligned
474,4,veg,2758.87,2759.26,aligned
474,5,chouds,2759.29,2759.74,aligned
474,6,nish,2759.77,2760.25,aligned
474,7,agh,2760.25,2760.43,aligned
474,8,cre,2760.52,2760.82,aligned
474,9,cho,2760.85,2761.09,aligned
474,10,liauyr,2761.09,2761.51,aligned
474,11,va'n,2761.51,2761.69,aligned
474,12,laa,2761.69,2762.11,aligned
474,13,ceaut,2762.26,2762.74,aligned
474,14,ayns,2762.80,2763.01,aligned
474,15,thie,2763.01,2763.37,aligned
474,16,stoyr,2763.37,2763.82,aligned
474,17,amazon,2763.85,2764.33,aligned
475,0,v'eh,2765.53,2765.68,aligned
475,1,scuirr,2765.68,2766.10,aligned
475,2,dy,2766.10,2766.25,aligned
475,3,bollagh,2766.25,2766.70,aligned
475,4,tra,2766.70,2766.97,aligned
475,5,nagh,2766.97,2767.12,aligned
475,6,row,2767.12,2767.36,aligned
475,7,y,2767.36,2767.45,aligned
475,8,venheshey,2767.45,2768.17,aligned
475,9,ayn,2768.17,2768.50,aligned
476,0,myr,2769.04,2769.28,aligned
476,1,dy,2769.28,2769.46,aligned
476,2,beign,2769.46,2770.00,aligned
476,3,mummog,2770.03,2770.51,aligned
476,4,ayns,2770.51,2770.75,aligned
476,5,y,2770.75,2770.81,aligned
476,6,chamyr,2770.81,2771.32,aligned
477,0,va,2772.88,2773.24,aligned
477,1,yn,2773.30,2773.45,aligned
477,2,ennaghtyn,2773.45,2773.99,aligned
477,3,ta,2773.99,2774.14,aligned
477,4,ry,2774.14,2774.23,aligned
477,5,gheddyn,2774.26,2774.59,aligned
477,6,ayns,2774.59,2774.83,aligned
477,7,thie,2774.89,2775.34,aligned
477,8,treigit,2775.34,2776.06,aligned
477,9,gyn,2776.39,2776.63,aligned
477,10,peiagh,2776.63,2777.02,aligned
477,11,erbee,2777.02,2777.38,aligned
477,12,sthie,2777.38,2777.95,aligned
478,0,vel,2779.99,2780.14,aligned
478,1,oo,2780.14,2780.23,aligned
478,2,er,2780.23,2780.32,aligned
478,3,ninsh,2780.32,2780.65,aligned
478,4,da,2780.65,2780.89,aligned
478,5,mychione,2780.89,2781.28,aligned
478,6,ny,2781.28,2781.40,aligned
478,7,troailtee,2781.40,2781.88,aligned
478,8,traa,2781.88,2782.27,aligned
478,9,foast,2782.27,2782.78,aligned
478,10,as,2783.05,2783.23,aligned
478,11,ta,2783.23,2783.38,aligned
479,0,choud's,2784.01,2784.40,aligned
479,1,ren,2784.40,2784.61,aligned
479,2,ee,2784.61,2784.70,aligned
479,3,fo-stroo,2784.70,2785.24,aligned
479,4,stiagh,2785.24,2785.75,aligned
479,5,lesh,2785.75,2785.96,aligned
479,6,meaderyn,2785.96,2786.38,aligned
479,7,dy,2786.38,2786.53,aligned
479,8,hea,2786.53,2786.83,aligned
479,9,as,2786.83,2787.07,aligned
479,10,brishtagyn,2787.25,2787.85,aligned
479,11,ayns,2787.85,2788.12,aligned
479,12,deiney,2788.12,2788.54,aligned
480,0,ta,2789.98,2790.04,aligned
480,1,mee,2790.04,2790.19,aligned
480,2,sheiltyn,2790.19,2790.64,aligned
480,3,dy,2790.64,2790.73,aligned
480,4,voddym,2790.73,2791.06,aligned
480,5,cosney,2791.06,2791.63,aligned
480,6,skeealyn,2791.63,2792.26,aligned
480,7,erskyn,2792.26,2792.62,aligned
480,8,coontey,2792.65,2793.10,aligned
480,9,ass,2793.10,2793.28,aligned
480,10,cooinaghtyn,2793.28,2793.70,aligned
481,0,ny,2795.14,2795.23,aligned
481,1,shenn,2795.23,2795.53,aligned
481,2,ayraghyn,2795.53,2796.01,aligned
481,3,eck,2796.01,2796.31,aligned
481,4,yn,2796.79,2796.91,aligned
481,5,ayr,2797.00,2797.30,aligned
481,6,eck,2797.30,2797.60,aligned
481,7,assaaragh,2797.60,2798.38,aligned
481,8,e,2798.77,2798.83,aligned
481,9,voir,2798.83,2799.34,aligned
481,10,ren,2799.55,2799.79,aligned
481,11,y,2799.79,2799.85,aligned
481,12,chooid,2799.85,2800.15,aligned
481,13,share,2800.15,2800.57,aligned
482,0,tessen,2801.35,2801.68,aligned
482,1,sy,2801.68,2801.86,aligned
482,2,scoill,2801.86,2802.31,aligned
482,3,tessen,2802.70,2803.12,aligned
482,4,y,2803.15,2803.24,aligned
482,5,punt,2803.24,2803.54,aligned
482,6,brockey,2803.54,2803.90,aligned
482,7,lesh,2803.90,2804.14,aligned
482,8,freenaghyn,2804.14,2804.65,aligned
482,9,sauchys,2804.65,2805.25,aligned
483,0,y,2806.30,2806.36,aligned
483,1,shiaulteyr,2806.36,2806.93,aligned
483,2,rollageagh,2806.93,2807.62,aligned
483,3,va,2809.03,2809.15,aligned
483,4,shiu,2809.15,2809.54,aligned
483,5,gollrish,2809.93,2810.26,aligned
483,6,aghteyr,2810.29,2810.80,aligned
483,7,olk,2810.89,2811.28,aligned
483,8,ayns,2811.28,2811.55,aligned
483,9,thie,2811.55,2811.91,aligned
483,10,cloie,2811.94,2812.36,aligned
483,11,anchaarjagh,2812.45,2813.38,aligned
483,12,gyn,2813.83,2814.01,aligned
483,13,fys,2814.01,2814.40,aligned
483,14,er,2814.40,2814.55,aligned
483,15,ny,2814.55,2814.73,aligned
483,16,linnaghyn,2814.73,2815.24,aligned
483,17,ryheet,2815.24,2815.75,aligned
483,18,derrey,2816.20,2816.62,aligned
484,0,va,2816.62,2816.80,aligned
484,1,tessen,2816.89,2817.25,aligned
484,2,cur,2817.28,2817.49,aligned
484,3,cooinaghtyn,2817.49,2817.97,aligned
484,4,da,2817.97,2818.30,aligned
484,5,ren,2819.59,2819.86,aligned
484,6,mee,2819.86,2820.04,aligned
484,7,scrieu,2820.04,2820.64,aligned
484,8,as,2820.64,2820.82,aligned
484,9,scrieu,2820.82,2821.39,aligned
484,10,dy,2821.39,2821.54,aligned
484,11,ghreinnaghey,2821.54,2822.11,aligned
484,12,eh,2822.11,2822.38,aligned
484,13,as,2822.38,2822.62,aligned
484,14,ny,2823.01,2823.13,aligned
484,15,veggan,2823.13,2823.67,aligned
484,16,as,2823.67,2823.82,aligned
484,17,ny,2823.82,2823.94,aligned
484,18,veggan,2823.94,2824.42,aligned
484,19,haink,2824.90,2825.14,aligned
484,20,magh,2825.29,2825.71,aligned
484,21,y,2825.71,2825.77,aligned
484,22,skeeal,2825.77,2826.22,aligned
485,0,cha,2827.75,2827.87,aligned
485,1,ren,2827.87,2828.02,aligned
485,2,ad,2828.02,2828.17,aligned
485,3,gaidey,2828.17,2828.56,aligned
485,4,shooyl,2828.56,2828.92,aligned
485,5,mee,2828.92,2829.10,aligned
485,6,as,2829.10,2829.25,aligned
485,7,hiu,2829.25,2829.67,aligned
485,8,cha,2830.39,2830.51,aligned
485,9,ren,2830.51,2830.69,aligned
485,10,ad,2830.69,2830.84,aligned
485,11,goaill,2830.84,2831.14,aligned
485,12,mee,2831.14,2831.32,aligned
485,13,er-egin,2831.32,2831.80,aligned
485,14,dy,2831.80,2831.92,aligned
485,15,gholl,2831.92,2832.16,aligned
485,16,erboayrd,2832.16,2832.73,aligned
485,17,yn,2832.73,2832.82,aligned
485,18,jeshaght,2832.82,2833.33,aligned
485,19,oc,2833.33,2833.54,aligned
485,20,nyn,2833.54,2833.75,aligned
485,21,lheid,2833.75,2834.05,aligned
486,0,t'eh,2835.55,2835.82,aligned
486,1,gra,2835.82,2836.27,aligned
486,2,nagh,2836.27,2836.45,aligned
486,3,ren,2836.45,2836.66,aligned
486,4,ad,2836.66,2836.81,aligned
486,5,broddey,2836.81,2837.26,aligned
486,6,eh,2837.26,2837.44,aligned
486,7,as,2837.44,2837.59,aligned
486,8,ta,2837.59,2837.77,aligned
487,0,tannaghtyn,2839.90,2840.50,aligned
487,1,ayns,2840.50,2840.71,aligned
487,2,bwaane,2840.71,2841.10,aligned
487,3,laa,2841.10,2841.31,aligned
487,4,seyr,2841.31,2841.73,aligned
487,5,ayns,2841.73,2841.94,aligned
488,0,hie,2843.14,2843.41,aligned
488,1,kesteyder,2843.41,2843.95,aligned
488,2,ve,2843.95,2844.10,aligned
488,3,marish,2844.10,2844.46,aligned
488,4,shenn,2844.46,2844.88,aligned
488,5,charrey,2844.88,2845.27,aligned
488,6,scoill,2845.27,2845.72,aligned
488,7,as,2846.11,2846.29,aligned
488,8,va,2846.29,2846.35,aligned
488,9,rieau,2846.44,2846.65,aligned
488,10,craa,2846.65,2847.10,aligned
488,11,e,2847.10,2847.19,aligned
488,12,laue,2847.22,2847.64,aligned
488,13,jee,2847.64,2848.00,aligned
488,14,choud's,2848.00,2848.36,aligned
488,15,v'eh,2848.39,2848.54,aligned
488,16,goll,2848.54,2848.78,aligned
488,17,sy,2848.78,2848.96,aligned
488,18,ghleashtan,2848.96,2849.56,aligned
488,19,tra,2849.92,2850.13,aligned
488,20,honnick,2850.13,2850.49,aligned
488,21,eh,2850.49,2850.64,aligned
488,22,red,2850.64,2850.79,aligned
488,23,ennagh,2850.79,2851.03,aligned
488,24,quaagh,2851.06,2851.48,aligned
488,25,ayns,2851.48,2851.72,aligned
488,26,magher,2851.72,2852.11,aligned
488,27,arroo,2852.14,2852.53,aligned
489,0,cha,2853.46,2853.55,aligned
489,1,row,2853.55,2853.76,aligned
489,2,eh,2853.76,2853.85,aligned
489,3,gollrish,2853.88,2854.21,aligned
489,4,veg,2854.21,2854.45,aligned
489,5,erbee,2854.45,2854.78,aligned
489,6,elley,2854.78,2855.20,aligned
489,7,cha,2855.38,2855.53,aligned
489,8,doillee,2855.53,2855.92,aligned
489,9,ve,2855.92,2856.13,aligned
489,10,dy,2856.13,2856.25,aligned
489,11,chur,2856.25,2856.46,aligned
489,12,coontey,2856.46,2856.85,aligned
489,13,jeh,2856.85,2857.18,aligned
490,0,doillee,2858.23,2858.56,aligned
490,1,dy,2858.56,2858.71,aligned
490,2,yeeaghyn,2858.71,2859.04,aligned
490,3,er,2859.04,2859.34,aligned
490,4,foddee,2860.33,2860.66,aligned
490,5,dy,2860.66,2860.78,aligned
490,6,row,2860.78,2860.93,aligned
490,7,eh,2860.93,2861.05,aligned
490,8,feer,2861.05,2861.38,aligned
490,9,veg,2861.38,2861.80,aligned
490,10,ny,2861.92,2862.07,aligned
490,11,foddey,2862.07,2862.64,aligned
490,12,ersooyl,2862.64,2863.15,aligned
491,0,oddagh,2864.11,2864.50,aligned
491,1,shin,2864.50,2864.74,aligned
491,2,cheet,2864.74,2865.10,aligned
491,3,erash,2865.10,2865.55,aligned
491,4,gys,2865.55,2865.73,aligned
491,5,shen,2865.73,2865.94,aligned
491,6,ren,2866.57,2866.81,aligned
491,7,mee,2866.81,2866.93,aligned
491,8,screeu,2866.93,2867.26,aligned
491,9,noteyn,2867.26,2867.68,aligned
491,10,dy,2867.68,2867.77,aligned
491,11,breeoil,2867.77,2868.34,aligned
492,0,myr,2869.75,2869.84,aligned
492,1,shoh,2869.84,2870.14,aligned
492,2,hie,2870.20,2870.50,aligned
492,3,hew,2870.53,2870.83,aligned
492,4,dy,2870.83,2871.01,aligned
492,5,yeeaghyn,2871.01,2871.28,aligned
492,6,er,2871.28,2871.61,aligned
492,7,as,2872.39,2872.60,aligned
492,8,va,2872.60,2872.69,aligned
492,9,ny,2872.69,2872.81,aligned
492,10,deiney,2872.81,2873.17,aligned
492,11,shoh,2873.17,2873.74,aligned
493,0,beg,2874.52,2874.76,aligned
493,1,myr,2874.76,2875.00,aligned
493,2,v'ad,2875.00,2875.18,aligned
493,3,gollrish,2875.18,2875.51,aligned
493,4,paitchyn,2875.51,2876.08,aligned
493,5,as,2877.19,2877.46,aligned
493,6,beggan,2877.46,2877.76,aligned
493,7,tarhoilshagh,2877.97,2878.90,aligned
493,8,hug,2878.93,2879.14,aligned
493,9,caesar,2879.14,2879.50,aligned
493,10,cooinaght,2879.53,2879.95,aligned
493,11,aym,2879.95,2880.28,aligned
494,0,va,2881.57,2881.69,aligned
494,1,ny,2881.69,2881.81,aligned
494,2,turryssee,2881.87,2882.35,aligned
494,3,traa,2882.35,2882.74,aligned
494,4,booiagh,2882.74,2883.25,aligned
494,5,dy,2883.25,2883.37,aligned
494,6,loayrt,2883.37,2883.64,aligned
494,7,rish,2883.64,2883.79,aligned
494,8,shiu,2883.79,2884.18,aligned
495,0,er,2885.11,2885.26,aligned
495,1,yn,2885.26,2885.35,aligned
495,2,oyr,2885.35,2885.53,aligned
495,3,nagh,2885.53,2885.65,aligned
495,4,jinnagh,2885.68,2886.04,aligned
495,5,peiagh,2886.04,2886.46,aligned
495,6,erbee,2886.46,2886.79,aligned
495,7,dy,2886.79,2886.94,aligned
495,8,chredjal,2886.94,2887.36,aligned
496,0,myr,2888.50,2888.77,aligned
496,1,va,2888.92,2889.01,aligned
496,2,magh,2889.01,2889.46,aligned
496,3,cha,2891.05,2891.14,aligned
496,4,row,2891.14,2891.44,aligned
496,5,cha,2891.83,2892.01,aligned
496,6,row,2892.01,2892.16,aligned
496,7,ad,2892.16,2892.28,aligned
496,8,loayrt,2892.28,2892.52,aligned
496,9,y,2892.52,2892.58,aligned
496,10,vaarle,2892.58,2892.94,aligned
496,11,va,2893.45,2893.57,aligned
496,12,graih,2893.57,2893.93,aligned
496,13,oc,2893.93,2894.20,aligned
497,0,v'ad,2896.09,2896.24,aligned
497,1,goaill,2896.24,2896.54,aligned
497,2,yindys,2896.54,2897.05,aligned
497,3,ren,2897.11,2897.26,aligned
497,4,ta,2897.26,2897.44,aligned
497,5,sy,2897.44,2897.62,aligned
497,6,soilshaghey,2897.62,2898.13,aligned
497,7,magh,2898.13,2898.52,aligned
497,8,er,2898.76,2898.91,aligned
497,9,yn,2898.91,2899.03,aligned
497,10,oyr,2899.03,2899.18,aligned
497,11,nagh,2899.21,2899.33,aligned
497,12,vel,2899.33,2899.48,aligned
497,13,sleih,2899.48,2899.81,aligned
497,14,dy,2899.81,2899.96,aligned
497,15,cadjin,2899.96,2900.53,aligned
497,16,fakin,2900.53,2901.07,aligned
497,17,ad,2901.07,2901.28,aligned
498,0,dooyrt,2902.00,2902.24,aligned
498,1,ad,2902.24,2902.42,aligned
498,2,dy,2902.42,2902.51,aligned
498,3,row,2902.51,2902.69,aligned
498,4,feme,2902.69,2903.11,aligned
498,5,er,2903.11,2903.17,aligned
498,6,sorch,2903.20,2903.74,aligned
498,7,erlheh,2903.74,2904.19,aligned
498,8,dty,2904.19,2904.31,aligned
498,9,inchyn,2904.31,2904.79,aligned
498,10,dooyrt,2905.00,2905.21,aligned
498,11,ee,2905.21,2905.30,aligned
498,12,neesht,2905.30,2905.66,aligned
498,13,shen,2906.14,2906.56,aligned
498,14,va,2906.56,2906.71,aligned
498,15,mee,2906.71,2906.89,aligned
498,16,ginsh,2906.89,2907.28,aligned
498,17,da,2907.28,2907.49,aligned
498,18,rieau,2907.49,2907.94,aligned
499,0,v'ad,2910.01,2910.19,aligned
499,1,geearree,2910.19,2910.49,aligned
499,2,feddyn,2910.49,2910.79,aligned
499,3,magh,2910.79,2911.18,aligned
499,4,row,2911.18,2911.33,aligned
499,5,fys,2911.33,2911.63,aligned
499,6,echey,2911.63,2911.90,aligned
499,7,er,2911.90,2912.11,aligned
499,8,eiyrtys,2912.20,2912.65,aligned
499,9,yn,2912.65,2912.74,aligned
499,10,count,2912.74,2913.13,aligned
500,0,dooyrt,2914.27,2914.51,aligned
500,1,mee,2914.51,2914.69,aligned
500,2,nagh,2914.69,2914.84,aligned
500,3,row,2914.87,2915.05,aligned
500,4,shen,2915.05,2915.35,aligned
500,5,ry,2915.35,2915.53,aligned
500,6,laccal,2915.53,2915.80,aligned
500,7,monney,2915.80,2916.13,aligned
500,8,sy,2916.13,2916.31,aligned
500,9,cheird,2916.31,2916.64,aligned
500,10,thie,2916.64,2916.94,aligned
500,11,stoyr,2916.94,2917.51,aligned
501,0,ren,2918.71,2918.89,aligned
501,1,mee,2918.89,2919.04,aligned
501,2,screeu,2919.04,2919.37,aligned
501,3,sheese,2919.37,2919.64,aligned
501,4,shen,2919.64,2919.97,aligned
501,5,linney,2920.24,2920.54,aligned
501,6,mie,2920.54,2920.84,aligned
501,7,eh,2920.84,2920.96,aligned
501,8,hirmee,2922.46,2922.88,aligned
501,9,fys,2922.88,2923.18,aligned
501,10,er,2923.18,2923.33,aligned
501,11,tessen,2923.33,2923.78,aligned
502,0,cre'n,2924.80,2925.07,aligned
502,1,fa,2925.07,2925.37,aligned
502,2,nagh,2925.37,2925.49,aligned
502,3,jagh,2925.52,2925.88,aligned
502,4,ad,2925.88,2926.03,aligned
502,5,lesh,2926.03,2926.21,aligned
502,6,shilley,2926.21,2926.66,aligned
502,7,er,2926.66,2927.08,aligned
502,8,y,2927.47,2927.53,aligned
502,9,chrossey,2927.53,2928.04,aligned
502,10,ny,2928.10,2928.31,aligned
502,11,lhiggey,2928.61,2928.91,aligned
502,12,sheese,2928.91,2929.24,aligned
502,13,jir,2929.24,2929.63,aligned
502,14,kay,2929.63,2930.02,aligned
503,0,cre'n,2930.71,2930.95,aligned
503,1,fa,2930.95,2931.37,aligned
503,2,yinnagh,2931.37,2931.73,aligned
503,3,troailtee,2931.73,2932.30,aligned
503,4,traa,2932.30,2932.78,aligned
503,5,roie,2933.05,2933.53,aligned
503,6,magher,2933.65,2934.13,aligned
503,7,ayns,2934.19,2934.52,aligned
503,8,divlyn,2934.52,2934.88,aligned
504,0,foddee,2936.26,2936.68,aligned
504,1,dy,2936.68,2936.80,aligned
504,2,row,2936.80,2936.98,aligned
504,3,ad,2936.98,2937.07,aligned
504,4,goaill,2937.07,2937.40,aligned
504,5,aash,2937.40,2937.88,aligned
504,6,goll,2938.15,2938.39,aligned
504,7,son,2938.39,2938.63,aligned
504,8,shynnee,2938.63,2939.11,aligned
504,9,cheuchooylloo,2939.11,2939.74,aligned
504,10,jehn,2939.74,2940.01,aligned
504,11,cloie,2940.01,2940.49,aligned
505,0,shen,2941.09,2941.36,aligned
505,1,ta,2941.36,2941.48,aligned
505,2,deiney,2941.48,2941.90,aligned
505,3,jannoo,2941.90,2942.23,aligned
505,4,tra,2942.23,2942.44,aligned
505,5,ta,2942.44,2942.59,aligned
505,6,goll,2942.59,2942.83,aligned
505,7,turrys,2942.83,2943.22,aligned
505,8,ayns,2943.22,2943.43,aligned
505,9,couch,2943.43,2943.91,aligned
506,0,minnid,2944.93,2945.17,aligned
506,1,daink,2945.17,2945.47,aligned
506,2,ad,2945.47,2945.59,aligned
506,3,er-lheh,2945.59,2946.13,aligned
506,4,lesh,2946.16,2946.37,aligned
506,5,shilley,2946.37,2946.70,aligned
506,6,er,2946.70,2946.82,aligned
506,7,hiu,2946.85,2947.24,aligned
507,0,foddee,2948.53,2948.77,aligned
507,1,dy,2948.77,2948.86,aligned
507,2,vel,2948.86,2949.04,aligned
507,3,palchey,2949.04,2949.43,aligned
507,4,jeh'n,2949.43,2949.70,aligned
507,5,red,2949.70,2949.91,aligned
507,6,shen,2949.91,2950.21,aligned
507,7,elley,2950.21,2950.51,aligned
507,8,condom,2950.54,2950.90,aligned
507,9,echey,2950.90,2951.20,aligned
508,0,as,2952.67,2952.82,aligned
508,1,cha,2952.82,2952.97,aligned
508,2,row,2952.97,2953.12,aligned
508,3,broddey,2953.12,2953.63,aligned
508,4,erbee,2953.63,2954.02,aligned
508,5,ayn,2954.02,2954.35,aligned
508,6,dooarchoo,2954.68,2955.19,aligned
508,7,neesht,2955.19,2955.55,aligned
508,8,dy,2955.61,2955.70,aligned
508,9,yannoo,2955.70,2955.94,aligned
508,10,clieau,2955.97,2956.24,aligned
508,11,shen,2956.27,2956.66,aligned
509,0,va,2958.43,2958.55,aligned
509,1,duillagyn,2958.55,2959.03,aligned
509,2,dy,2959.03,2959.15,aligned
509,3,noteyn,2959.15,2959.60,aligned
509,4,aym,2959.60,2959.81,aligned
509,5,linnaghyn,2960.44,2961.16,aligned
509,6,fou,2961.16,2961.67,aligned
509,7,scryssit,2962.12,2962.75,aligned
509,8,magh,2962.75,2963.26,aligned
509,9,ayns,2963.53,2963.77,aligned
509,10,lettyryn,2963.77,2964.28,aligned
509,11,mooarey,2964.28,2964.70,aligned
510,0,ta,2966.35,2966.50,aligned
510,1,inchyn,2966.53,2967.04,aligned
510,2,ny,2967.31,2967.46,aligned
510,3,reddyn,2967.46,2967.82,aligned
510,4,smoo,2967.82,2968.18,aligned
510,5,cramp,2968.18,2968.51,aligned
510,6,t'ayn,2968.57,2968.87,aligned
511,0,ta,2969.83,2969.95,aligned
511,1,shin,2969.95,2970.19,aligned
511,2,dreamal,2970.19,2970.79,aligned
511,3,ta,2971.63,2971.75,aligned
511,4,shin,2971.75,2971.96,aligned
511,5,sheiltyn,2971.96,2972.53,aligned
511,6,reddyn,2972.53,2972.86,aligned
512,0,as,2973.85,2974.00,aligned
512,1,ny,2974.00,2974.12,aligned
512,2,keayrtyn,2974.12,2974.57,aligned
512,3,t'eh,2974.57,2974.78,aligned
512,4,cheet,2974.78,2975.05,aligned
512,5,magh,2975.05,2975.41,aligned
512,6,gys,2975.44,2975.62,aligned
512,7,soilshey,2975.62,2976.04,aligned
512,8,yn,2976.04,2976.13,aligned
512,9,laa,2976.13,2976.58,aligned
513,0,va,2977.84,2977.96,aligned
513,1,shiu,2977.96,2978.29,aligned
513,2,credjal,2978.29,2978.77,aligned
513,3,eh,2978.77,2978.95,aligned
513,4,as,2979.79,2979.97,aligned
513,5,va,2979.97,2980.06,aligned
513,6,tessen,2980.06,2980.42,aligned
513,7,credjal,2980.45,2980.84,aligned
513,8,hiu,2980.87,2981.23,aligned
514,0,as,2982.22,2982.40,aligned
514,1,va,2982.40,2982.49,aligned
514,2,mish,2982.49,2982.91,aligned
514,3,cosney,2983.12,2983.57,aligned
514,4,phrental,2983.57,2983.99,aligned
514,5,myr,2984.47,2984.56,aligned
514,6,shoh,2984.56,2984.83,aligned
514,7,kiart,2984.83,2985.16,aligned
514,8,dy,2985.16,2985.25,aligned
514,9,mie,2985.25,2985.49,aligned
514,10,dou,2985.49,2985.76,aligned
514,11,screeu,2985.76,2986.06,aligned
514,12,sheese,2986.06,2986.42,aligned
514,13,eh,2986.42,2986.54,aligned
514,14,myr,2986.63,2986.75,aligned
514,15,dy,2986.75,2986.87,aligned
514,16,beagh,2986.87,2987.14,aligned
514,17,shen,2987.14,2987.44,aligned
514,18,ny,2987.44,2987.59,aligned
514,19,haghyr,2987.59,2988.07,aligned
515,0,ansherbee,2989.63,2990.32,aligned
515,1,cha,2990.38,2990.56,aligned
515,2,jinnagh,2990.56,2990.89,aligned
515,3,peiagh,2990.89,2991.25,aligned
515,4,erbee,2991.25,2991.55,aligned
515,5,rieau,2991.58,2991.82,aligned
515,6,lhaih,2991.97,2992.30,aligned
516,0,ghow,2994.67,2994.91,aligned
516,1,mee,2994.91,2995.09,aligned
516,2,tastey,2995.09,2995.63,aligned
516,3,dy,2995.63,2995.75,aligned
516,4,row,2995.75,2995.93,aligned
516,5,caa,2995.93,2996.14,aligned
516,6,sy,2996.14,2996.35,aligned
516,7,jeeaghyn,2996.35,2996.68,aligned
516,8,orrym,2996.68,2996.92,aligned
517,0,ta'n,2998.33,2998.51,aligned
517,1,ta,2998.51,2998.84,aligned
517,2,ard,2998.84,2999.02,aligned
517,3,er,2999.02,2999.17,aligned
517,4,jeet,2999.17,2999.44,aligned
517,5,dy,2999.44,2999.53,aligned
517,6,ve,2999.53,2999.71,aligned
517,7,feayr,2999.71,3000.16,aligned
517,8,as,3000.25,3000.40,aligned
517,9,ish,3000.40,3000.76,aligned
518,0,cha,3001.51,3001.84,aligned
518,1,row,3001.84,3002.05,aligned
518,2,ee,3002.05,3002.23,aligned
518,3,ny,3002.23,3002.38,aligned
518,4,ommidan,3002.38,3002.95,aligned
518,5,as,3002.95,3003.19,aligned
518,6,cha,3003.52,3003.64,aligned
518,7,s'ayms,3003.64,3004.09,aligned
518,8,nagh,3004.09,3004.24,aligned
518,9,bee,3004.24,3004.39,aligned
518,10,fakin,3004.39,3004.81,aligned
518,11,syn,3004.81,3005.02,aligned
518,12,eddin,3005.02,3005.32,aligned
518,13,aym,3005.32,3005.50,aligned
518,14,agh,3005.50,3005.80,aligned
518,15,v'ee,3006.22,3006.58,aligned
518,16,mollit,3006.58,3007.12,aligned
518,17,lhiam,3007.12,3007.45,aligned
519,0,lurg,3009.07,3009.28,aligned
519,1,shen,3009.28,3009.58,aligned
519,2,as,3009.58,3009.73,aligned
519,3,ooilley,3009.73,3010.15,aligned
519,4,ren,3010.33,3010.54,aligned
519,5,ee,3010.54,3010.66,aligned
519,6,creedlagh,3010.66,3011.23,aligned
519,7,cre'n,3011.26,3011.56,aligned
519,8,aght,3011.56,3011.83,aligned
519,9,vel,3011.83,3011.95,aligned
519,10,oo,3011.95,3012.01,aligned
519,11,smooinaghtyn,3012.01,3012.49,aligned
519,12,dy,3012.49,3012.55,aligned
519,13,dooar,3012.55,3012.79,aligned
519,14,shin,3012.79,3013.09,aligned
519,15,ny,3013.24,3013.39,aligned
519,16,earrooyn,3013.39,3013.84,aligned
519,17,shen,3013.84,3014.20,aligned
519,18,son,3014.20,3014.44,aligned
519,19,y,3014.44,3014.53,aligned
519,20,chronchor,3014.53,3015.22,aligned
520,0,eisht,3016.48,3016.90,aligned
520,1,hie,3017.47,3017.71,aligned
520,2,eh,3017.71,3017.77,aligned
520,3,magh,3017.77,3018.10,aligned
520,4,dy,3018.10,3018.22,aligned
520,5,foddey,3018.22,3018.64,aligned
520,6,y,3018.64,3018.70,aligned
520,7,chur,3018.70,3018.94,aligned
520,8,oo,3018.94,3019.06,aligned
520,9,veg,3019.06,3019.39,aligned
521,0,ren,3020.83,3021.13,aligned
521,1,shiu,3021.13,3021.46,aligned
521,2,sinkeil,3021.46,3022.09,aligned
521,3,sheese,3022.09,3022.45,aligned
521,4,dy,3022.51,3022.60,aligned
521,5,moal,3022.60,3022.96,aligned
521,6,dy,3022.96,3023.11,aligned
521,7,ve,3023.11,3023.56,aligned
521,8,assaaragh,3023.95,3024.82,aligned
522,0,gollrish,3025.42,3025.75,aligned
522,1,fillym,3025.75,3026.26,aligned
522,2,har,3026.41,3026.80,aligned
522,3,traa,3026.80,3027.31,aligned
522,4,jeh,3027.31,3027.58,aligned
522,5,red,3027.58,3027.76,aligned
522,6,ennagh,3027.76,3028.09,aligned
522,7,goll,3028.09,3028.33,aligned
522,8,er,3028.33,3028.45,aligned
522,9,molkey,3028.45,3028.90,aligned
523,0,cho,3029.68,3029.86,aligned
523,1,kiune,3029.86,3030.46,aligned
523,2,yn,3030.46,3030.55,aligned
523,3,chamyr,3030.55,3031.21,aligned
523,4,dy,3031.66,3031.75,aligned
523,5,voddin,3031.75,3032.20,aligned
523,6,bunnys,3032.23,3032.59,aligned
523,7,clashtyn,3032.59,3033.16,aligned
523,8,troddan,3033.16,3033.79,aligned
523,9,bluckan-coshey,3033.82,3034.90,aligned
523,10,sy,3034.90,3035.08,aligned
523,11,foddid,3035.08,3035.68,aligned
523,12,goll,3036.04,3036.31,aligned
523,13,er,3036.31,3036.46,aligned
523,14,cloie,3036.49,3036.91,aligned
523,15,ayns,3036.91,3037.12,aligned
523,16,ny,3037.12,3037.24,aligned
523,17,magheryn,3037.24,3037.66,aligned
523,18,scoill,3037.66,3038.17,aligned
524,0,yn,3045.04,3045.16,aligned
524,1,skeeal,3045.16,3045.70,aligned
524,2,ny,3045.97,3046.09,aligned
524,3,jean,3046.09,3046.33,aligned
524,4,briwnys,3046.33,3046.90,aligned
524,5,er,3046.90,3047.05,aligned
524,6,lioar,3047.08,3047.56,aligned
524,7,rere,3047.71,3048.04,aligned
524,8,y,3048.04,3048.10,aligned
524,9,coodagh,3048.10,3048.73,aligned
524,10,scruit,3049.06,3049.42,aligned
524,11,hoshiaght,3049.42,3049.87,aligned
524,12,sy,3049.87,3049.99,aligned
524,13,vaarle,3049.99,3050.38,aligned
524,14,ec,3050.38,3050.50,aligned
524,15,david,3050.50,3050.86,aligned
524,16,boggey,3050.86,3051.37,aligned
524,17,as,3051.64,3051.79,aligned
524,18,chyndait,3051.79,3052.33,aligned
524,19,sy,3052.33,3052.48,aligned
524,20,ghaelg,3052.48,3052.81,aligned
524,21,son,3052.81,3053.11,aligned
524,22,claare,3053.11,3053.53,aligned
524,23,ny,3053.59,3053.65,aligned
524,24,gael,3053.65,3054.04,aligned
524,25,fastyr,3054.28,3054.70,aligned
524,26,beg,3054.70,3054.91,aligned
524,27,yn,3054.91,3055.03,aligned
524,28,doonee,3055.03,3055.42,aligned
525,0,as,3056.26,3056.65,aligned
525,1,er,3056.65,3056.74,aligned
525,2,shen,3056.74,3057.01,aligned
525,3,ta,3057.01,3057.16,aligned
525,4,shin,3057.16,3057.40,aligned
525,5,er,3057.40,3057.55,aligned
525,6,jeet,3057.64,3057.88,aligned
525,7,gys,3057.94,3058.09,aligned
525,8,jerrey,3058.09,3058.45,aligned
525,9,fo,3058.45,3058.69,aligned
525,10,freaylley,3058.69,3059.05,aligned
525,11,shoh,3059.05,3059.47,aligned
525,12,abbyr,3059.65,3059.95,aligned
525,13,shen,3059.95,3060.25,aligned
525,14,reesht,3060.25,3060.64,aligned
526,0,as,3061.21,3061.42,aligned
526,1,myr,3061.42,3061.54,aligned
526,2,shoh,3061.54,3061.90,aligned
526,3,slane,3062.11,3062.53,aligned
526,4,lhiu,3062.53,3062.71,aligned
526,5,un,3075.46,3075.64,aligned
527,0,the,3078.28,3078.37,aligned
527,1,island,3078.73,3078.97,aligned
527,2,is,3079.33,3079.45,aligned
527,3,twenty,3079.45,3079.72,aligned
527,4,tree,3079.72,3079.90,aligned
527,5,pounds,3079.90,3080.14,aligned
527,6,neddy,3080.20,3080.50,aligned
527,7,veih,3080.56,3080.77,aligned
527,8,femeyn,3080.77,3081.31,aligned
528,0,bee,3083.68,3083.86,aligned
528,1,dty,3083.95,3084.04,aligned
528,2,hie,3084.25,3084.52,aligned
529,0,with,3085.54,3085.72,aligned
529,1,super,3085.72,3086.02,aligned
529,2,boss,3086.02,3086.35,aligned
529,3,plus,3086.41,3086.59,aligned
529,4,broad,3086.68,3086.92,aligned
529,5,band,3086.92,3087.25,aligned
529,6,from,3087.34,3087.49,aligned
529,7,shoh,3087.49,3087.97,aligned
529,8,visit,3089.26,3089.53,aligned
529,9,in,3090.01,3090.13,aligned
529,10,douglas,3090.13,3090.61,aligned
529,11,ramsey,3090.67,3091.03,aligned
529,12,yn,3091.03,3091.15,aligned
529,13,phurt,3091.15,3091.39,aligned
529,14,aerin,3091.39,3091.81,aligned
530,0,clink,3092.38,3092.59,aligned
530,1,shoh,3092.59,3093.01,aligned
530,2,da'n,3096.49,3096.67,aligned
530,3,shin,3097.03,3097.18,aligned
530,4,dy,3097.18,3097.30,aligned
530,5,vie,3097.30,3097.66,aligned
